texte,AVIS,RECLAMATION,SUGGESTION,EXPERIENCE,source,valide_humain
"Contrairement aux idées reçues le traceur GPS est très précis, dumoins avec vivoactive 3 Music.. Très motivant pour la suite. Je conseil garmin",1,0,0,1,dataset_apia2022,1
Application très pratique et fiable.,1,0,0,0,dataset_apia2022,1
jadore ma montre,1,0,0,0,dataset_apia2022,1
"Super application, je l'utilise synchronisé avec ma fenix3 et j'adore",1,0,0,1,dataset_apia2022,1
Super !,1,0,0,0,dataset_apia2022,1
"Application très pratique et très simple d'utilisation. Une fois la montre couplée pour la première fois, tout se fait automatiquement. Néanmoins, depuis quelques temps, les données d'altitude sont totalement faussées !",1,1,0,0,dataset_apia2022,1
Suivis du sommeil cardio nombre de pas avec la distance dans la journée .impeccable,1,0,0,1,dataset_apia2022,1
Sympa et précis !,1,0,0,0,dataset_apia2022,1
Très satisfait,1,0,0,0,dataset_apia2022,1
"bonjour, le calendrier ne se synchronise plus... en pleine préparation semi marathon avec une montre à 200 euro ça l a fout mal :/ le calendrier va jusqu en juin et pas plus loin.. j ai essayé bcp de manipulation en vain..",0,1,0,0,dataset_apia2022,1
fonctionne parfaitement bien,1,0,0,0,dataset_apia2022,1
"Il ne manque plus que la création de parcours comme sur le site et ce 
serait parfait.",0,0,1,0,dataset_apia2022,1
"Tout fonctionne, application complète",1,0,0,0,dataset_apia2022,1
J'adore mais des fois des problème de connexion. Dommage,1,1,0,0,dataset_apia2022,1
"Bien sans plus. Je préfère largement l'interface de Strava avec ses informations plus condensées ou celle de Training Peaks qui affiche mon état de fitness, forme et fatigue. Je ne comprends toujours pas pourquoi on trouve Golf en accès direct sur le bandeau de gauche, pourquoi ne pas mettre yoga, musculation, running, vélo, ... ou alors le rendre paramétrable.",1,0,1,1,dataset_apia2022,1
application sympa mais pas très pratique à utiliser en historique d'activités.,1,0,0,1,dataset_apia2022,1
Incroyable de ne pas pouvoir détecter une montre à 300 euros en bluetooth... Jamais eu ce problème chez la concurrence,0,1,0,0,dataset_apia2022,1
Grosse consommation en arrière plan depuis quelques temps !,0,1,0,0,dataset_apia2022,1
Le sommeil ainsi que l'hydratation application et montre ne se connecte pas normalement.,0,1,0,0,dataset_apia2022,1
Bonjour lorsque que fermé l'application cela deconnecte ma montre de mon téléphone. Est ce normal ?,0,1,0,0,dataset_apia2022,1
Depuis deux semaines la synchronisation ne fonctionne pas. Je ne reçois plus les notifications sur ma montre très pénible. Je pensais que c'est à cause de mon changement de téléphone huawei p30 mais vu les commentaires ça a l'air d'être le cas de beaucoup de monde,0,1,0,0,dataset_apia2022,1
"Depuis la dernière mise à jour je n ai plus de synchronisation directe, il faut passer par le menu et forcer la synchronisation, voir des fois désinstaller et réinstaller l'appli. Pourriez-vous faire quelque chose. Merci",0,1,0,0,dataset_apia2022,1
Très complet !,1,0,0,0,dataset_apia2022,1
Super appli couplée avec une Fenix 3 : c'est top. La saisie des entraînements est super intuitive et vraiment efficace à utiliser.,1,0,0,1,dataset_apia2022,1
Je n'arrive pas à mémoriser mon poids sinon tout est bon,0,1,0,0,dataset_apia2022,1
"tres bonne application, bien détaillé, facile d'accès, on peut consulter après une course, partager prendre des photos. parfait pour programmer des entraînements et créer des entraînements. je suis très satisfait de cette application.",1,0,0,0,dataset_apia2022,1
Bonjour. avant cela fonctionnait à merveille mais depuis la mise à jour de mars peut cela bug. fréquences cardiaques ni le sommeille plus les activités...désinstaller réinstallés rien à faire au secours....,1,1,0,0,dataset_apia2022,1
Depuis la nouvelle mise à jour l'application ne fonctionne plus. L'erreur Connect s'arrête systématiquement s'affiche a chaque fois.,0,1,0,0,dataset_apia2022,1
Top appli avec les accessoires Garmin,1,0,0,0,dataset_apia2022,1
Impossible de mettre un nouvel écran de montre sur une Fenix 6x pro... Peut être qu'un jour Garmin réagira et corrigera les différents pb......,0,1,0,0,dataset_apia2022,1
"Facile d'utilisation, toute vos données en un instant",1,0,0,1,dataset_apia2022,1
Mauvaise 🤬,1,0,0,0,dataset_apia2022,1
fière de Garmin Connect. je vous la recommandation,1,0,0,0,dataset_apia2022,1
"Ce qui est dommage c'est de ne pas avoir les mêmes info sur cell que sur site internet. Par exemple, es objectifs et leur résultat.",0,1,0,0,dataset_apia2022,1
Excellente,1,0,0,0,dataset_apia2022,1
"Super, depuis la mise à jour de l'appli, impossible de connecter ma montre Fenix 5 à mon tel honor 6x. Merci Garmin mais c'est honteux de publier des mises à jour de cette qualité. Une Fenix 5 n'est pas gratuite ! Je fais quoi maintenant ?",0,1,0,0,dataset_apia2022,1
"Nombreuses options de suivi et de visualisation, mais interface encore un peu complexe.",0,0,0,1,dataset_apia2022,1
"No bug yet, good app for a good watch. I use a vivoactive 3",1,0,0,1,dataset_apia2022,1
Première et dernière fois ! Garmin pffff  La balance est tres bien mais c'est l'appli qui pue. Impossible de paramétrer correctement. C'EST NUL !!! Vous tuez le produit les fabricants devraient se retourner contre vous!,0,1,0,0,dataset_apia2022,1
Pas mal / plus complet que runtastic / dépendance à la montre GPS,1,0,0,0,dataset_apia2022,1
Excellent,1,0,0,0,dataset_apia2022,1
Geniale,1,0,0,0,dataset_apia2022,1
L'application ne garde pas en mémoire le couplage entre la montre et mon téléphone dès que la montre se déconnecte. Merci de corriger celà.,0,1,0,0,dataset_apia2022,1
Utile pour progresser,0,0,0,1,dataset_apia2022,1
"Beug beug beug!!!Ma montre vibre tous les ¼ d'heure pour m'indiquer la connexion avec mon téléphone...je n'ai plus l'activité sommeil.... Je ne vois plus les défis qu'on me lance, je ne reçois plus les notifications de mon tél sur ma montre comme les sms.... Le problème vient de l'appli ? De ma montre ?? Des 2?? Une cata, alors que ya une dizaine de jours tout allait bien ....",0,1,0,0,dataset_apia2022,1
Super montre ⌚ mais depuis la nouvelle mise à jour je ne reçois plus les notifications sur ma montre garmin forerunner 35 😭😭😭😭,1,1,0,0,dataset_apia2022,1
Nickel,1,0,0,0,dataset_apia2022,1
L'application est top mais surtout Garmin est la Rolls-Royce des montres sportives. Merci pour toutes les données que nous pouvons retrouver grâce a vos produits. 10 étoiles sur 5 !!!!!,1,0,0,1,dataset_apia2022,1
Garmin 230 au top! Connexion ultra rapide parfaite pour moi,1,0,0,1,dataset_apia2022,1
Excellente application .,1,0,0,0,dataset_apia2022,1
superbe application très juste,1,0,0,0,dataset_apia2022,1
Excellent efficace rapide clair,1,0,0,0,dataset_apia2022,1
Les activités cyclisme sont cumulées avec celles de la course à pied. L'affichage des km mensuel est faussé,0,1,0,0,dataset_apia2022,1
"J'ai acheté cette montre depuis 1 mois. Le suivi est très bon. Pas de 
problème de connexion. L'analyse du suivi d'activité est pas mal. Je 
conseille ce produit.",1,0,0,1,dataset_apia2022,1
"Fonctionne très bien. Est associée à une Forunner 45. Parfaitement stable. Demande quelques jours de tâtonnement pour une bonne prise en main. L'application est en effet complexe dans la mesure où elle offre un grand nombre de possibilités. Idéale pour suivre les entraînements, retrouver toutes les stats, cartes Google maps avec tracé de parcours réalisé, etc.",1,0,0,1,dataset_apia2022,1
Appli complète et stimulante.,1,0,0,0,dataset_apia2022,1
Garmin fait partis des meilleurs équipements connectés au monde!,1,0,0,0,dataset_apia2022,1
Problème de Bluetooth avec Huawei. Se déconnecte si appli fermée...,0,1,0,0,dataset_apia2022,1
"Bonne application dans l'ensemble mais dans les équipements il manque l'option ""trail"" ""vtt"", ""ski "" , ""ski de randonnée "" , ""ski de fond"" car lorsque l'on fait plusieurs activités différente on doit a chaque fois changer l'équipement de base. Donc merci de rajouter ces options.",1,0,1,0,dataset_apia2022,1
Top,1,0,0,0,dataset_apia2022,1
Très bien !,1,0,0,0,dataset_apia2022,1
"Déçue depuis quelques temps d'avoir une vulgaire montre qui donne juste l'heure. Fini les notifications.... Toujours le même blabla ""les notifications Android se sont arrêtées de façon inattendue. Pour restaurer les notifications sur Garmin, il suffit de redémarrer mon téléphone ..."" Ça se saurait si cela fonctionnait !!!!! Je suis déçue par cette montre qui fonctionnait bien il y a encore 4 mois. Réfléchissez avant d'acheter Garmin !!!! Obligée de mettre une étoile, 0 c'est impossible 🤬",1,1,0,0,dataset_apia2022,1
"Cela fait déjà 5 mois que j'ai acheté ma vivosmart HR et je l'ai connecté en premier à mon wiko ridge, puis à mon Huawei P9 et aucun soucis avec ces deux téléphones. L'application marche niquel. Enjoy",1,0,0,1,dataset_apia2022,1
"De nombreuses données à disposition (trop peut être), facile à utiliser, j'en suis très content.",1,0,0,1,dataset_apia2022,1
"Aucun problème pendant 1 année ! Mais depuis 1mois voire un peu plus, très difficile de synchroniser la montre avec l'application. Il faut sans cesse désinstaller l'application, éteindre la montre et parfois sans succès. En cliquant sur mes paramètres Bluetooth, mon smartphone m'indique que pour me connecter une application est requise ( AH BON?) A CORRIGER RAPIDEMENT SVP",0,1,0,0,dataset_apia2022,1
"Bonne application quand elle fonctionne. Mais la stabilité est atroce, déconnexions intempestives, impossible de communiquer avec le serveur, et j'en passe... Vraiment dommage car les produits Garmin sont de qualité. Mais si l'applicatif ne suit pas, ça perd une bonne partie de son intérêt. Je ne recommande pas Garmin à cause de ça.",1,1,0,0,dataset_apia2022,1
"Agréablement surpris par cette application, je recommande !",1,0,0,0,dataset_apia2022,1
"Incompatible avec Huawei P10 lite !!! Cela fonctionnait nickel avec mon ancien Oneplus One, je suis hyper déçu (d'autant plus que ce modèle ne figure pas dans la liste des téléphones à  problèmes chez Garmin) Le support à été très succin, et propose de faire la synchronisation avec un PC, on ce moque du monde !!! ; même pas sur que le pb est été remonté à l'ingénierie... Je n'ai plus qu' à mettre ma montre à 150€ vivosmart3 dans un tiroir !!!!!!",1,1,0,0,dataset_apia2022,1
magnifique expérience,1,0,0,0,dataset_apia2022,1
Wow,1,0,0,0,dataset_apia2022,1
"Pour moi nickel, reste quelques petites options à retoucher : miles/km, les programmes d'entraînements non pris en compte par la montre, mais agréablement content par l'ensemble. Donc 4 étoiles. 🦿🦾",1,0,1,0,dataset_apia2022,1
Très bien pour un amateur.,1,0,0,0,dataset_apia2022,1
Est-ce que le capteur de vitesse et cadence GARMIN 2 est compatible avec l'application TACX TRAINING ?,0,1,0,0,dataset_apia2022,1
J adore . Ca motive,1,0,0,0,dataset_apia2022,1
"Super appli mais impossible de connecter ma Fenix 3 depuis 5 jours. A priori le souci est souvent signalé ces derniers jours, merci de faire quelque chose. Sportivement",1,1,0,0,dataset_apia2022,1
application complete et facile 👍,1,0,0,0,dataset_apia2022,1
TOP!!!,1,0,0,0,dataset_apia2022,1
Très content jusque il y a 3 mois depuis la mise à jour il n'y a plus de synchronisation avec mon huawei p-9 Lite... Rien ne marche plus donc sur l'application!  13/1 : toujours aucune synchronisation entre les mon p9 lite et ma montre...  14/1 : nouvelle MAJ et toujours rien 2/2. Mise à jour 4.0 et ca ne fonctionne toujours pas. Aucune synchronisation possible...,1,1,0,0,dataset_apia2022,1
Superbe!,1,0,0,0,dataset_apia2022,1
Depuis la dernière mise à jour je n'arrive plus à transférer mes parcours de l'application Garmin connect vers mon Edge 1000😤,0,1,0,0,dataset_apia2022,1
J'adore,1,0,0,0,dataset_apia2022,1
J'utilise l'application depuis plusieurs années et celle ci fonctionne de mieux en mieux car elle prend de plus en plus de fonctionnalités.👍👍👍,1,0,0,1,dataset_apia2022,1
je télécharge l'application mais je n'arrive ni a me connecter a mon compt ni a creer un nouveau compt . de l'aide svp.,0,1,0,0,dataset_apia2022,1
Impossible de se connecter s6 edge plus,0,1,0,0,dataset_apia2022,1
Parfait..... Quels rares bugs.....,1,1,0,0,dataset_apia2022,1
"J'avais mis 4 étoiles mais depuis la dernière mise à jour plus rien ne fonctionne. Je perds les notifications sur ma montre après 2-3 jours, je n'ai plus que les appels. Obligé de désinstaller et réinstaller et encore ça ne fonctionne pas à tout les coups. Je sais que ça ne fonctionnera plus dès que j'ai la notification Garmin device qui est impossible à enlever...",1,1,0,0,dataset_apia2022,1
Super,1,0,0,0,dataset_apia2022,1
Très bonne application complète,1,0,0,0,dataset_apia2022,1
Je découvre suite à l'achat d'une fenix 5S plus et je suis satisfait des données que je peux consulter via l'application.,0,0,0,1,dataset_apia2022,1
"Impossible de créer un compte, je ne peux pas rentrer mes données",0,1,0,1,dataset_apia2022,1
"Permet de bien connaître ces stats et apprendre a se connaître. Surtout pour la course, très pratique pour les parcours et navigation et entraînement.",0,0,0,1,dataset_apia2022,1
Rien à dire marche très bien,1,0,0,0,dataset_apia2022,1
Depuis la dernière mise à jour: - Garmin pay a Sauter impossible de remettre en route il ne détecte pas la montre. - La distance entre la connexion bluetooth de la montre et le téléphone s'est réduite. Il faut que je sois dans la même pièce pour avoir les notifications. Ce n'était pas le cas auparavant. - Les données de la fréquence cardiaque sont fausses. Elles étaient bonnes auparavant. - Déclenchement intempestif de l'auto pause sur un parcours trail que je fais chaque semaine.,0,1,0,0,dataset_apia2022,1
Bon outil mais quelque difficultés pour comprendre au début,1,0,0,1,dataset_apia2022,1
Très bonne application!,1,0,0,0,dataset_apia2022,1
Pas mal du tout,1,0,0,0,dataset_apia2022,1
j adore,1,0,0,0,dataset_apia2022,1
Sauf erreur impossible de répondre aux Sms par la montre depuis la nouvelle version,0,1,0,0,dataset_apia2022,1
"Addictive... Mais pour la natation, elle ne suis pas ☺️",1,0,0,1,dataset_apia2022,1
"J'avais mis une appréciation positive mais depuis quelques semaines, la synchronisation pose problème et c'est pénible",1,1,0,0,dataset_apia2022,1
"Toujours aussi fiable et complet. Cela fait plus de 4 ans que j'utilise cette application, et celle-ci m'a aider au quotidien à prendre davantage soin de mon corps et donc de mon esprit. Les suivis sont de plus en plus détaillés et complets, je la considère comme un vrai plus pour suivre mes évolutions et mes compétences",1,0,0,1,dataset_apia2022,1
super appli,1,0,0,0,dataset_apia2022,1
"Super, Pas facile à prendre en main au départ mais une fois ce cap passé l'appli est top",1,0,0,1,dataset_apia2022,1
experience ok,1,0,0,0,dataset_apia2022,1
"Application très intuitive, permet un excellent suivi de nos activités mais pas seulement vu que l'on peut également suivre nos menstruation ( pour nous les dames), mais également beaucoup d'autres points, comme l'usure de nos chaussures, notre conso d'eau... Vraiment un super ouitil",1,0,0,1,dataset_apia2022,1
"Depuis la mise à jour vers 4.0 pour la vivoactive 4, ma batterie se vide en moins d'une demie journée !! Merci de vite régler le problème !! Ma montre étant mon réveil, je ne peux pas faire sans. Sinon merci de nous expliquer comment revenir à la version 3.8",0,1,0,1,dataset_apia2022,1
"Simple et efficace, l'application correspond amplement à mes attentes 👏 !",1,0,0,0,dataset_apia2022,1
Très chouette appli pour ceux qui aiment suivre de près leurs activités quotidienne.,1,0,0,1,dataset_apia2022,1
"Simple d'utilisation, application complète et fluide.",1,0,0,0,dataset_apia2022,1
Dommage que des activités comme la natation ne soient pas mieux gérer...,0,0,1,0,dataset_apia2022,1
"Bonne appli, synchroniser avec mon Xperia Xz1 parfaitement",1,0,0,1,dataset_apia2022,1
Application plutôt complète et facile d'utilisation,1,0,0,0,dataset_apia2022,1
"Très bonne application, mais je n'arrive pas à changer les miles en 
kilomètres ce qui fausse un peu mes résultats !",1,1,0,0,dataset_apia2022,1
Facile à utiliser j adore cette appli,1,0,0,0,dataset_apia2022,1
Très contente de mon cadeau d'anniversaire. Je suis très visuelle..alors je cherche sur YouTube tout les belles choses que ma montre peux m'offrir. Jai Tellement de belle découverte a faire. Bonne journée,1,0,0,0,dataset_apia2022,1
Tout est rentré dans l'ordre depuis la dernière maj.,1,0,0,0,dataset_apia2022,1
Ok good,1,0,0,0,dataset_apia2022,1
"Connecté à une forerunner 235, fonctionne super bien !",0,0,0,1,dataset_apia2022,1
C l'fun,1,0,0,0,dataset_apia2022,1
Enfin je peux utiliser pleinement ma montre avec mon portable ! Le problème semble réglé ! Très bon produit quand tout fonctionne surtout la fonction training effets !,1,0,0,1,dataset_apia2022,1
"Je ne connaissais que le portail Garmin connect sur internet, l'appli est très sympa, les présentations plus fun et c'est très complet.",1,0,0,1,dataset_apia2022,1
"Ce serait cool de pouvoir faire des défis de minutes ""intensives"" car actuellement, les défi n'encouragent pas le multisport!",0,0,1,0,dataset_apia2022,1
tres bonne application,1,0,0,0,dataset_apia2022,1
1ère expérience. Très concluante. Facile à gérer.,1,0,0,0,dataset_apia2022,1
"Bonjour. Depuis les dernières mises à jour, je rencontre un problème lié au live Track sur mon edge 520. Sur le lien, du mail envoyé pour suivre l'activité, il n'y a pas de signal, et donc pas de suivi de l'activité. Merci",0,1,0,0,dataset_apia2022,1
Depuis derniere maj. Le Phone détecte et se connecte à la montre...mais pas l'appli...c'est dommage que l'appli soit le BOULET d'une montre avec plein de possibilités...,0,1,0,0,dataset_apia2022,1
"Avis 2018.L'application fonctionne tres mal en ce moment.Dommage car on s'y attache vite et merite bien cinq étoiles... Vous en etes où pour régler ce bug car sur le site vous dites qu'il n'y a pas de problèmes... pas rassurant. J'étais sur le point d'acheter un GPS et accessoires pour le vtt ,je vais attendre car votre réactivité n'invite pas a la confiance de vos produits. A bon entendeur. Avis 2020,l'application fonctionne bien,les données sont utiles.Plus de bug ,MERCI.",1,1,0,0,dataset_apia2022,1
parfait pour le moment pas de perte de synchro avec le huawei p20 lite,1,0,0,1,dataset_apia2022,1
"Can pair vivosmart 3 and galaxy a3 2017. Enfin possible de coupler 
vivosmart 3 et galaxy a3 2017",0,1,0,0,dataset_apia2022,1
Je retire tout les commentaires positifs que j'ai laisser.Depuis la mise à jour du 3 Novembre ma montre ne veux plus de connecter avec mon Huawei P9 lite.Résultat ma montre ne me sert à rien 😡.J'ai changé mon téléphone pour un Samsung et maintenant ça fonctionne très bien 👍,0,1,0,1,dataset_apia2022,1
précise et élégante !,1,0,0,0,dataset_apia2022,1
Excellente application,1,0,0,0,dataset_apia2022,1
C'est le fun de pouvoir analyser nos performances sur différents parcours.,0,0,0,1,dataset_apia2022,1
"L'application est très bien sauf que depuis la dernière mise à jour, il m'est impossible de synchroniser ma Forerunner 935 avec mon smartphone Huawei P20 Lite. Heureusement que cette mise à jour était censé régler les problèmes de synchronisation avec le téléphones Huawei !!! J'espère que Garmin va vite régler ce problème car sinon elle n'a aucune utilité. Problème réglé ! 👍",1,1,0,0,dataset_apia2022,1
très bon support.,1,0,0,0,dataset_apia2022,1
Depuis les dernières mises à jour impossible de faire un LiveTrack. On le lance et il se coupe tout seul tout de suite après. Il a fallu revenir à la version 4.22.1 car les MAJ en téléchargement sont incomplètes pour une installation totale (34 Mo contre 120 Mo normalement). C'est très regretable de devoir régresser de la sorte. Un conseil : changez de développeurs car ils ne sont vraiment pas bons !...,1,1,0,0,dataset_apia2022,1
La FR 410 n'est pas supportée,0,1,0,0,dataset_apia2022,1
"Stop pretending to do what you CAN'T do : remove epix from supported 
devices.",0,0,1,0,dataset_apia2022,1
Claire et complète,1,0,0,0,dataset_apia2022,1
"Nul. Pas de synchronisation avec les 2 téléphones!!! La prochaine fois, j'achète sur Wish. Garmin...vraiment pas bon!",1,1,0,0,dataset_apia2022,1
Application très complète pour suivre son entraînement dans la durée.  La synchronisation avec ma 620 est parfaite. Un point que j'aimerais voir amélioré: calcul automatique du temps moyen réalisé sur fractionné,1,0,1,1,dataset_apia2022,1
super détaillé,1,0,0,0,dataset_apia2022,1
Je suis suis dans l'impossibilité de me connecter à mon compte via l'application sur mon Huawei P20 Pro. J'obtiens un message d'erreur java.lang.exception: 401. J'ai essayer avec un IPhone 7 même résultat connexion au serveur impossible. J'aurais besoin d'une solution car je viens de faire l'acquisition d'une fenix 6 et ne suis donc pas en mesure de l'associer à mon téléphone. Merci par avance.,0,1,0,0,dataset_apia2022,1
Doesn't detect my vivofit! !,0,1,0,0,dataset_apia2022,1
"Très bien, facile et intuitif",1,0,0,0,dataset_apia2022,1
Impossible de connecter mon vivosmart hr+ sur mon honor 8 pro alors que sur galaxy A5 ça se connecte en 30 secondes,0,1,0,1,dataset_apia2022,1
Synchronisation efficace,0,0,0,1,dataset_apia2022,1
Très bonne appli,1,0,0,0,dataset_apia2022,1
J ai pas  trouvé pour mettre en kilomètre heure   snifff,0,0,1,0,dataset_apia2022,1
Parfait,1,0,0,0,dataset_apia2022,1
Compagnion indispensable. THE COACH. Nickel avec GARMIN MONTRE GPS FENIX 3 SAPPHIRE HR,1,0,0,1,dataset_apia2022,1
Depuis la dernière mise à jour mon Garmin edge 510 ne communique plus avec l'application ?😩👎,0,1,0,0,dataset_apia2022,1
Au top,1,0,0,0,dataset_apia2022,1
Bonjour. Au lieu de vous murer dans le silence ou plutôt tromper les utilisateurs en cachant votre problème de piratage par un argument maintenance vous feriez mieux de rendre accessibles nos données directement sur les montres ce serait beaucoup plus simple. Marre d'acheter des appareils et de devoir se connecter sur d'autres supports ! A quand le rétablissement du site ?,0,1,1,0,dataset_apia2022,1
Couplage impossible avec  Galaxy S7   reconnait la montre 235 de Garmin mais ne veux pas  se coupler...,0,1,0,0,dataset_apia2022,1
"Un plantage lors d'une synchronisation, pour le reste ça fait le job !",0,1,0,0,dataset_apia2022,1
"Elle marchait bien,et depuis 3 jours p'us rien je n'arrive meme plus a connecter",1,1,0,0,dataset_apia2022,1
Super application,1,0,0,0,dataset_apia2022,1
"Affichage des résultats en cardio sans le demander, en allure et non pas en km/h.",0,0,0,1,dataset_apia2022,1
"Gratuit et très complet, que demander de plus😊",1,0,0,0,dataset_apia2022,1
Super pour garder la forme,0,0,0,1,dataset_apia2022,1
A chaque mise à jour son lot de soucis...,0,1,0,0,dataset_apia2022,1
"I hate the new update. I can't see my total for the current month or the totals for previous months anymore, so I have to add up week by week to see if I am meeting my goals for the month. Please bring that feature back!",0,0,1,1,dataset_apia2022,1
Très motivante,1,0,0,0,dataset_apia2022,1
"Ce suivi avec ma montre est excellent. Le GPS est ultra précis. Le suivi du sommeil, de l'hydratation, des activités, etc. Les messages d'encouragement, les badges etc. C'est plaisant",1,0,0,1,dataset_apia2022,1
"Comme certain, impossible de connecter ma montre Garmin instinct depuis la nouvelle mise à jour de mon téléphone en décembre. Connectée/Déconnectée toute la journée. Du coup, la batterie est à plat au bout de 2 jours. Il va falloir que je change de téléphone ? Pas bien envie (redmi note 8T) Et aujourd'hui, le 04/02/22, nouvelle mise à jour et la montre est en anglais sans pouvoir changer la langue. Vraiment déçu, alors que tout allait bien avant ces deux mises à jour",1,1,0,0,dataset_apia2022,1
Impossible de synchroniser les activités depuis la dernière mise à jour garmin faites vîte qq chose ou je change de marque,0,1,0,0,dataset_apia2022,1
"Top pour suivre ses efforts, enregistrer ses parcours, voir la progression de session en session. Simple et efficace",0,0,0,1,dataset_apia2022,1
"Donc si je comprends bien, voila + 2 ans que j'ai ma montre avec mon tel et suite a votre mise a jour.....subitement min tel nest plus compatible avec ma montre. C'est une blague j'espère !! Si non, remboursez moi !!!!!!",0,1,0,0,dataset_apia2022,1
Très bonne application avec beaucoup d'informations.,1,0,0,0,dataset_apia2022,1
"Depuis la dernière mise a jour, impossible d'associer et de synchroniser ma montre fenix 5plus sur honor 6x",0,1,0,0,dataset_apia2022,1
"Depuis la dernière mise à jour je n'arrive plus à couplé ma montre avec mon téléphone (LG G4) ainsi qu'avec ma tablette, faudrait vraiment revoir cette mise à jour qui bloque touts le monde",0,1,0,0,dataset_apia2022,1
"depuis la dernière mise à jour, n'affiche plus que le résumé d'une activité, impossible de visualiser les étapes, circuits et données détaillées.",0,1,0,0,dataset_apia2022,1
"Super application, pour tousvles sports: natation, velo, course à pied...",1,0,0,0,dataset_apia2022,1
"Couplage impossible de ma Forerunner 230 depuis ce 8/11. Le numéro change en permanence. Tout fonctionnait parfaitement sur mon Huawei P8 lite 2017 avant la dernière MAJ. Garmin, pourriez vous nous confirmer que vous travaillez à un correctif, au vu du nombre incalculable de  commentaires identiques ? Votre absence de réaction est inquiétante.",0,1,0,0,dataset_apia2022,1
#1 pour la nouvelle interface. Je rajouterais dans l'appli les objectifs. On la sur le site web puis sa serais le fun de le rajouter. Merci,1,0,1,1,dataset_apia2022,1
"Une catastrophe depuis que j'ai commencé à utiliser la dernière vivoactive 3 et l'application en décembre 2018. Impossibilité de synchroniser mon portable Huawei P9, non prise en compte des dernières données sur l'application installée sur mon pc...Et j'en passe. Je vais aller faire un échange cette semaine au magasin pour passer à la concurrence. J'estime avoir été assez indulgent compte tenu du prix. La note globale affichée 3,8 ne reflète à mon avis pas la réalité compte tenu des derniers commentaires depuis plusieurs mois. A fuir.",0,1,0,0,dataset_apia2022,1
Marche,1,0,0,0,dataset_apia2022,1
Top ça me motive pour continuer ma vie sportive,1,0,0,1,dataset_apia2022,1
"Montre vivo smart 3 acquise le 20 mai..j aurais du.lire les avis avant..gros gros.problemes de connexion bluetooth..elle ne arrête pas de vibrer ...connexion.. déconnexion...toutes les deux secondes...à côté de mon téléphone... évidemment dès que je m éloigné elle perd la connexion, normal, mais incapable de retrouver le.bluethooth ensuite. Je vais donc demander remboursement. Très déçue.",1,1,0,0,dataset_apia2022,1
Ne fonctionne plus,1,0,0,0,dataset_apia2022,1
Je vous lis et moi je ne rencontre aucun problème avec mon Honor 8 et la forerunner 920XT,0,0,0,1,dataset_apia2022,1
Heureusement que LG a fait une mise à jour vers kitkat pour pouvoir enfin en profiter pleinement.... mais tout de même..,0,0,0,1,dataset_apia2022,1
top,1,0,0,0,dataset_apia2022,1
Impossible de connecter la montre au bout de 3 jours. J'ai du désinstallé l'application et la réinstaller. Sinon c'est une bonne application.,1,1,0,0,dataset_apia2022,1
Tres bien. Elle manque de rapports sur la durée total des activités et par activité,1,0,1,0,dataset_apia2022,1
C'est surtout la connexion permanente avec la GARMIN 735XT qui est TOP,0,0,0,1,dataset_apia2022,1
Parfait sur tout les points...,1,0,0,0,dataset_apia2022,1
"Impossible de rentrer les informations de poids comme avant, ne s adresse pas à tous les équipements garmin comme ceux bluetooth",0,1,0,0,dataset_apia2022,1
Si sa fonctionne suite à la mise a jour sa à déconné  je les effacés et réinstaller et sa fonctionne nickel,0,1,0,1,dataset_apia2022,1
Ouf c est reparti avec l application. C est qu'on devient accro de ces choses là !,1,0,0,0,dataset_apia2022,1
"Facile à utiliser, écrans clairs! Je recommande",1,0,0,1,dataset_apia2022,1
Depuis maintenant 3 semaines je ne suis plus crédité de mes efforts avec une montre garmin HR plus stravia... Comme l'année dernière même époque en gros à chaque mise à jours fin d'année ça fais 2 fois... 🤔 Marre on dirait que c'est fait expret.. L'année dernière j'avais fait 50 euros remplies et après plusieurs demandes aussi avec l'aide du responsable go sport ales 30100. On m'a fait saute 30 euros.... Et la déjà 3 ou 4 sorties non créditées. Ma cagnotte reste bloquée..😤😤,0,1,0,0,dataset_apia2022,1
"Fonctionne très bien, synchro avec fenix ok. Encore quelques bugs qui font qu'il vaut mieux compléter les activités depuis un ordi que depuis le tel. Sinon très bien.",0,1,0,0,dataset_apia2022,1
Depuis mise à jour pas possible de synchroniser. Pouvez vous debugger svp. Merci par avance.,0,1,0,0,dataset_apia2022,1
"Rien à redire C'est des superbe montres et votre application est superbe ils y a tout ce qu'il faut étages, sommeil et les fréquences cardiaques, je suis super content.",1,0,0,1,dataset_apia2022,1
Problème de synchronisation,0,1,0,0,dataset_apia2022,1
"En cours de teste séance musculation , cardio "" elliptique, tapis de course .. a voir à la fin le totale des kcal brûler ..",0,0,0,1,dataset_apia2022,1
super,1,0,0,0,dataset_apia2022,1
Jusque maintenant l'appli était parfaite...mais depuis le dernière mise à jour impossible d'anvoyer un parcours sur la montre via mon Honor 10....il serait bon de regler ce problème rapidement...,1,1,0,0,dataset_apia2022,1
Comment avoir un suivi d'activité sérieux quand l'application ne se synchronise pas avec la montre même en tentant plusieurs fois cela prend un temps fou quand cela veut bien fonctionné,0,1,0,0,dataset_apia2022,1
"Mon mari utilisait cette appli sans aucun problème avec son smartphone android. Depuis la dernière MaJ, impossible de s'en servir. Il a un android 5.0 et ne souhaite pas en changer d'où le bug. En effet, la dernière MAJ ne fonctionne qu'en 6.0 et bien sûr cela n'était pas indiqué AVANT... Comment faire pour revenir sur la dernière version avant la MAJ !!? Aucune réponse à ses mails. En espérant avoir plus de chances ici...",0,1,0,0,dataset_apia2022,1
"Depuis à MAJ du 21-08-20 ma montre et mon téléphone se connectent uniquement si j'ai l'application ouverte, des que je ferme l'application GARMIN la montre se déconnecte du telephone. J'ai une forerunner 45 couplé à un REDMI NOTE 7 et ça à toujours très bien marche Et je n'ai touche à aucun paramètres depuis la MAJ",0,1,0,0,dataset_apia2022,1
Top. Il faudrait juste plus de sport disponibles,1,0,1,0,dataset_apia2022,1
Tip top vraiment génial. Conseil fortement.,1,0,0,0,dataset_apia2022,1
Application très intuitive et facile d'utilisation. Au top 👌.,1,0,0,0,dataset_apia2022,1
Très pratique je recommande cette application,1,0,0,0,dataset_apia2022,1
"Très bonne appli, il faut prendre le temps de ""l'apprivoiser""... Ensuite, c'est que du bonheur ! Une multitude de possibilités et de création de séances d'entraînement dans toutes sortes d'activités physique. Je recommande dans hésiter.",1,0,0,1,dataset_apia2022,1
"sympa comme appli, mais je ne sais pas voir les appels et SMS de mes contacts, une fois que j'active les notifications intelligentes tout se bloque.",1,1,0,0,dataset_apia2022,1
"Sympa par contre la synchronisation n est pas tjs au point , je suis 
parfois obligé de passer par Garmin express sur le pc ( notamment les 
segments Strava )",1,1,0,0,dataset_apia2022,1
Marche super bien avec ma montre,1,0,0,0,dataset_apia2022,1
Les versions récentes ne fonctionnent pas avec mon OnePlus 8 Pro et mon Edge 1030. Je suis obligé d'utiliser une version plus ancienne et de désactiver la mise à jour de Garmin Connect. Problème rapporté sur le forum de Garmin depuis un moment mais toujours pas de correctif en vue...,0,1,0,0,dataset_apia2022,1
Je suis trop fan,1,0,0,0,dataset_apia2022,1
J attends de voir sur le long terme,1,0,0,0,dataset_apia2022,1
J'ai acheté une FR220 mais je ne peux pas faire de synchro en BT avec l'application. Il serait bien de se bouger un peu chez Garmin.,0,1,0,0,dataset_apia2022,1
"Depuis la mise à jour du 3 février, la connection montre / téléphone (Huawei P30 Pro nouvelle édition) se perd plusieurs fois par jour. Pas de mise à jour du téléphone, juste de l'appli Garmin. Vite un correctif.",0,1,0,0,dataset_apia2022,1
"Très bien, manque juste une gestion un peu plus efficace entre mon compteur 820 et ma montre.",1,0,1,0,dataset_apia2022,1
Super pratique et très juste. J'adore!8,1,0,0,0,dataset_apia2022,1
"Super application qui permet ""d'étudier"" ses résultats",1,0,0,1,dataset_apia2022,1
Va à l'essentiel,1,0,0,0,dataset_apia2022,1
"Bonne application. Même, si les prévisions pour marathon sont surestimer. Il est regrettable que l'application fréquence running, ne propose pas de se synchroniser avec elle, comme le fait runtastic .",1,0,0,1,dataset_apia2022,1
"Très bonne application, mais un peu complexe à utiliser",1,0,0,1,dataset_apia2022,1
Application intuitive qui fonctionne parfaitement avec ma montre. De nombreuses fonctionnalités et un design agréable. Les badges sont un petit plus très sympa et motivant. J'adore en gagner !,1,0,0,1,dataset_apia2022,1
Très bonne appli . Nombreuses fonctionnalités,1,0,0,0,dataset_apia2022,1
Les problèmes de synchro et appairage semble résolu avec mon S5. Merci,0,1,0,0,dataset_apia2022,1
"Premier tour avec ma vivoactive 3 très bon achat .pour le prix super content du suivi par rapport a mon GSM Huawei p30 le tableau de ""connect "" est très complet ... Plus que moi 😜",0,0,0,1,dataset_apia2022,1
Super application pour le suivi de mes activités,1,0,0,1,dataset_apia2022,1
"Bonjour, Il y a toujours autant de problème de synchronisation avec les appareils Huawei...Obligé de tout supprimer du smartphone et de réinitialiser la montre, c'est très pénible. Il coûte moins cher de changer de montre à ce rythme là... La synchronisation ne fonctionne plus avec Garmin Express... Chris",0,1,0,0,dataset_apia2022,1
"Elle me permet depuis plusieurs années maintenant de suivre mes entraînements et courses. Appli très stable, pas de bug intempestifs.. Top...",1,0,0,1,dataset_apia2022,1
Très pratique et simple a utiliser,1,0,0,0,dataset_apia2022,1
"Impossible de partager sur Facebook comme avant et sans photo. Sinon les synchro se fond correctement. Au nombre de pas, d étages, je préfèrerai un rappel des entraînements, les validation de ceux ci, mettre la natation comme une activité physique à part entière et donc inclure les données, le total des activités semaines etc... Et il serait utile de pouvoir sauvegarder  les caractéristiques réglages montre, activités.. . Surtout quand celle ci est remplacée par le SAV. Cela évite de tout recommencer et pester",0,1,1,0,dataset_apia2022,1
top du top,1,0,0,0,dataset_apia2022,1
"Très bonne application, des améliorations peuvent être faites sur le tracker de sommeil comme une alerte quand l'oxygène dans le sang est trop faible et le surveiller durant TOUT le sommeil. Suite aux problèmes techniques rencontrés sur vos serveurs, il serait bon d'envisager un duplication des données en local sur le téléphone nous permettant d'accéder aux moins à nos données personnelles.",1,0,1,0,dataset_apia2022,1
Fonctionne tres bien avec ma Fenix 3. Nouvelle page tres sympa.,0,0,0,1,dataset_apia2022,1
L'une des meilleures applications de ce genre et simple d'utilisation.,1,0,0,0,dataset_apia2022,1
Fonctionne sans accroc sur Galaxy Note 4. Manque juste le livetrack par SMS et ce sera parfait,0,0,1,1,dataset_apia2022,1
"Il semble que depuis le passage de ma vivoactive 3 de la version 3.00 à la 
version 3.50, les notifications ne sont plus envoyée sur la montre. Elle se 
déconnecte tout le temps du bluetooth, et il faut que l'app soie ouverte 
sur le natel pour que ça fonctionne.",0,1,0,0,dataset_apia2022,1
The application seems util but the synchronization doesn't work. I need to delete my watch and add it again for have a connection and the application doesn't update the data. For the moment the application is inutil for me.,1,1,0,0,dataset_apia2022,1
"très bonne application, une simple synchronisation avec la montre et on apprend tout se qu'il nous faut sur nos activités",1,0,0,1,dataset_apia2022,1
"Problème avec mon Samsung A7 2019. Les notifications ne fonctionnent pas, l'application plante à chaque fois.",0,1,0,0,dataset_apia2022,1
Facile à installer et utiliser. De plus application très complète !,1,0,0,1,dataset_apia2022,1
"Bonjour, depuis le passage sous Android 10, impossible de réactiver les cartes sous Garmin Pay. Meme après désinstallation, rien à faire. Merci aux développeurs pour la correction. Je remets 5 étoiles depuis la version 4.5 de la montre qui a résolu l'anomalie.",0,1,0,0,dataset_apia2022,1
Au top pour visualiser les infos enregistrées par ma montre forerunner :),0,0,0,1,dataset_apia2022,1
Constament des bugs..heureusement strava prend le relai..,1,1,0,0,dataset_apia2022,1
Connection avec les appareils efficace. Informations claires. Réglages/Paramètres faciles. Rien à redire,1,0,0,1,dataset_apia2022,1
Manque d'activité comme foot,0,0,1,0,dataset_apia2022,1
"Est-il possible d'avoir une connexion applis  tierces, notamment les pèse-personne de chez Décathlon  (Scale xxx)?",0,0,1,0,dataset_apia2022,1
C'est mon compagnon journalier pour mon suivi sportif et santé.,0,0,0,1,dataset_apia2022,1
"Gps rapide et précis, le partage sur réseaux sociaux est un plus",0,0,1,1,dataset_apia2022,1
"Problème de connexion! Le mot de passe est bon mais il me dit que erreur java, il va falloir améliorer cette application",0,1,0,0,dataset_apia2022,1
A quand un widget sommeil. De plus depuis la dernière mise a jour un gros soucis de serveur et plus de connexion entre la montre et l'application. Plus d'accès du tous a l'application connect,0,1,0,0,dataset_apia2022,1
"J'ai acheté ma montre en juin et j'en étais très satisfaite, mais depuis quelque temps plus moyen de connecter ma montre à l'application. J'ai tout tenté et le défaut semble venir de l'app, si vous pouviez corriger ces beug inadmissibles ça serai bien🤨",1,1,0,0,dataset_apia2022,1
Nikel,1,0,0,0,dataset_apia2022,1
"Très bien, MAIS, c'était mieux avant, quand je pouvais coupler la montre!!!   Merci de résoudre le pb au plus vite, ça dure depuis trop longtemps. NB: le pb ne vient pas du téléphone comme j'ai cru lire, il se connecte très bien avec tout le reste.... C'est la montée de version Android qui n'a pas été prise en compte chez Garmin",1,1,0,0,dataset_apia2022,1
"Bonne application, beaucoup de détails, synchronisation avec F630 rapide et fiable.",1,0,0,0,dataset_apia2022,1
tes bonne appli très précise et utile !!,1,0,0,0,dataset_apia2022,1
Super rien n'a dire,1,0,0,0,dataset_apia2022,1
"Simple et efficace à prendre en main. La synchronisation des données est 
enfantin. Une app réussie.",1,0,0,1,dataset_apia2022,1
Stylé,1,0,0,0,dataset_apia2022,1
"J'aime pas cette nouvelle version Je préféré l'ancienne version au quel cas 
j'avais le visu sur tous les parcours",1,0,1,0,dataset_apia2022,1
👍🔥💯,1,0,0,0,dataset_apia2022,1
Impossible de recevoir les notifications du Samsung J6.,0,1,0,0,dataset_apia2022,1
Problème de synchronisation avec LG G3.,0,1,0,0,dataset_apia2022,1
novice,1,0,0,0,dataset_apia2022,1
Fonctionne très bien sauf lors de mise à jour. A chaque fois je dois tout désinstaller et repartir de zéro sinon bug.,0,1,0,0,dataset_apia2022,1
Bon produit,1,0,0,0,dataset_apia2022,1
Merci connexion avec ma fenix 3 hr et mon Samsung galaxy S6 revenue !,0,0,0,1,dataset_apia2022,1
"Je ne sais pas à quoi c'est dû mais depuis les dernières mises à jour d'android vers le 8.0.0 et de Garmin Connect (le 16 mars 2018), quand l'application se coupe, ma montre Garmin Fenix 5 se déconnecte et je ne reçois plus aucunes notifications, appels, etc. comme avant. Je dois relancer l'application pour que ma montre soit à nouveau connectée et que tout marche correctement :/ Avant, même si l'application n'était pas en plein fonctionnement ou en arrière-plan, ça fonctionnait normalement. Avez-vous un conseil ? Allez-vous remédier à ce problème ? J'étais assez content de l'application jusqu'à présent.",1,1,0,0,dataset_apia2022,1
"depuis la mise à jour les activités ne s'affichent plus sur l'application, il y a bien la synchronisation juste le plan map, mais aucune mesure n'est affichée. pourriez vous régler ça? merci",0,1,0,0,dataset_apia2022,1
"Depuis la dernière mise à jour plus aucune notifications sur ma montre. J ai activé tout ce qu il fallait, activer ou modifier, malheureusement sans succès",0,1,0,0,dataset_apia2022,1
Je n'arrive plus à coupler ma Vivoactive music 3 avec mon téléphone,0,1,0,0,dataset_apia2022,1
Excellent une mine d'or pour les runners,1,0,0,0,dataset_apia2022,1
Très bonne application,1,0,0,0,dataset_apia2022,1
"Hyper complet, jolie look, navigation agréable",1,0,0,1,dataset_apia2022,1
"Je viens d'acheter la Smart3, et impossible de coupler avec mon LG G5. Très déçu. Je vais demander un remboursement.",1,1,0,0,dataset_apia2022,1
super cool,1,0,0,0,dataset_apia2022,1
Ne se reconnecte pas automatiquement,0,1,0,0,dataset_apia2022,1
superbe. le plaisir.,1,0,0,0,dataset_apia2022,1
couplage par Bluetooth IMPOSSIBLE. J'ai le GPS GarminEdge820.Je n'ai jamais pu utiliser la fonction la livetrack. il me dit que la fonction a échouée sur mon gps même si il est couplé en Bluetooth avec mon téléphone et l'appli Garmin Connect. Encore une fois j'ai mis à jour la version logiciel 12.10. le couplage par Bluetooth avec le téléphone n'est plus possible il faut au minimum la version 4.5 ( affiché sur le gps ) alors qu'aujourd'hui n est disponible seulement que 4.24 Garmin Connect,0,1,0,0,dataset_apia2022,1
"Plus de synchronisation de la frequence cardiaque, du sommeil et autres depuis la dernière mise a jour manifestement pleine de bugs ! Pénible ! Ça marchait trop bien avant..... Je n'en n'ai pas encore une grosse expérience mais les premières impressions sont plutôt bonnes. J'attends de pouvoir jouer au golf pour éventuellement mettre une cinquième étoile.",1,1,1,0,dataset_apia2022,1
Beaucoup de problèmes pour connecter la vivoactive hr. Connexion bluetooth seulement par miracle avec android.Déçu,1,1,0,0,dataset_apia2022,1
"Elle est fonctionnelle et apporte des compléments d'informations utiles sur les activités sportives et quotidiennes. Par contre, ceux qui n'ont pas un bon teléphone passez par le site internet car c'est une appli qui nécessite beaucoup de mémoire sinon elle plante et du coup fait planter la montre (sur mon ancien téléphone l'appli plantait tout le temps, donc impossible de l'utiliser)",0,1,0,1,dataset_apia2022,1
Beaucoup de mal à garder la connections active via les notifications. Pour une raison inconnue Garmin Connect me demande de redémarrer mon cellulaire... De façon répéter et constante. J'ai réinitialisé ma Garmin Instinct à plusieurs reprises. Déinstallé GARMIN Connect et réinstallé... Sans succès. Pourtant la 1ere semaine tout était parfait. Maintenant les notifications ne s'affichent plus sur ma montre. :/,0,1,0,0,dataset_apia2022,1
Excellent pour le suivi sportif que ce soit extérieur ou intérieur !,1,0,0,1,dataset_apia2022,1
Bonne application,1,0,0,0,dataset_apia2022,1
"J'ai une vivoactive 3 que j'utilise essentiellement pour le golf Déjà lors d'une ancienne mise à jour nous avions perdu les stats directement dans Garmin Connect, obligé d'aller dans Garmin Golf mais cela est bcp moins bien de mon point de vue... Mais avec la dernière mise à jour, j'ai des difficultés de synchro entre le tel et la montre, mais surtout plus aucune synchro de carte de score en fin de partie... Merci d'avance pour une mise à jour rapide pour régler tout cela (1 étoile donc...)",0,1,0,0,dataset_apia2022,1
Très bien mais marche pas avec tous les smartphones sinon mettais 5 étoiles..,1,1,0,0,dataset_apia2022,1
"Toujours rien encore ça ne fonctionne pas malgré les mises à jours régulières, les fêtes de fin d'année approche, les gens lisent les avis, dépêcher vous, et sincèrement vous pourriez au moins communiquer sur le problème. Huawei P9 Lite et 920 XT, 1 mois que le couplage n'est plus possible avec le téléphone 😡😡😡😡",0,1,0,0,dataset_apia2022,1
"Très bonne application, mais je trouve dommage de parfois devoir attendre 
plusieurs heures avant de voir apparaître mes courses.",1,0,1,0,dataset_apia2022,1
"J'adore l'utiliser, beaucoup de graphiques, très précis bref... génial. 🥰🥰🥰",1,0,0,1,dataset_apia2022,1
Nickel rien à dire pour l'instant.  Je recommande,1,0,0,0,dataset_apia2022,1
"Avec la dernière mise à jour, ok ma montre se connecte correctement... Enfin..... mais maintenant plus possible de la synchroniser même avec l'ordinateur, et pourtant j'ai supprimer l'appareil et ajouter à nouveau !!! Donc encore pire qu'avant !",0,1,0,0,dataset_apia2022,1
Impossible de coupler ma 735xt avec mon honor 6x. Garmin merci de faire le necessaire,0,1,0,0,dataset_apia2022,1
application complète juste le temps de tout assimiler,1,0,0,0,dataset_apia2022,1
Une bonne application Cependant aujourd'hui après mise à jour de la montre connectée HR impossible d afficher le français !,1,1,0,0,dataset_apia2022,1
Application facile d'emploi et de compréhension. Par contre il serait agréable de pouvoir facilement coller 2 session d'activité pour en faire une seule ou contrairement de couper une activité pour en faire 2 sans aller sur la page web et scinder le fichier d'origine. Très bonne appli agréable.,1,0,1,0,dataset_apia2022,1
"L'application bouffe un max la batterie de mon téléphone. J'utilise uniquement ma Garmin pour courir, j'ai autrement une Withings pour la vie de tous les jours et l'application HealthMate prend beaucoup moins de batterie. Comment je peux désactiver Garmin Connect quand je ne l'utilise pas ?",0,0,1,1,dataset_apia2022,1
"Parfait. Ma montre forunner 25 se connecte parfaitement à l application. Tout est fluide et intuitif. Petit bémol : des difficultés de conversions entre pounds et kilo, miles et km .",1,0,1,1,dataset_apia2022,1
Appli très utile et bien faite,1,0,0,0,dataset_apia2022,1
parfait !,1,0,0,0,dataset_apia2022,1
"Connexion facile et peu voir pas de déconnexion. Mes deux appareil transfert leurs données vite et sans soucis. Seul bémol, l'appli ne permet pas de créer des entraînements avec des %de fcmax vraiment dommage.",0,0,1,1,dataset_apia2022,1
Bonne application stable et fiable,1,0,0,0,dataset_apia2022,1
Très bien répond à mes attentes,1,0,0,0,dataset_apia2022,1
Impossible de coupler mon Samsung a51 à ma montre forerunner 45s... pourtant j'ai suivi toutes les instructions.. trop déçu je suis obligée de passer par mon pc. Après avoir été sur des forums j'ai réussi à coupler ma montre avec mon téléphone.. du coup tout en direct sur mon téléphone.. Super contente,1,1,0,0,dataset_apia2022,1
"L'application est très complète. On peut faire énormément de suivis. Relever des défis. On peut faire de nombreux réglages : foulée, fréquence cardiaque, les suivis hebdomadaires, quotidiens, mensuels, annuels. On peut suivre les pas, la vitesse, calories, distances etc. Le seul regret : faut vraiment fouiller énormément pour maîtriser le sujet. L'application n'est pas intuitive. Mais si on se donne la peine ça veut le coup.",1,0,0,1,dataset_apia2022,1
"Extra, je l'utilise tous les jours, soit pour le sport, soit couplé à l'application de suivi de nutrition.",1,0,0,1,dataset_apia2022,1
"Belle application, très intéressante et simple d'utilisation avec des stats sympa",1,0,0,0,dataset_apia2022,1
Je donnerai un 5 quand garmin connect sera compatible en bluetooth avec les montres fenix et tactix,1,1,0,0,dataset_apia2022,1
super appli très complète,1,0,0,0,dataset_apia2022,1
Génial,1,0,0,0,dataset_apia2022,1
"Impossible de télécharger l'appli garmin connect avec un smartphone Huawei P30 lite. Y a une incompatibilité ?? Un message d'erreur systématiquement apparaît ""une erreur s'est produite"" sur play store!! Merci pour votre aide",0,1,0,0,dataset_apia2022,1
"très facile d'utilisation, elle est agréable et donne toutes les informations dont on a besoin",1,0,0,1,dataset_apia2022,1
Bonjour je n ai  plus les notif appel sur ma vivosmarth hr. Ma configuration est bonne puisque ca fonctionnait avant,0,1,0,0,dataset_apia2022,1
Très bien pour l'activité mais impossible de recevoir les messages et appels car pas compatible avec mon téléphone Huawei 😔🤨 dixit le service client alors qu'avec l'iphone ça fonctionnait et ce malgré des mises à jour régulières,1,1,0,0,dataset_apia2022,1
Parfait et intuitif,1,0,0,0,dataset_apia2022,1
Très simple d'utilisation,1,0,0,0,dataset_apia2022,1
"J' avais mis 4 étoiles, mais depuis 4 mois, et malgré différents contacts avec Garmin et Huawei, rien ne semble avoir été fait pour résoudre le bug récurrent de connexion entre produits Garmin et Huawei. Alors, face à si peu de réactivité, je me vois contraint de baisser la note. Bonne application, mais si vous avez des téléphones Huawei ou Honor, passez votre chemin. Édit : j' ai fini par changer de téléphone, et tout refonctionne à merveille.",1,1,0,1,dataset_apia2022,1
"Application complète en très nette amélioration mais toujours perfectible pour faire face à la concurrence. Quelques difficultés persistent parfois à trouver ma montre (735 XT). Aussi, l'appli persiste à réactiver le suivi d'activité ""bougez"" bien que je le désactive en permanence",1,0,1,1,dataset_apia2022,1
Application vraiment pratique. Plus besoin d'avoir accès à mon ordinateur perso pour pouvoir synchroniser mes activités. De plus le design est agréable,1,0,0,1,dataset_apia2022,1
Facile d'utilisation et interfaces efficaces,0,0,0,1,dataset_apia2022,1
Extra...,1,0,0,0,dataset_apia2022,1
L'application sportive la plus complète !!!,1,0,0,0,dataset_apia2022,1
Suivi des activités parfait. Réglage de la montre simplifié. Création de carto impeccable,0,0,0,1,dataset_apia2022,1
Très bien,1,0,0,0,dataset_apia2022,1
"Appli complète, claire et compatible avec les autres appli sportives. Un regret: pas de possibilité de se fixer un objectif annuel et d'en suivre l'évolution. Seuls des stats sur 12 mois glissants sont proposées.",1,0,1,0,dataset_apia2022,1
Ce jour Garmin ne veut rien transmettre à STRAVA ? Une idée ?,0,1,0,0,dataset_apia2022,1
Beaucoup d'informations sont données et sont extrêmement intéressantes,0,0,0,1,dataset_apia2022,1
"J'adore cette application, je l'utilise chaque jour!",1,0,0,0,dataset_apia2022,1
"j'ai un smartphone Huawei et manifestement, cette application ne fonctionne pas bien.",0,1,0,0,dataset_apia2022,1
Erreur serveur suite dernière maj.,0,1,0,0,dataset_apia2022,1
👏👏Bravo bravo et merci pour la mise à jour 4.32 du 24 juin 2020 qui permet de nouveau aux appareils Garmin Edge 1000 de pouvoir faire un live track. Depuis la mi-avril j'attendais cette mise à jour efficace. Encore une fois merci et bravo,1,0,0,1,dataset_apia2022,1
Superbe application,1,0,0,0,dataset_apia2022,1
Plus de couplage possible depuis 3 jours.... Certainement lié à la mise à jour. Téléphone huawei mate 20 pro..... Après avoir marché une fois vers le 15 février... Depuis ça ne remarche pas.... Scandaleux pr un service comme garmin que les développeurs ne soient pas rapide pr régler le problème. Mon tel huawei mate 20 pro,0,1,0,0,dataset_apia2022,1
Voilà depuis la dernière mise à jour tout est rentré dans l'ordre Application très pratique,1,0,0,1,dataset_apia2022,1
Malgré la mise à jour Impossible de connecter ma vívoactive ® HR,0,1,0,0,dataset_apia2022,1
Synchronisation impossible et activités manquantes.,0,1,0,0,dataset_apia2022,1
Au top !,1,0,0,0,dataset_apia2022,1
vraiment top!!!!,1,0,0,0,dataset_apia2022,1
Bluetooth ne marche jamais. Le support est inexistant. La prochaine montre sera une Suunto.,0,1,0,0,dataset_apia2022,1
Bien mais de gros problèmes de synchronisation avec le bluetooth!  Pénible!,1,1,0,0,dataset_apia2022,1
Depuis la mise à jour là synchronisation ne se fait plus. Merci de réparer vite ce bug. Avant aucun soucis,0,1,0,0,dataset_apia2022,1
Heureux possesseur d'une fenix 5x je m'étais dit qu'au prix de la montre l'application connectée serait au top. Je passe mon temps à tenter de coupler la montre et le téléphone. Le téléphone trouve la montre mais l'application elle..... J'en ai marre.,1,1,0,0,dataset_apia2022,1
"Bonjour. J'ai une Instinct et elle est top pour toutes les activités. Mais gros bémol, toujours pas de notifications en dehors des appels. Et c'est pour cela je voulais également une montre connectée. Cela fait maintenant des semaines que cela ne va plus malgré les mises à jour. Merci de faire le nécessaire svp !",0,0,1,1,dataset_apia2022,1
"Au lieu de faire des versions bêta, faudrait d'abord faire fonctionner correctement la version de base... Samsung Galaxy Note 4 et/ou Samsung Tab A avec une Garmin Vivoactive HR, ça a marché une petite semaine, puis plus rien..!  Et comme toutes les applications, widgets et suivis, passent par Garmin Connect, ça donne un achat de produit Garmin pour rien...! C'est toujjours agréable.... Je viens d'essayer de connecter une Vivosmart hr, même résultat catastrophique...! Merci Garmin, du beau boulot !",0,1,0,0,dataset_apia2022,1
"Intuitive, facile d'utilisation permet un suivi complet de toutes les activités.",0,0,0,1,dataset_apia2022,1
"ras si ce n'est la connection bluetooth avec la vivoactiveHR qui est un peu lente à s'activer sinon super application aussi bien pour le running, la rando que le vélo",0,1,0,0,dataset_apia2022,1
Je l'ai surtout acheté pour la fonction stand up paddle...histoire d'analyser mes déplacements et coups de pagaie..seul bémol...je doute un peu du capteur de la fréquence cardiaque pour sa précision.,0,0,0,1,dataset_apia2022,1
"Courbes et performances détaillées, c'est un plaisir de se voir évoluer et se fixer des nouveaux objectifs !",0,0,0,1,dataset_apia2022,1
"Pas de soucis, star et graph sympas. Dommage de ne pas pouvoir comparer plusieurs sorties facilement",0,0,1,1,dataset_apia2022,1
"Montre Garmin vivoactive 3 et téléphone huawei... On me dit de mettre à jour tout ça en téléchargant garmin express, or les fichiers me renvoient sur des entraînements et pas du tout sur des mises à jour. Du coup montre impossible à personnaliser et déconnections permanentes entre le téléphone et la montre. Bref très déçue !",1,1,0,0,dataset_apia2022,1
"Apres une vive critique,fonctionne maintenant tres bien",1,0,0,0,dataset_apia2022,1
Très bon suivi pour un entraînement suivi,1,0,0,1,dataset_apia2022,1
Depuis quelques jours impossible de synchroniser...,0,1,0,0,dataset_apia2022,1
Simple d'utilisation et très complète Utilisée avec un edge 830 lors de sortie route et vtt.,1,0,0,1,dataset_apia2022,1
Application fonctionnelle et agréable à utiliser. Garmin rules!,1,0,0,0,dataset_apia2022,1
"Avant , j'avais la synchronisation avec mon Note 4 .. tous  fonctionnaient . Maintenant je n'ai plus la  synchronisation automatique avec  mon S7 edge. Je suis toujours entrain  déconnecter et de reconnecter le Bluetooth pour appareiller mon fenix3 ..très très déçu. ..bug pour lire les messges sur mon fenix3 vivement la mise à jour. ..",0,1,0,1,dataset_apia2022,1
Super... avant le gros bugg,1,1,0,0,dataset_apia2022,1
"Impossible de synchroniser ma 735xt à mon one plus 6 depuis octobre 2018 suite à une mise à jour, aucune réponse de Garmin !",0,1,0,0,dataset_apia2022,1
"Problème de couplage depuis deux jours réinstallation faite plusieurs fois 
de l application, ne voit plus mes progrès. Une solution ?",0,1,0,0,dataset_apia2022,1
"bien Complet, tout y est",1,0,0,0,dataset_apia2022,1
Depuis la mise a jours d'hier ma montre ne se synchronise plus avec l'application,0,1,0,0,dataset_apia2022,1
L'appli golf est inutilisable apres avoir chargé une quinzaine de carte de score avec un garmin approach S20. Un bug est présent et Garmin ne s'en sort pas.,0,1,0,0,dataset_apia2022,1
Testé de nombreuses fois avec différents appareils. Initialement pensé que le problème venait du forerunner 225.  Application buguee ++++ connecte une fois à un tel mais ne se souvient plus à la tentative suivante de sa liaison et il faut tout recommencer et comme la première connection avait nécessité au moins 10 essais. Prière de corriger le plus vite possible. Application pas digne des appareils garmin.,0,1,0,0,dataset_apia2022,1
"Je charge l application sur mon S5 Samsung (version Android ok) mais ensuite,impossible de me connecter.rien ne se passe,pas de demande d'identifiants",0,1,0,0,dataset_apia2022,1
Ça commence à synchroniser et après ça met échoué,0,1,0,0,dataset_apia2022,1
Application excellente...si ce n'est des pbs de bug lors de la synchronisation des données avec le WI-FI....IMPOSSIBLE....idem avec la connexion BLUETOOTH....Obligations de transférer les données en connectant ma 920XT au PC  par USB.... 😕,0,1,0,0,dataset_apia2022,1
Plus de couplage avec ma vivoactive HR,0,1,0,0,dataset_apia2022,1
"J'utilisais garmin connect avec mon smartphone et ma fenix 3 et depuis la mise à jour un message apparaît ""un problème est survenu lors de la tentative de connections à garmin connect"" et pas de réponse du service technique garmin je suis très déçu de garmin",1,1,0,0,dataset_apia2022,1
Tout fonctionnait très bien depuis que j'ai ma forunner 235. Mais depuis le 21 impossible d'effectuer une synchronisation avec mon téléphone portable Samsung... message d'erreur échec transfert ... c'est très embêtant car aucune de mes activités s'enregistre... que se passe t il ?,0,1,0,0,dataset_apia2022,1
Très motivant,1,0,0,0,dataset_apia2022,1
"Depuis la nouvelle maj, enfin du mieux. Plus besoin de tout effacer pour maintenir la connexion de la montre a mon téléphone ( Honor 8X ), beaucoup plus stable. Merci d'avoir pris en compte les avis clients, même si cela a duré plusieurs mois et je trouve ça vraiment dommageable. Pour le coup j'augmente le nombre d'étoiles.",1,0,0,1,dataset_apia2022,1
Très bien  mais  cela serait bien d'avoir la vitesse en km/h dans le résumé,1,0,1,0,dataset_apia2022,1
Super simple,1,0,0,0,dataset_apia2022,1
excellent 😎,1,0,0,0,dataset_apia2022,1
Marche très bien.  Bien vue les totaux mais sur le site internet on pouvait exporter en excel. On cherche aussi la vo2max ?  Disparu la vo2max c est bête car  c est le truc de.base,0,0,1,1,dataset_apia2022,1
Nouveau Samsung S8 et impossible de syncrho ma Garmin Fenix5. Ca fonctionnait très bien sur mon vieux iPhone. Au prix du matos je suis furieux.,0,1,0,1,dataset_apia2022,1
Une info sur la tension artérielle serait un plus non négligeable.,0,0,1,0,dataset_apia2022,1
"Que vous soyez victime d'une attaque informatique, c'est malheureusement courant actuellement. Qu'on ne puisse plus synchroniser le téléphone avec votre site, c'est logique dans cette situation. Mais comment justifiez vous qu'on ne puisse plus du tout synchroniser la montre avec le téléphone ?! Au point de transformer nos montres en Casio des années 80!!! Et arrêtez de nous harceler avec des notifications pour des autorisations qu'on ne veut pas donner...",0,1,1,0,dataset_apia2022,1
J'adore l'application mais depuis la dernière mise à jour je ne vois plus les calories brûlées lors d'activités. Et l'heure des activités n'est pas bonne. Incapable de l'ajuster,1,1,0,0,dataset_apia2022,1
"Top du top Application complète, très réactive Et le plus du plus motivé et donne envie de faire les choses Merci",1,0,0,1,dataset_apia2022,1
"Application inutilisable, la montre n'arrive pas à se connecter au téléphone. Vu le prix de la montre je suis dégouté d'avoir choisi garmin",1,1,0,0,dataset_apia2022,1
je tâtonne encore mais avec les aides ça le fait.,0,0,0,1,dataset_apia2022,1
.... Avec mon Sony Xperia Z5compact.  Mais parfois laborieux pour transférer les données. Je dois souvent coupler à nouveau les appareils pour pouvoir les synchroniser.  Sinon c'est assez pratique pour la marche en particulier.,0,1,0,1,dataset_apia2022,1
De mieux en mieux ! Dommage que le partage sur Facebook par lien n'ajoute pas l'image du tableau de bord,1,0,1,0,dataset_apia2022,1
"Je n'arrive plus à coupler ma Garmin avec mon téléphone. J'ai tout fait pour que ça fonctionne. Maj de la montre et de l'appli,  j'ai même supprimé ma 3HR de la configuration puis j'ai essayé de la reconnecter. Toujours rien. Du coup,  ça ne me sert plus à grand chose. C'est décevant !",1,1,0,0,dataset_apia2022,1
"Voilà 4 ou 5 mise à jours de passer et je n' arrive toujours pas à me connecter sur l application avec mon compte, elle me marque à chaque fois "" connexion impossible , problème de serveur"" ... Et oh les gars svp ,il y a un moment il va vraiment falloir trouver une solution , car la vous plongez vraiment vers le néant ! il Mon téléphone est un Huawei, ma montre une forrunner 735 XT , je commence vraiment ,mais alors vraiment à perdre patience! Trouver vite une solution !!!!!",0,1,0,0,dataset_apia2022,1
"Bonjour, Après MAJ de Garmin 1030 Edge, impossible de synchroniser la dernière sortie de ce jour. Même après de multiples manip. Hey, les gens de Garmin, merci de faire le nécessaire pour Nous dans la panade !!!",0,1,0,0,dataset_apia2022,1
Et en plus l'app ant2net gratuite devient payante... et ma bloqué transfert activité que je ne sais plus récupérer avec mon stick ant sur garmin connnect,0,0,1,0,dataset_apia2022,1
Super !!!,1,0,0,0,dataset_apia2022,1
Fonctionne toujours très bien en ce qui me concerne ! Application pratique et fiable,1,0,0,0,dataset_apia2022,1
L'application ne permet pas de connecter la montre (suis sous Android 2.2) comment faire? Merci,0,1,0,0,dataset_apia2022,1
"Une montre connectée qui a de bons atouts. Notifications, sports... Juste un peu sceptique sur la mesure du sommeil, de grosses erreurs avec les périodes de réveil et je pense aussi avec le sommeil profond. Ou alors ça vient de mes nuits 🤔😉",0,1,0,1,dataset_apia2022,1
impossible depuis quelques semaines de synchroniser mon edge 510 avec mon samsung j3 2017 !!!!!!! Il est bien connecté au smartphone mais aucune synchro 😡😡,0,1,0,0,dataset_apia2022,1
ok,1,0,0,0,dataset_apia2022,1
Comme beaucoup impossible de connecté la montre puis j'ai eu la bonne idée d'éteindre et rallumer la montre puis ça a marché. À suivre. Sinon l'appli à l'air complète pas très instinctive je trouve.,1,1,0,0,dataset_apia2022,1
"Si la dernière grosse mise à jour est vraiment sympa, il ne manque plus que la création d'entraînement via l'appli !",1,0,1,0,dataset_apia2022,1
"Depuis plus d'un mois ""une erreur est survenue"".... Ça commence à me saoûler.",0,1,0,0,dataset_apia2022,1
Synchronisation impossible entre vivoactive hr et p8 lite 2017...,0,1,0,0,dataset_apia2022,1
Top ! 👌,1,0,0,0,dataset_apia2022,1
Très complet l un des meilleurs,1,0,0,0,dataset_apia2022,1
"La précédente montre que j'avais (une entrée de gamme) était beaucoup plus précise. Sans sortir de chez moi, celle-ci (que j'utilise depuis 8 mois) indique que je fais entre 8000 et 10 000 pas par jour! Je me brosse les dents? Hop ! Des centaines de pas en plus... Je fais la vaisselle, rebelote ! J'ai un sommeil très profond. Cette montre me dit que j'ai 30mn de sommeil profond en moyenne, par contre 2h de sommeil paradoxal! Exactement l'inverse de la réalité. Je suis extrêmement déçue...",1,1,0,0,dataset_apia2022,1
Cool,1,0,0,0,dataset_apia2022,1
Depuis la nouvelle mise à jour déconnexion et reconnexion aléatoire sur mon Motorola E ...,0,1,0,0,dataset_apia2022,1
"Simplement génial, incluant de nombreuses fonctions à interfaces multiples. Panoplie de données sur les activités effectuées. Facile et rapide à utiliser.",1,0,0,1,dataset_apia2022,1
"Synchronisation nickel, application très complète",1,0,0,1,dataset_apia2022,1
cela correspond à mes besoins ... je suis comblé pour le moment ... riche d'information et simple d'utilisation,0,0,0,1,dataset_apia2022,1
Appli bien complète,1,0,0,0,dataset_apia2022,1
Ma montre se déconnecte tout le temps de mon xiaomi mi 9 se et je ne reçois donc plus les notifications,0,1,0,0,dataset_apia2022,1
Application hyper précise 👌,1,0,0,0,dataset_apia2022,1
Super App!,1,0,0,0,dataset_apia2022,1
depuis une semaine la montre se connecte parfois au téléphone mais impossible de la voir dans l appli.... alirs que tout fonctionnait bien depuis 2 ans: et mon téléphone est récent !,0,1,0,0,dataset_apia2022,1
Simple et ludique !,1,0,0,0,dataset_apia2022,1
Problème de bug n'enregistre plus dans entraînement parcours ce qui empêche la Re-utilisation des parcours effectué Après contact avec le service Garmin toujours pas de solutions Lamentable,0,1,0,0,dataset_apia2022,1
App #1 avec ma montre garmin,1,0,0,0,dataset_apia2022,1
une appli simple intuitive qui permet de bien suivre notre evolution sportive. Connexion parfaite avec ma 235 je recommande,1,0,0,1,dataset_apia2022,1
Jamais sans ma Garmin,0,0,0,1,dataset_apia2022,1
Mon meilleur Ami pour la vie de tous les jours,1,0,0,0,dataset_apia2022,1
Application simple et efficace,1,0,0,0,dataset_apia2022,1
"Depuis la mise à jour plus rien ne fonctionne, ça ne veut pas synchroniser !  Ras le bol !!!!",1,1,0,0,dataset_apia2022,1
On dit que cet appli est compliquée mais très facile après une petite prise en main Pleine d'info intéressante et de possibilités de personnalisation,0,0,0,1,dataset_apia2022,1
"Depuis hier , impossible de faire une mise a jour , la montre n'indique plus l'heure, ni la date et ne veut pas se connecter , le programme la reconnait mais ne veut pas terminer l'installation! C'est une vivofit4 , pas fiable !",0,1,0,0,dataset_apia2022,1
Le design et surtout avec cette magnifique couleur verte sur certains fonds d'écran rendent le style superbe 👍,0,0,0,1,dataset_apia2022,1
"Pour un novice, cette application est très bien faite, très complète, et surtout très motivante",1,0,0,0,dataset_apia2022,1
Quelques plantages mais très jolie et rassemble bien toutes les informations,0,1,0,0,dataset_apia2022,1
"Intuitive, précis bon appui pour les entraînements",0,0,0,1,dataset_apia2022,1
"De nombreuses données, telles que la vitesse, le temps,le parcours, mises sous forme de cartes et de graphiques, sans parler des données classiques de pulsations, heures de sommeil, niveau de stress, etc. Les mises à jour sont rapides et la synchrisations est rapide et efficace entre ma montre et l'application ! Super expérience !",1,0,0,1,dataset_apia2022,1
Application sympa GPS OK,1,0,0,1,dataset_apia2022,1
Je ne peux plus synchroniser ma montre y compris en refaisant tout le processus de synchronisation manuellement. Je suis dégoûtée ! Déjà que ça arrivait souvent là je ne peux vraiment plus charger mes données,1,1,0,0,dataset_apia2022,1
Will give 5 stars when Garmin Connect will synch with Google Fit.,1,0,1,0,dataset_apia2022,1
Super appli,1,0,0,0,dataset_apia2022,1
"Interface réussie et presque complète mais gros bugs sur la synchronisation, connexions et déconnexions intempestives tout au long de la journée. Parfois il faut même redémarrer la montre et le téléphone pour que la synchronisation puisse à nouveau se faire. Sérieusement faudrait peut-être faire remonter ça aux équipes de développement !!! Sony Xperia Z5 & Fenix 3 avec ou sans mode Stamina activé.",0,1,0,1,dataset_apia2022,1
très bien !,1,0,0,0,dataset_apia2022,1
"Depuis la mise à jour la gestion des notifications est catastrophique. Ma montre vibre toutes les 5 secondes à cause de mon appli netmeter, deezer, waze. Bref toutes les appli qui sont sur l'écran de verrouillage. Obligé de désactiver les notifications !  Pourquoi ne peut-on  pas contrôler via l'app Garmin quelle application affiche les notifications ou pas. Vite un retour en arrière !!!",0,1,0,0,dataset_apia2022,1
J'ai une forunner 35 depuis 1 semaine synchronisation le premier jour et depuis impossible de synchroniser avec un Samsung Galaxy A5 2016 ! Malgré les mises à jour montre et application Android rien n'y fait...cette montre n'a pas les fonctionnalités annoncées je vais donc la renvoyer. Vu les commentaires je ne suis pas seul à avoir ce souci. Merci Garmin d'en tenir compte,0,1,0,0,dataset_apia2022,1
Trop cool,1,0,0,0,dataset_apia2022,1
Ravis de l'application et de la montre!,1,0,0,0,dataset_apia2022,1
super appli. la synchronisation avec ma vivomove HR marche super. seul bémol: il nest pas possible de faire une synchronisation sans être connecté a internet. mais aujourd'hui qui n'a pas internet.,1,1,0,1,dataset_apia2022,1
Efficace.. ne bug Pas.. est précise..,1,0,0,0,dataset_apia2022,1
"Sur oneplus 3t Android 7.0,  impossible de se connecter à son compte garmin.... En conséquence aucun appareillage possible entre la montre et le téléphone",0,1,0,0,dataset_apia2022,1
"Excellente, complète, bien fournie, j'utilise avec une fenix3",1,0,0,1,dataset_apia2022,1
vraiment une application complète !,1,0,0,0,dataset_apia2022,1
"Application simple d'utilisation, facile à mrendre en main, claire, rien a redire !!",1,0,0,0,dataset_apia2022,1
"Depuis les dernières mises a jour, les calories brûlées lors d'activités ne sont plus prises en compte dans le total de calories brûlées dans la journée. Et en plus, je ne peux plus me connecter à strava via l'application. Ca commence à faire beaucoup .....",0,1,0,0,dataset_apia2022,1
"Très bien, informations claires et facile a comprender",1,0,0,1,dataset_apia2022,1
l appli ne veut plus synchroniser avec ma montre!!!!!! Je déteste la dernière mise à jour. ca devient lassant surtout que cela était au top avant. il faut sans cesse désinstaller et ré installer en permanence pour avoir les infos synchronisées,0,1,0,0,dataset_apia2022,1
"Etant novice dans le sport et n en pratiquant qu occasionnelement, je trouve cette application utile et pratique pour evoluer",1,0,0,1,dataset_apia2022,1
L'application est sympa mais ne considère pas la randonnée comme une activité digne de ce nom. Impossible d'avoir des stats sur mes sorties randonnée alors que je peux en avoir sur le cyclisme et la course à pied ou le yoga ! C'est bien dommage,0,1,0,0,dataset_apia2022,1
Superbe,1,0,0,0,dataset_apia2022,1
L application se connecte sur mon galaxy grand prime mais impossible de me connecter sur mon S6edge. Au prix de la montre le service n est pas a la hauteur. J espere rapidement une correction de ces bugs de serveurs.,0,1,0,0,dataset_apia2022,1
"depuis la mise a jour impossible d'utiliser le ""widjet"" commande de musique depuis la montre 😯. vraiment dommage! les programmeurs merci d'ameliorer cette fonction.",1,1,0,0,dataset_apia2022,1
"Heureux possesseur d'une vivosmart 3,j'ai à mon poignet un bête podometre depuis quelques temps. En effet, impossible de la synchroniser avec mon smartphone, donc plus de suivie du sommeil, de notification et de tout ce qui m'avait fait acheter cette montre... A quand un correctif de cette mise à jour foireuse ? Edit du 8/12, plein de maj mais aucune amélioration. Que fait garmin ? Et aucune communication sur le souci...",0,1,0,0,dataset_apia2022,1
C'est pour l instant une très belle expérience,1,0,0,0,dataset_apia2022,1
J'ai eu une montre connectée à noël. Je voulais suivre le nombre de pas et mon sommeil. l'application fait son job. piur l'instant je suis satisfaite. il y a d'autres options utiles notamment si on veut faire des entraînements sportifs.,1,0,0,1,dataset_apia2022,1
Appli nulle nulle nulle nulle!!! Et sur le pc c'est aussi nul. Impossible de récupérer les données pour faire des statistiques.  Synchronisation pose des problèmes entre différent devices et impossible quand on est dans la jungle pour plusieurs jours. Bilan données perdues.,1,1,0,0,dataset_apia2022,1
"Good when you have an internet connection. My Garmin Vivoactive doesnt fully sync when in airplane mode while I travel. Theorically, internet should be required only for sharing activites with friends etc.. but the app does not work correcly without it.",0,0,0,1,dataset_apia2022,1
"Connexion de plus en plus difficile depuis quelques semaines avec ma 
Forerunner 35.. il faut sans cesse supprimer l'appareil dans l'application, 
le rajouter.. les notifs ne fonctionnent plus tout alors que ça a très bien 
fonctionné. Obsolescence programmée ?",0,1,0,0,dataset_apia2022,1
"Très intuitif à l'utilisation, cette application vous offre toutes les infos sur vos activités et vous aide à progresser.",1,0,0,1,dataset_apia2022,1
"Application marché très bien, depuis l avant dernière mise à jour, déconnexion sans arrêt voir impossible de se connecter, avec ma montre Garmin Fenix 5plus 😡😡😡😡",1,1,0,0,dataset_apia2022,1
"Application qui s'est améliorée avec le temps, ma montre (fenix 3 HR) se connecte bien à mon téléphone et la synchronisation se fait relativement rapidement. Assez complète et aide à améliorer ses résultats sportifs",1,0,0,1,dataset_apia2022,1
Super produit,1,0,0,0,dataset_apia2022,1
"Utilisée depuis plus de 2ans sans aucune problème, et depuis la dernière mise à jour plus rien. L'app ne détecte même plus la montre, plus de synchronisation plus d'alerte, nada. Il faudrait rapidement un correctif !! (Huawei P20 pro)",0,1,0,1,dataset_apia2022,1
ideal pour ma pratique velo,0,0,0,1,dataset_apia2022,1
"Depuis les dernières maj plus aucun connexion possible avec mon téléphone... J'avais un Sony et je suis passé à un Huawei P30 pro, et c'est la cata. J'aimerai vraiment que Garmin se penche sur ces problèmes synchro avec les Huawei.",0,1,0,0,dataset_apia2022,1
Merci d'exister,1,0,0,0,dataset_apia2022,1
"Enfin réussi à configurer ma Fenix 5 plus et mon smartphone, grâce aux informations trouvées sur plusieurs forums... Mais j'attends toujours la réponse de Garmin à ma demande d'aide...",0,0,0,1,dataset_apia2022,1
Très bonne application. Plutôt difficile à s'y retrouver tellement elle est complète.,1,0,0,1,dataset_apia2022,1
"Non seulement la synchro n'a jamais marché avec mon Huawei mais suite à 
mise à jour elle ne marche plus non plus avec Motorola qui me servait de 
relais pour synchro 1 à 2 fois par semaine car je ne suis pas un obsédé de 
suivi de ma forme, poids,... mais maintenant quel intérêt d'avoir un 
tracker si pas connectable?",0,1,0,0,dataset_apia2022,1
Indispensable pour me se suivre,0,0,0,1,dataset_apia2022,1
"Bonnes données, bon suivi, simple.",1,0,0,1,dataset_apia2022,1
belle application. une question pourquoi l'activité rameur est soudainement bloquée à 1600m?,1,1,0,0,dataset_apia2022,1
Je pensais que c'était un problème de piles mais apparemment pas puisque je les ai changées et rien ne fonctionne. Impossible de connecter ma montre à mon Samsung...et c'est arrivé du jour au lendemain. Avant ça fonctionnait. Je fais quoi?,0,1,0,0,dataset_apia2022,1
"application géniale, hyper complète voire même un peu trop sophistiquée parfois pour l'apprentie sportive que je suis. malheureusement, depuis plusieurs mois il m'est impossible de coupler mon Samsung s5 avec ma vivosmart hr. j'ai tout essayé, en vain. selon décathlon, un problème de mise à jour chez Samsung. à quand la prochaine maj qui me permettrait de donner à nouveau un intérêt à ma montre connectée ?",1,1,0,1,dataset_apia2022,1
"Super suivi au quotidien sur tous les plans (activités, stress, sommeil, cycle menstruel pour les femme, etc), fiable, encourageant et constructif ! Après avoir testé plusieurs modèles de montres connectées, je resterais chez Garmin pour la précision, la fiabilité du suivi et pour l'autonomie incroyable 👌",0,0,0,1,dataset_apia2022,1
"Bonjour, toujours impossible de me connecter. Surtout ne vous fatiguez pas à répondre et surtout à ne pas résoudre les problèmes inhérents à votre appli. Moi j'ai trouvé la solution : Je la supprime !!!",0,1,0,0,dataset_apia2022,1
Heureux propriétaire depuis quelques jours d'une Garmin vivoactive 3 (pour la modique somme de 370€)  je pensais pouvoir profiter de ce petit Bijou de technologie... Tout y était... Connectée... cardio... Analyse du stress... Autant vous dire que mon stress est monté d'un cran quand je me suis aperçu que Garmin n'était pas foutu de connecté ma montre à mon téléphone honor 6x. C'est quoi ce délire??? Et Garmin vous n'avez pas l'honnêteté de tenir informé le consommateur sur ce problème???  Réveillez vous!!!!!!!!!,0,1,0,0,dataset_apia2022,1
ATTENTION La dernière version de connect ne fait plus les notifications  orales de vitesse allure fc ce qui est complètement pénalisant.  Le support n arrive pas à reproduire le pb. Cas vu avec forerunner 235. Dans l'attente  d'un fixe rapide et d'une meilleure qualité de l'application,0,1,0,0,dataset_apia2022,1
"Très bonne appli, pas de bug. L'idéal pour conserver ses données d'entrainements",1,0,0,1,dataset_apia2022,1
"Super application, ma vie est changée depuis, c'est fou ! 😊😊😊",1,0,0,0,dataset_apia2022,1
Mon motorola mb860 n arrive pas a se coupler avec l app. Ca me sert donc a rien! Si quelqu un a une astuce...,0,1,0,0,dataset_apia2022,1
Très bonne application pour synchroniser ma montre et suivre mes perfs,1,0,0,1,dataset_apia2022,1
"Impossible de coupler un Vivo smart 3 avec un téléphone (essayer avec Huawei, iPhone, Sony)!!!",0,1,0,0,dataset_apia2022,1
Je viens de m'acheter une montre Garmin vivoSmart 3 mais impossible de la connecté mon smartphone. Je viens de lire les autres commentaires des utilisateurs et depuis la nouvelle MAJ la connection ne fonctionne plus. Si vous ne faites rien je me fait rembourser la montre vivosmart3 Garmin et je vais voir un de vos concurrents.,1,1,0,0,dataset_apia2022,1
ne fonctionne pas impossible de transférer les données de mon Garmin edge explore sur cette app ni sur une autre d'ailleurs....je commence à regretter d'avoir mis aussi cher dans un GPS !!!! très déçu et dommage car sinon le GPS en lui même fonctionne très bien,1,1,0,0,dataset_apia2022,1
Donnée fiable,0,0,0,1,dataset_apia2022,1
j adore cette appli,1,0,0,0,dataset_apia2022,1
Très simple d'utilisation même s'il est vrai qu'on se perd un peu dans l'application Garmin qui pour moi a trop d'option. Je découvre encore ...,1,0,0,1,dataset_apia2022,1
L'application ne trouve pas ma vivofit et quand elle daigne bien vouloir m'afficher le code je ne sais pas confirmer et elle relance automatiquement une nouvelle recherche...!! On fait quoi dans ce cas là? !?!,0,1,0,0,dataset_apia2022,1
"Tous les 2 mois, problème sur la fenix 6 pro de synchronisation concernant la musique avec ce message ""écoute hors connexion, impossible, veuillez mettre à jour"" même lorsque ça vient d'être fait par le tel et par l'ordi !",0,1,0,0,dataset_apia2022,1
"Bonjour, depuis la mise à jour du 21 juillet, l'appli ne fonctionne plus... Quand je la réinstalle et que je lance la connexion ou une nouvelle inscription... J'ai un message d'erreur. Java. Lang. Exception. 521... Résultat je ne peu plus utiliser ma montre.. Sinon l'appli est très bien sans ça... Pouvez vous faire le nécessaire s'il vous plaît ? Merci d'avance.",0,1,0,0,dataset_apia2022,1
Dommage de ne pouvoir faire des dossiers par distance.,0,0,1,0,dataset_apia2022,1
Rien de nouveau côté correctifs. Toujours impossible de publier une activité correctement sur facebook ! La publication donne juste un lien foireux vers Garmin connect qui crash des lignes d'erreurs.... Vraiment déçu pour une appli qui se veut communautaire..... Si c'est juste pour faire des synchro j'ai mon PC...,0,1,0,0,dataset_apia2022,1
Le couplage de mon capteur de vitesse s annule quand j arrête l application et impossible de la faire refonctionnee depuis. Avec plusieurs essais sur différents modèles de téléphone. Extrêmement déçu.,1,1,0,0,dataset_apia2022,1
Impossible de connecter la montre depuis l dernière mise à jour. ...,0,1,0,0,dataset_apia2022,1
"Voilà deux mises à jour effectuées, toujours impossible de reconnecter ma vivofit2 à mon Galaxy s6... ça va faire quatre à cinq mois... même après désinstallation de l'application... Dommage j'aimais beaucoup.",1,1,0,0,dataset_apia2022,1
Après 3 jours sans pouvoir connecter ma fenix 3 en bleetooth avec l'appli tout est revenu à la normale alors que le SAV me demandais de renvoyer ma montre. Enfin le principal c'est que cela fonctionne.,0,1,0,0,dataset_apia2022,1
Connexion à Samsung a5 impossible,0,1,0,0,dataset_apia2022,1
Facile d'utilisation et toujours adapté à ma vieille Garmin 😁,1,0,0,0,dataset_apia2022,1
"Plein de données utiles (sommeil, cycle menstruel, calories, etc.). Simple à utiliser:)",0,0,0,1,dataset_apia2022,1
Tout y est ! on pardonne quelques mesures fantaisiste s,1,0,0,0,dataset_apia2022,1
bien etule,1,0,0,0,dataset_apia2022,1
"Superbe application, très agréable et sophistiqué",1,0,0,0,dataset_apia2022,1
"Je suis venu à Garmin pour mon compteur de vélo (830) j'ai decouvert l'application et j'ai acheté une montre 245 a un prix très intéressant. Il faut absolument sortir l'application des économies d'énergies, il faut la laisser fonctionner en arrière plan et laisser les notifications actives, etc... sinon on perd la synchronisation, le coach, etc...",0,0,1,1,dataset_apia2022,1
"Super application car elle permet de suivre tous les paramètres de ses activités sportives. Ceci dit, j'ai remarqué que lors de l'enregistrement d'un équipement (vélo dans mon cas), les kilomètres effectués ne sont plus totalisés pour l'équipement concerné. Exemple: je fais 30 kilomètres à vélo, je synchronise la montre et l'application ; tout est bien synchronisé et mon activité s'affiche dans ""ma journée"", mais lorsque je regarde mon équipement (le vélo), il affiche 0 kilomètres au lieu de 30. Que faire ? Cela sera-t-il résolu dans une mise à jour de l'application ? Merci d'avance pour la réponse. Sinon, application géniale ! Merci.",1,1,0,1,dataset_apia2022,1
Énorme problème avec la maj du 07/12 ou comment flinguer une image de marque juste en période achat de noël,0,1,0,0,dataset_apia2022,1
"Par contre, l'écran de résumé mixe les activités cyclisme et course à pied alors que le type est bien défini dans mes activités.",0,0,0,1,dataset_apia2022,1
Les métriques en natation ne sont plus pertinents : distances en km au lieu de m et la vitesse en km/h a remplacé l'allure par 100m.,0,1,0,0,dataset_apia2022,1
"Déconnexion régulière, des re connexion parfois impossibles... 
Synchronisation parfois terminée mais inutile, les donnes ne sont pas 
imprégnées. Modèle Forrunner 35.",0,1,0,0,dataset_apia2022,1
"Toujours pas possible de la synchroniser avec un Huawei P8 lite 2017... Malgré des mise à jour répétée, toujours pareil...",0,1,0,0,dataset_apia2022,1
Top super appli,1,0,0,0,dataset_apia2022,1
Bonne application mais pas facile à configurer,1,0,0,1,dataset_apia2022,1
Appli basique pour suivre son entrainement. Programmation de sece possible. En revanche on ne peut pas programmer une seance pour l envoyer à qq un.,0,0,1,1,dataset_apia2022,1
Vraiment top !,1,0,0,0,dataset_apia2022,1
"Depuis la dernière mise à jour, il y a des interruptions de l'application lors du démarrage (Huawei Emui 8) mais les notifications fonctionnent.",0,1,0,0,dataset_apia2022,1
"La courbe détaillée du niveau de stress ne s'affiche plus pour la journée en cours. Il faudrait recharger la carte associée ? Idem pour les jours passés. De temps à autre, l'application y parvient tout de même. L'accès aux données sur le site ne fait pas mieux. Que se passe-t-il chez Garmin ? Je souhaitais acheter une Venu. Mais sans amélioration (ou retour à la situation antérieure), je prendrai plutôt une Galaxy Watch 3, qui si je me souvien bien, permet de stocker et d'afficher en local.",1,1,0,0,dataset_apia2022,1
Déçu 😢,1,0,0,0,dataset_apia2022,1
Les programmes améliorent la condition physique et les courses sont moins monotones quand on court seul plusieurs fois par semaines,0,0,0,1,dataset_apia2022,1
"Utilision très régulière, solide, efficace avec une marge d'autonomie remarquable.",1,0,0,0,dataset_apia2022,1
Appli complète même s il n est pas tjs aisé de retrouver les infos que l on cherche (dès que ce ne sont pas les données généralistes de sport),1,0,1,0,dataset_apia2022,1
Excellente application permettant un suivi quotidien de son état. Très utile pour progresser!,1,0,0,1,dataset_apia2022,1
"Depuis un certain temps ma montre ne reçois plus les notifications habituelles ( SMS,....) Seulement le nom d un appel... Malgré les manipulations diverses ça ne fonctionne plus avec mon téléphone Huawei.. Vraiment dommage",1,1,0,0,dataset_apia2022,1
"J'ai une vivofit 2 et depuis que j'ai un honor 7x, je ne peux plus synchroniser mes perfs , et cela dure depuis février ! Que dois-je faire ???",0,1,0,0,dataset_apia2022,1
"Très bien, super facile et convivial.",1,0,0,0,dataset_apia2022,1
"Pratique, précise et efficace",1,0,0,0,dataset_apia2022,1
Plus de synchronisation depuis le changement de piles entre le téléphone et la montre.,0,1,0,0,dataset_apia2022,1
Trop top,1,0,0,0,dataset_apia2022,1
"- Inadmissible que les applications soit aussi nul, l'une que l'autre et qu'elle soit en anglais (boutique  connect IQ).                                                  - Impossible de créer des entraînements sur smartphone.              - Impossible de transférer plusieurs entraînements crée.                                          - écran HD et la latence de la montre   laisse à désirer.                                     JE METTRAI À JOUR MON AVIS QUANS LES REMARQUES CITÉ SERONT MODIFIER .",0,0,1,0,dataset_apia2022,1
"Manque de simplicité et d'intuitivité! Les appareils sont de bonnes qualités mais l'application n'est pas au niveau. Trop superflue et redondante, ne va pas à l'essentiel. Le problème je pense est qu'il faudrait séparer le côté sportif avec les différents sports et mesures du côté vie avec le nombre de pas, les heures de sommeil..... car on s'y perd vite. Le manque de souplesse de l'application nous empêche aussi de paramétrer complètement ce que nous avons réellement besoin...bref",1,0,1,1,dataset_apia2022,1
"Beaucoup d'informations, l'application est efficace avec un bon suivi de données d'activités.",0,0,0,1,dataset_apia2022,1
Cela fait 15 jours que j'ai ma nouvelle montre j'en suis très contente le site Garmin Connect a très bien fonctionné pendant une semaine il y a une mise à jour et depuis c'est du grand n'importe quoi là ça fait deux jours que l'application ne fonctionne plus ça me met un message comme quoi le service est momentanément indisponible de revenir plus tard ça commence à faire long,1,1,0,0,dataset_apia2022,1
"Google maps dans le flux clignote en permanence et je ne peux pas voire mes trajets ni les trajets de mes contacts, j'ai redémarré j'ai réinstallé, j'ai fait les mis à jours..que faire svp?",0,1,0,0,dataset_apia2022,1
Type top comme appli simple et efficace,1,0,0,0,dataset_apia2022,1
Nul la mise à jour et plus de montre connectée  au téléphonée.bref pas sérieux et pro. Merci résoudre rapidement le problème!!!!,1,1,0,0,dataset_apia2022,1
Pour moi la meilleure appli!!!,1,0,0,0,dataset_apia2022,1
"L'application la plus complète que j'ai essayé largement au dessus de Samsung healt ou coros ,top appli pour top montre de sport",1,0,0,1,dataset_apia2022,1
"je change de smartphone et impossible de connecter ma montre , mon téléphone détecte bien la montre mais impossible de les associer",0,1,0,0,dataset_apia2022,1
"Avec la montre Garmin Fenix HR 3 Déconnecté/connecté... avec Nokia 5 Android 9. Dommage car fonctionnait très bien avec iPad. Essayé toutes les solutions de Garmin et autres... Rien à faire se déconnecte, reconnecte sans arrêt. Voir se reconnecte qu'en manuel. Mise jour = mieux mais si, longtemps éloigné du portable, ne se reconect pas toujours. Pareil va bien vous "" transmettre"" les SMS appel ou autre..puis subitement le tél sur soit, plus rien ! (Et marqué"" connecté ""..)",0,1,0,0,dataset_apia2022,1
Depuis plusieurs jours impossible de connecter ma vivomove HR à mon appli Smartphone. Message laissé sur le site Garmin et personne ne m'a recontacté.,0,1,0,0,dataset_apia2022,1
Géniale!,1,0,0,0,dataset_apia2022,1
Plus facilement lisible Et plus ludique,1,0,0,0,dataset_apia2022,1
Excellent. Tout ce que je veux y est. Ça n'aide pas beaucoup mais à savoir que je suis très curieux moyennement sportif.,1,0,0,1,dataset_apia2022,1
Les notifications n'apparaissent plus sur la montre c'est bien dommage une mise à jour serait peut être pas de trop vu la réputation de Garmin 🤔🤔🤔,0,1,0,0,dataset_apia2022,1
"Très bonne application avec des statistiques qui peuvent nous rendre plus performant de jour en jour, je là conseille vivement. Mais cependant depuis environ 1 semaines l'application se met en défaut avec un maintenance ce qui est dommage, et remet en question la pertinence du site, j'espère que cela sera réglé au plus vite car elle est vraiment super mis à part ceci.",1,1,0,1,dataset_apia2022,1
"Application peu intuitive, qui présente beaucoup de lacunes. Par exemple, à la fin d'une activité, lorsque je veux ajouter des photos à partir de mon téléphone, l'application ne me donne pas l'option d'aller chercher mes photos dans le bon dossier... Et donc je n'arrive pas à y mettre mes photos. De plus, l'application plante souvent. Les paramètres sont peu intuitifs.",0,1,1,1,dataset_apia2022,1
Descend la batterie très très vite même éteint en tâche de fond.,0,1,0,0,dataset_apia2022,1
Super appli avec ma vivo +,1,0,0,0,dataset_apia2022,1
"Tres bonne appli, mais depuis ce matin, j'ai une erreur de synchro avec mon vivofit2 !! A l'aide :)",1,1,0,0,dataset_apia2022,1
"Parfait, correspond à mon attente.😀",1,0,0,0,dataset_apia2022,1
Idéal pour un amateur confirmé,1,0,0,0,dataset_apia2022,1
Bien,1,0,0,0,dataset_apia2022,1
Super 👌 pour suivre mes activités sportives,0,0,0,1,dataset_apia2022,1
"Je suis allé à Decathlon pour retourner ma montre et ils ont appelé Garmin, apparemment ils sont au courant du problème, ce sont tous les Android 7.0 qui sont touchés et ils sont en train de travailler dessus...   Ancien avis : Première Forerunner 235 achetée il y a moins d'un mois, couplée avec mon Sony Xperia X. Jusque là tout allait super bien, mais depuis la dernière mise, impossible de synchroniser les données, recevoir des notifications, etc... pourtant il y a bien connexion à l'application vu que j'ai le voyant vert au dessus de l'icône de la montre. J'attend la prochaine mise à jour, si ça ne change pas, j'irais la retourner au magasin. Dommage, produit de qualité pourtant, mais des progrès à faire sur l'application ou la connectivité ?",0,1,0,0,dataset_apia2022,1
Depuis la dernière mise à jour l'appli ne veut plus se synchroniser avec ma fenix 3. Veuillez corriger ce bug car l'appli n'a plus aucune utilité et c'est quand même bien pratique !!!,1,1,0,0,dataset_apia2022,1
Parfaite !,1,0,0,0,dataset_apia2022,1
Application parfaite,1,0,0,0,dataset_apia2022,1
Avec Galaxy note 3. Garmin connect ne reconnaît pas mon vivofit. Pas de synchro avec myfitnesspal. Très déçue.,1,1,0,0,dataset_apia2022,1
"Pour ceux qui rencontre des problèmes de communication entre téléphone et montre, tels que les notifications, les maj d'activités sportives, réinstaller Garmin Connect et mettre votre montre à jour via l'ordinateur. Pour moi tout est rentré dans l'ordre, après 1 mois de bug non stop.",0,1,0,1,dataset_apia2022,1
"ÉNIÈME MAJ QUI NE SERT À RIEN!!!  Depuis quelques jours, la synchronisation des données est impossible... 31/10/17 Maj effectuée mais toujours pas de synchronisation des données!!!! C'est devenu pénible de l'utiliser. C'est fatiguant de refaire le couplage pour pouvoir synchroniser les données !!! 08/11/17 ça y est ça ne marche plus du tout!!!! 😡😡😡 10/11/17 je n'en peux plus... Je ne peux plus coupler ma vivosmart , le numéro change toute les 5-secondes 😡😡😡😡 Faites quelque chose rapidement. Je comptais investir dans une vivosport heureusement que je ne l'ai pas fait. Maj 19/11/17 inutile car inutilisable!!! On va changer. MAJ 30/11/17 ne fonctionne pas!!! MAJ 08/12/17 ne fonctionne pas!!!!!! Mon bracelet est cassé, pas de nouvelle MAJ en vue... et nous sommes le 08/01/18 😡. 15/01 toujours rien",0,1,0,0,dataset_apia2022,1
Presque satisfaite ... y a-t-il possibilité de faire apparaître la température extérieure lors des activités sportives svp ?,1,0,1,0,dataset_apia2022,1
"Super pratique,",1,0,0,0,dataset_apia2022,1
Super appli parfaite pour les coureurs !,1,0,0,1,dataset_apia2022,1
De plus en plus complet merci,1,0,0,0,dataset_apia2022,1
tres bien,1,0,0,0,dataset_apia2022,1
impossible de connecter ma montre vivoactive HR depuis cette dernière mise à jour. Connect se ferme dès qu'il a établi le lien Bluetooth avec la montre. Merci d'envoyer rapidement un correctif !,0,1,0,0,dataset_apia2022,1
Pas possible de ce connecté,0,1,0,0,dataset_apia2022,1
J'adore l'application ! J'ai toutes les stats que je veux et la synchronisation avec la montre est rapide ! Le seul défaut pour moi c'est le coté social qui est moins travaillé je trouve. Pour voir les activités de mes amis je dois chercher et c'est moins clair que Strava par exemple donc j'utilise Strava !,1,0,1,1,dataset_apia2022,1
Trop bien,1,0,0,0,dataset_apia2022,1
Ne synchronise plus les entrainements depuis la dernieres maj. Au prix que l on met dans nos montres ce n est pas normal😠,1,1,0,0,dataset_apia2022,1
Je pietinais dans mon entrainement . Avec un programme de caoch je vois mes progrès. Stimulant.,0,0,0,1,dataset_apia2022,1
Depuis 1 semaine impossible d'avoir mes données de sommeil de body batterie Après plusieurs désinstallation de l'application rien ne change,0,1,0,0,dataset_apia2022,1
Belle et parfaite,1,0,0,0,dataset_apia2022,1
Appli tres complète,1,0,0,0,dataset_apia2022,1
amazing,1,0,0,0,dataset_apia2022,1
Très pratique une fois en main,1,0,0,0,dataset_apia2022,1
Franchement après plusieurs mise à jour correctif enfin mon Honor 6X se synchroniser  👏  j'espère que ça va durer,1,0,0,1,dataset_apia2022,1
Je découvre depuis moins d'une semaine la montre et l'application. Il a fallu 48h pour que tout se cale notamment au niveau de la montre. Maintenant c'est opérationnel. L'application est pratique à manipuler. Je conseille de bien lire le mode d'emploi au début car tout n'est pas intuitif notamment au niveau de la montre. Je conseille,0,0,0,1,dataset_apia2022,1
"Bonne Application Mais Peut mieux faire par exemples la courbes de FC n'est pas assez détaillée.On pourrait voir les zones des pauses effectuées pendant la sceance sous forme de zone grisée. Ainsi que les changements de circuits sous forme de trait noirs (toujours sur la Fc) cela nous aiderait mieux a analyser notre scéance. Concernant les exercices effectués pendant notre scéance que nous pouvons mettre sur l'application, ils serait bien de rajouter le vocabulaire du Cross Fit en Anglais 👍",1,0,1,0,dataset_apia2022,1
La montre ne se met plus à l'heure. Impossible de mettre à jour malgré les synchronisations.,0,1,0,0,dataset_apia2022,1
"Plus d'un mois depuis la dernière MAJ qui a tout fait planter, ça commence à faire long.... Obligé de désinstaller et réinstaller tout les jours, voire plusieurs fois par jour !",0,1,0,0,dataset_apia2022,1
"Je suis ravi de cette application, je la consulte plusieurs fois par jour, 
très simple d'utilisation.",1,0,0,1,dataset_apia2022,1
"précis, rapide et efficace",1,0,0,0,dataset_apia2022,1
Des problèmes de connexion depuis la MAJ.,0,1,0,0,dataset_apia2022,1
"J'ai longtemps eu du Polar. Je suis passé il y a quelques années à Garmin. Je ne le regrette pas. S'il m'est difficile de comparer les logiciels - en particulier les applis Smartphone, qui n'existaient pas - je suis en revanche pleinement satisfait de Connect.",1,0,0,1,dataset_apia2022,1
"J'ai attendu presque deux semaines pour écrire mon avis négatif. En effet, tout allait bien jusqu'à la dernière mise à jour. Depuis, plus aucune synchronisation, plus de possibilité de connexion de la montre avec le portable. Problème, j'ai changé de pays aussi, ce qui fait que la montre ne donne même plus la bonne heure. Ainsi, la montre ne me sert plus qu'à m'entraîner au calcul mental...",1,1,0,0,dataset_apia2022,1
"De pire en pire... Depuis hier, plus aucune notification suite à la mise à jour du téléphone... Du jamais vu...",1,1,0,0,dataset_apia2022,1
au top,1,0,0,0,dataset_apia2022,1
Cant modify a custom training. Does not update in the watch.....Since this is why i have this watch it is pretty disapointing....,1,1,0,0,dataset_apia2022,1
"Bonne application, cependant je regrette l'absence de plan d'entraînement trail.",1,0,1,0,dataset_apia2022,1
fonctionne très bien sur mon s10,0,0,0,1,dataset_apia2022,1
"Je modifie mon commentaire de l'année dernière... Toujours rien de nouveau sous le soleil, Garmin n'est toujours pas en mesure de gérer les transferts via Bluetooth, obliger de connecter sa montre à son pc pour ne pas passer 20min à chaque course... Bref du travail d'amateur pour des montres pourtant performantes...dommage..",1,1,0,0,dataset_apia2022,1
IMPOSSIBLE DE CONNECTER MON VIVO SMART HR!!!!!!😖😣Avec Wiko rainbow lite 4G,0,1,0,0,dataset_apia2022,1
"Beaucoup plus pratique que l'application Polar, on peut notamment rentrer les entraînements que l'on fait sans montre (notamment natation où l'on ne porte pas de montre quand on est nageur).",0,0,0,1,dataset_apia2022,1
"Ras le bol! A chaque MAJ perte de connexion avec entre mon Vivosmart HR et mon galaxy S7. Impossible de faire quoi que ce soit et donc impossible aussi de changer une alarme.  Donc soit je garde ma montre avec moi et me réveille même pendant ma semaine de vacances comme je travaillais, soit je vire cette fichue montre juste à cause d une appli minable. Vous êtes prévenu : passez votre chemin, évitez Garmin autant que possible!!!!",1,1,0,0,dataset_apia2022,1
Je n'arrive pas a me connecter Bluetooth,0,1,0,0,dataset_apia2022,1
Applications en constante progression il manque juste la possibilité de créer et geree les entraînements sur cette application pour ce passer complètement du PC. .,1,0,1,0,dataset_apia2022,1
C'est super d'avoir une montre programmable qui Sync pas a cause d'un software en carton... On fait comment pour suivre un programme ..,1,1,0,0,dataset_apia2022,1
"Dorénavant impossible de configurer ma vívofit 2 sur mon nouveau smartphone, mise à jour catastrophique après plusieurs essais le message indiquant que l'appareil est déconnecté lors de sa configuration apparaît toujours je laisse tomber je ne prendrais plus cette marque",0,1,0,0,dataset_apia2022,1
Ma fenix 3 n'est pas reconnue !!,0,1,0,0,dataset_apia2022,1
"Impossible de récupérer mes dernières activités depuis la dernière mise à jour, impossible de connecter la montre avec le téléphone . Sans cesse des régressions, l'appli n'est pas stable. Merci de rapidement mettre à jour pour qu'on puisse récupérer nos activités.",0,1,0,0,dataset_apia2022,1
depui la nouvel mis à jour garmin connecte réalisé sur mon téléphone one plus 7t pro ma montre garmin fenix 6pro n'affiche pas les numéros d'appels entrent ne le nom de l'appellent merci de voir réglé ce problème le plus to possible. ( Problème de notification ),0,1,0,0,dataset_apia2022,1
Le site ne fonctionne plus depuis 2 semaines je trouve ça vraiment inadmissible.,1,1,0,0,dataset_apia2022,1
Tout allait bien jusqu'à un changement de téléphone (et donc un passage à la dernière version d'Android) et là c'est la catastrophe parce que la montre perd la connexion au téléphone au bout d'une petite heure. En plus de ça le service technique téléphone n'a aucune solution (avec une attente téléphonique de 15 minutes pour les avoir)!,1,1,0,0,dataset_apia2022,1
"Enfin j'ai trouvé... J'ai des installé l'application puis ré installé. Refait le couplage entre ma forunner 35 et mon Huawei P9 et ça fonctionne. Au bout de 2 mois de mauvais fonctionnement, je commençais à désespérer.",0,0,0,1,dataset_apia2022,1
La synchronisation avec ma fenix 5 fonctionne 1 fois sur 10,0,1,0,0,dataset_apia2022,1
Applications claire et conviviale. Il manque néanmoins la possibilité d'associer des photos comme sur Nike+.,1,0,1,0,dataset_apia2022,1
"C'est une super application , en plus de cela la montre est facile d'utilisation ! C'est vraiment génial ! Le bon combiné pour les personnes qui courent et qui font de la montagne régulièrement ! Et les défis proposé sont la cerise sur le gâteau ! Je recommande vivement !",1,0,0,1,dataset_apia2022,1
"l appli a très bien fonctionné pdt plusieurs mois mais ne synchronise plus rien avec le Cloud Garmin depuis la dernière mise à jour il y a 3 semaines. De plus l affichage ""ma journée"" n affiche plus que la moitié des items. Plus aucune infos sur le sommeil, sur la FC... déplorable. L appli est gratuite, ok, mais pas la montre à 300€! Le service informatique doit intervenir!",1,1,0,0,dataset_apia2022,1
"Bonne application, mais la création de parcours n'est pas logique, elle ne va pas au plus court... Depuis une mise à jour, cette application est enfin logique et agréable.",1,1,0,0,dataset_apia2022,1
se ferme des l'ouverture depuis la maj,0,1,0,0,dataset_apia2022,1
Excellent !,1,0,0,0,dataset_apia2022,1
"très pratique dans le suivi d'activités, pour le sommeil.",0,0,0,1,dataset_apia2022,1
Une application efficace mais dont l'utilisation et l'ergonomie n'ont toujours pas évolué depuis mon précédent avis il a y près de 2 ans... En particulier l'absence de personnalisation (onglet exclu) rend l'interface complexe et peu user friendly. Les records ne sont pas mis à jour... Dommage! Je crois que Garmin n'apporte pas d'importance à son appli malheureusement.,1,0,1,1,dataset_apia2022,1
"depuis plusieurs semaines impossible de synchroniser ma Fenix 2 avec l'application. pas la première fois que cela arrive. Depuis, et après 5 mails, pas la moindre réponse d'apportée. Au prix que coûtent les montres le minimum est que la connexion fonctionne. lamentable",1,1,0,0,dataset_apia2022,1
"Impossible de coupler ma vivoactive hr en bluetooth, même en ayant procédé à un redémarrage du téléphone et de la montre",0,1,0,0,dataset_apia2022,1
"Avec la connections bluetooth, c'est très pratique et rapide",0,0,0,1,dataset_apia2022,1
"I bought the watch 3 days ago, downloaded the app, created my profile and it has been impossible to login since then, the app gets back to the login screen and the following error message appears : "" java.lang.Exception : 521""",0,1,0,0,dataset_apia2022,1
Parfait et précis,1,0,0,0,dataset_apia2022,1
"Des choses à améliorer. Il faut absolument ajouter l'onglet RAPPORT que l'on trouve uniquement sur PC, car c'est le seul historique détaillé et viable qu'on peut avoir. Car sur l'application le récapitulatif sur un mois ou un an préfère afficher les calories dépensées plutôt que le cumul de dénivelé qui n'apparaît même pas, une aberration totale, les calories honnêtement on s'en fiche. Ces mêmes calories retrouvées en premier plan sur le tableau de bord à la place du dénivelé. Aberrant",0,0,1,0,dataset_apia2022,1
Ça roule!,1,0,0,0,dataset_apia2022,1
Aide beaucoup à la motivation et organisation des entraînements,0,0,0,1,dataset_apia2022,1
Nickel- Sauf quelques soucis de synchro parfois,1,1,0,0,dataset_apia2022,1
Trés bon appli. Efficace,1,0,0,0,dataset_apia2022,1
"Rien à dire, j'utilise cette application depuis 2 ans avec les différents gps que j'ai eu, toujours satisfait",1,0,0,1,dataset_apia2022,1
"En lien avec ma montre Garmin vívoactive HR, l'appli Garmin Connect rend 
parfaitement les divers parcours que je fais en course à pied ou à vélo. 
Top. Dommage, il manque juste la couleur sur le parcours pour montrer si on 
est dans le dur ou pas. Rapport au relief, par exemple.",0,0,1,1,dataset_apia2022,1
Très bonne appli qui fait le job.,1,0,0,0,dataset_apia2022,1
Appli clair et assez complète.,1,0,0,0,dataset_apia2022,1
"Depuis que j'ai fais la dernière mise à jour, tout est parti en live, mes données ne s'affichent plus sur mon téléphone, lors de mes activités je perds ma vitesse des, que je met sur pause et repars, bref, dégoutée et sans solution",1,1,0,0,dataset_apia2022,1
"Top app... facile d'utilisation, convivial et intuitif !",1,0,0,0,dataset_apia2022,1
Magnifica,1,0,0,0,dataset_apia2022,1
Appli très utile pour qui veux suivre ses améliorations et/ou ses performances,1,0,0,1,dataset_apia2022,1
Tout est parfait pour moi! Merci !,1,0,0,0,dataset_apia2022,1
J'aime beaucoup,1,0,0,0,dataset_apia2022,1
Donne un bon suivi en connection avec ma montre Forerunner 735XT,0,0,0,1,dataset_apia2022,1
Très complète et intuitive,1,0,0,0,dataset_apia2022,1
"Suite au hack dont Garmin a été victime, j'ai modifié mon mot de passe. Depuis, aucun problème pour le connecter via un navigateur, mais sur mon Pixel 3 via l'appli Garmin Connect, rien a faire. Mon prochain compteur ne sera pas un Garmin, ça c'est une certitude. Ma prochaine montre pour courir non plus",1,1,0,0,dataset_apia2022,1
Bien.,1,0,0,0,dataset_apia2022,1
Super appli👍,1,0,0,0,dataset_apia2022,1
L' appairage est toujours impossible avec la montre garmin vívofit2. Délai d'attente trop long et la synchronisation n'est jamais terminée lors de la connexion entre l'appareil et le mobile Android. Je ne recommande pas cette application.,1,1,0,0,dataset_apia2022,1
"Synchro avec forerunner 35 impossible sûrement depuis une maj. La 
réinstallation ne fait rien, le couplage ne fonctionne plus. Montre 
inutilisable, merci !",0,1,0,0,dataset_apia2022,1
Nulle .... imparamétrable n'affiche pas la cadence en temps réel . Je désinstalle . Et retour à l'envoyeur.,1,1,0,0,dataset_apia2022,1
Gros problèmes de connexion bluetooth depuis quelques semaines avec ma vivoactive 3. Problème récurent avec les téléphones Huawei et Honor semble-t-il. Déçu ...,1,1,0,0,dataset_apia2022,1
Une catastrophe depuis la dernière mis à jour sur ma Forerunner 45. Non seulement la synchronisation ne se fait pas où très difficilement après plusieurs manipulations mais en plus pendant une activité course à pieds les éléments sont affichés en Miles pour la distance et miles par heure pour la vitesse alors que tous les paramètres de la montre et de l' appli sont en kilomètres et km/h. Compte tenu du prix des montres je trouve cela aberrant que le problème ne soit pas résolu en une journée.,1,1,0,0,dataset_apia2022,1
"Tip top. De temps en temps lent. Pas compatible avec tacx bushido, mais on peut vivre avec...",1,1,0,0,dataset_apia2022,1
"Association impossible entre forerunner 30 et smartphone honor depuis leur 
dernière mise à jour avant ça marché très bien et aucune solution n'est 
apporté par Garmin ! Ça donne envie de repartir chez le concurrent !!",0,1,0,0,dataset_apia2022,1
"j ai acheter la vivofit ,puis elle ne s acouple pas ,j ai changer pour la vivosmart et elle non plus , le probleme ces l;application garmin connect",0,1,0,0,dataset_apia2022,1
"Impossible de faire la synchronisation en entier entre mon Honor 8X et ma Fenix 5S. La montre est connectée, la synchronisation démarre et s'arrête au bout de quelques minutes. Du coup je n'ai pas mes derniers run sur la montre. Ça marchait encore hier... Il faut vraiment faire qqch svp",0,1,0,0,dataset_apia2022,1
"Encore une mise à jour surtout esthétique et je vois toujours pas comment mettre la vitesse en km/h plutôt que l'allure, du coup je transfert toutes mes données chez polar pour voir mes données c'est le comble. D'ailleurs même dans le site ça se remet systématiquement sur allure.",0,0,1,1,dataset_apia2022,1
"Cette application est simple, précise ,se synchronise parfaitement avec ma montre",1,0,0,1,dataset_apia2022,1
Tres bonne expérience,1,0,0,0,dataset_apia2022,1
"App nécessaire pour une utilisation optimale de ma montre connectée. 
Couplage bluetooth par toujours facile ni immédiat, synchronisation encore 
moins. Je m'attendais à plus de facilité et ne pas en plus corriger des 
paramètres via le site web.",0,1,1,0,dataset_apia2022,1
Top. Tout ce qu'il faut,1,0,0,0,dataset_apia2022,1
Ma montre se connecte à mon téléphone mais pas à l'application... ça déconne depuis la dernière mise à jour. N'est-il pas possible de faire des mise à jours qui fonctionnent?,0,1,0,0,dataset_apia2022,1
tres bonne application pour les entraînements quotidiens,1,0,0,1,dataset_apia2022,1
Bien à ce stade après une petite semaine d'utilisation avec mon approach x40. Impossible de changer les unités de poids et de taille ? J'espère par ailleurs qu'il y aura d'autres possibilités de connexion avec des applis complémentaires.,0,1,1,0,dataset_apia2022,1
"Les mises à jours manque de sérieux... L'appli fonctionnait mieux il y a 6 
mois.... Prob de notitification des sms et autres.... Gestion de la veille 
???",0,1,0,0,dataset_apia2022,1
"Problème avec l'enregistrement du nombre de pas , et du suivi hebdomadaire et mensuel ... tjrs le même problème . Je dois brancher le cordon USB pour sauvegarder les pas. ... malgré le Bluetooth activé entre le Smartphone et la montre Vivoactiv HR... problème résolu merci 👍🏼",0,1,0,0,dataset_apia2022,1
Impeccable,1,0,0,0,dataset_apia2022,1
"Bonne application, cependant il manque l'option alarme pour pouvoir 
l'activer sur ma montre vivomove HR. Ma montre me dit de l'activer via 
l'application mais je ne trouve pas ou c'est.",1,0,1,0,dataset_apia2022,1
"Très bonne application. La synchronisation est rapide. Le fait de devoir passer par le Pc pour analyser ses courses n'est au final pas gênant car de toute façon on analyse ses performances qu'à posteriori. Mais ça serait sympa de pouvoir synchroniser direct la montre avec le smartphone (ma montre Garmin forerunner 910xt n'ayant pas le Bluetooth). Autre reproche, la communauté Garmin est moins importante que celle des applications Smartphone",1,0,1,1,dataset_apia2022,1
"Tres complet, tres positif",1,0,0,0,dataset_apia2022,1
"Très comptent du produit. La veille je planifie mon tracée VTT par le billet de l'application CONNECT, puis je transfert dans le compteur Edge. Le lendemain je n'ais plus qu'à suivre le gps qui m'indique la route à suivre. Au top. La plus part des sentiers sont indiqués sur la carte, il faudrait juste un peu plus de précision sur les dénivelés.",0,0,1,1,dataset_apia2022,1
"Aucun résultat affiché, l application repart à zéro à chaque connexion du smartphone. Sur le pc connexion impossible avec l 'application.",0,1,0,0,dataset_apia2022,1
Tres bien,1,0,0,0,dataset_apia2022,1
Très précis et complet,1,0,0,0,dataset_apia2022,1
"Montre garmin forerunner 935 reçu ce jour. Suite à la mise à jour  je ne peux plus effectuer de synchro entre l'application garmin connect et la montre que ce soit en manuel ou avec l'application  (échec du transfert), donc autant vous dire que ça  commence plutôt mal. Merci de bien vouloir prendre en compte ce problème.",0,1,0,0,dataset_apia2022,1
"application vraiment super, sauf que depuis ma dernière mise à jour je ne réussis plus à synchroniser ma foruner 35   sur mon téléphone samsung S9+ j'ai tout essayé, rien n'y fait!",1,1,0,0,dataset_apia2022,1
Très bon outil pour les randonnées,1,0,0,1,dataset_apia2022,1
Utilisatrice depuis plus de 10 ans... ravie.,0,0,0,1,dataset_apia2022,1
"c est fonctionnel et ergonomique. Petit bémol, les notifications ne fonctionnent pas avec mon Huawei...",1,1,0,0,dataset_apia2022,1
Pas de pb,1,0,0,0,dataset_apia2022,1
Très très bonne application,1,0,0,0,dataset_apia2022,1
Le complément indispensable des montres de la marque. Tout y est et plus encore ...,0,0,0,1,dataset_apia2022,1
application stable et très complète.,1,0,0,0,dataset_apia2022,1
"Simple, pratique et efficace!",1,0,0,0,dataset_apia2022,1
Excellente app. Très complète et performante.,1,0,0,0,dataset_apia2022,1
Pratique et facile! Je peux y enregistrer mes entraînements par intervalles et les ajouter au calendrier qui une fois synchronisé m'y donne accès par ma montre! Super aussi pour la natation. J'adore toutes les infos et statistiques que je peux y trouver et aussi de pouvoir personnaliser ce que je peux consulter.,1,0,0,1,dataset_apia2022,1
"super l ajout des boissons , par contre l'ajout rapide de 3 verres différents n'est pas assez pourvez-vous rajouter 3 ?? ce serait super et une deuxième jauge séparée pour l'alcool",0,0,1,1,dataset_apia2022,1
"L'application marche plutôt bien pour la synchronisation et l'affichage des données. Par contre impossible de modifier les paramètres de mon appareil : ""une erreur est survenue"" avec vivofit 2.",0,1,0,1,dataset_apia2022,1
excellent,1,0,0,0,dataset_apia2022,1
Rien à redire si peu être la connection entre la montre et le téléphone qui es très difficile il faut essayer plusieurs fois,0,1,0,0,dataset_apia2022,1
"Not perfect yet : Version 4.13.5 has a bug in it. I cannot share my activities. They are not pubmi by default and so Garmin proposes to change the activity privacy setting before the share (like it usually did), but then the share crashes with ""an error occured""... no other info is available at this point. Manually changing the privacy will make sharing work..but this workaround is an extra few clicks that can be avoided. Please fix.",0,1,0,0,dataset_apia2022,1
Super avec ma montre instinct,1,0,0,0,dataset_apia2022,1
Jveux pas m'inscrire....,0,0,0,1,dataset_apia2022,1
"Super, je recommande ! 🏃🏃🏃",1,0,0,0,dataset_apia2022,1
"Super appli, complète, fiable et intuitive. Utilisée avec une montre garmin fenix 6",1,0,0,1,dataset_apia2022,1
"Très bonne application, couplée avec ma Garmin, tout y est ! Je fais un peu de sport pour me maintenir en forme bien que je sois handicapé (sourd implanté Cochléaire bilatérale et main droite fichue suite à un accident de travail, bref, la totale..! Le sport, c'est très bon pour le moral je le recommande vivement et avec ma nouvelle ""Garmin venu"", tout est tellement plus simple"". Merci à tous. Pascool dit ""ROBOCOP""",1,0,0,1,dataset_apia2022,1
Depuis quelques temps je ne peux plus transférer d'entraînement de type cardio sur ma Forerunner 920xt. Garmin Connect dit que la montre n'est pas compatible. Alors que j'ai déjà transféré des entraînements de ce type il y a quelques mois de ça. Et personne ne me répond sur ce problème,0,1,0,0,dataset_apia2022,1
"impossible de rajouter ma carte pour le Garmin pay. ""carte pas autorisée """,0,1,0,0,dataset_apia2022,1
Bonne application connection rapide et sans problème,1,0,0,1,dataset_apia2022,1
bonne application,1,0,0,0,dataset_apia2022,1
"J'adore tt y est , precis top !",1,0,0,0,dataset_apia2022,1
Good,1,0,0,0,dataset_apia2022,1
"Appli très sympa avec des informations très intéressantes. On s'y retrouve 
facilement.",1,0,0,0,dataset_apia2022,1
Très lisible et connexion aisée. Donne de bonnes indications.,0,0,0,1,dataset_apia2022,1
"Application très complète, des fois même un peu compliquée. En prenant le temps de regarder partout, on s'en sort bien.",1,0,0,1,dataset_apia2022,1
"Bonne application. Je l'utilise depuis plus d'un an, jamais de bug. Utilisation intuitive, j'avais une tomtom avant et je préfère largement celle ci. Mais ça s'était avant... J'ai baissé la note à 2 car je n'arrive plus à synchroniser les données... C'est assez gonflant. Les derniers avis et notes sont catastrophiques mais ça n'a pas l'air de porter ses fruits...",1,1,0,1,dataset_apia2022,1
Très bien faite !!!!,1,0,0,0,dataset_apia2022,1
"Bonjour, cela fait bientôt 2 ans que j'utilise une montre Garmin et cette application. Jusqu'ici tout allait bien. Depuis 1 ou 2 semaines, la montre se connecte sans difficulté, mais ne tient plus la charge... Quand je fais défilé l'écran de la montre l'affichage est lent et hachuré. Les données ne sont plus renseignées sur l'application... Au vu du prix de la montre... 2 ans d'utilisation c'est plus que très court...",0,1,0,1,dataset_apia2022,1
"Bonne appli, petit défaut qui est le calcul en temps réel.",1,0,1,0,dataset_apia2022,1
Très content. . par contre souci au niveau des calories....en juin 85342kcal. ..pour 80km de course à pied 😁,1,1,0,0,dataset_apia2022,1
"Je trouve cette application géniale mais depuis la nuit dernière on me dit de revenir plus tard à cause d,une maintenance sur les serveurs. C,est un peu long car à l,heure que,il est je n,ai toujours pas de connexion. Dans l,attente de votre réponse Cordialement. J,enlève 4 étoiles et si il n,y toujours pas de connexion la semaine prochaine je désinstalle. Je remets 5 étoiles après avoir retrouvé toutes mes données même si cela a été long.",1,1,0,0,dataset_apia2022,1
Parfais,1,0,0,0,dataset_apia2022,1
Très satisfaite de l'application. Elle fonctionne parfaitement avec ma montre garmin 235 et répond aisément à mes attentes.,1,0,0,1,dataset_apia2022,1
Super  application 'merci garmin,1,0,0,0,dataset_apia2022,1
Bonjour l'équipe de Garmin. Mon téléchargement s'arrête à 69 pourcent. Que dois je faire ? S'il vous plaît.,0,1,0,0,dataset_apia2022,1
"tres bon coach, je l utilise depuis plusieurs années",0,0,0,1,dataset_apia2022,1
"Fonctionnait très bien sur mon Huawei p20, connecté avec un etrex touch 35 et une forerunner 30, depuis dernière mie à jour de Mars2019 pas de récupération des données ou très difficile (sommeil, activités).",0,1,0,1,dataset_apia2022,1
Depuis la mise à jour je ne peut plus synchroniser ma montre forerunner 45 dommage,0,1,0,0,dataset_apia2022,1
Je viens d'acheter un vivo fit HR express pour l application et la je me rends compte que pas moyen de la coupler avec l'application. Trop déçue.  Savez vous quand une nouvelle mise à jour est prévue?,1,0,0,0,dataset_apia2022,1
"Le couplage avec mon asus fonctionne très bien, l'application est complète 
et permet un bon suivi de l'évolution.",1,0,0,1,dataset_apia2022,1
Très bonne appli il manque le ski roues dans les activités,1,0,1,0,dataset_apia2022,1
Juste génial. ..,1,0,0,0,dataset_apia2022,1
fonctionne beaucoup mieux sur mon redmi note 6 que sur mon Huawei p9,0,0,0,1,dataset_apia2022,1
Couplage impossible entre forerunner 230 et Huawei p9lite,0,1,0,0,dataset_apia2022,1
"Je l'utilise tous les jours. Simple, facile, efficace. 😊",1,0,0,1,dataset_apia2022,1
"Using with edge 25, first de setting on the edge was always resetting, now after de update cannot connect to smartphone anymore. Pay more than 200$ for this, thinking of getting a refund, did not work proporwly since a got it",0,1,0,0,dataset_apia2022,1
"Grands sportifs passer votre chemin et regardez du côté de la concurrence. Les possibilités d'exploitation des données est indigne de garmin (calcul Vo2max faux car ne prends pas en compte le dénivelé ni le vent, précision Gps ne permet pas d'avoir une vitesse instantanée fiable, présentation des données inexploitables en l'état et nécessitent d'être reprises etc...), condition météo fausses et de toute façon non prisent en compte. Et cerise sur le gâteau, livetrack ne fonctionne plus !",0,1,0,0,dataset_apia2022,1
Je suis pleinement satisfait de cette application.et je la recommande,1,0,0,0,dataset_apia2022,1
Synchronisation impossible depuis la mise à jour. J'ai supprimé l'équipement mais impossible de le coupler à nouveau.,0,1,0,0,dataset_apia2022,1
Acheter hier. Fenix 6 La montre seule bien....mais acheter une montre connectée s'est aussi pour l'associer au téléphone. Impossible de lancouolzr au téléphone malgré les multiples tentatives avec l'application avec installation des installation....quel intérêt d'avoir une montre connectée qui ne se connecte pas au smartphone,0,1,0,0,dataset_apia2022,1
"Bonne application, mais depuis la mise à jour j'ai eu des gros soucis pour me connecter. Maintenant j'y arrive (depuis peu), mais, mes activités sont en mode décalées (apparaissent 1 jour avant...), malgré la mise de la date et l'heure exacte, je n'ai pas accès aux défis et non plus au flux des activités... Et je vois que je ne suis pas la seule à avoir des problèmes depuis la mise à jour...",1,1,0,0,dataset_apia2022,1
Les versions se suivent et se ressemblent. Toujours plus de fonctionnalités inutiles. Toujours pas de correctifs aux bugs signalés.,1,0,0,0,dataset_apia2022,1
Au top cette apli facile à utilisé,1,0,0,0,dataset_apia2022,1
Plus de connexion possible en bluetooth sur la Venu depuis la mise à jour !!,0,1,0,0,dataset_apia2022,1
"Après 2 mois sans plus pouvoir synchroniser ma vivofit3, retour sous garantie, échange contre une montre neuve et la miracle ça marche... Merci Garmin pour la montre neuve, mais la fiabilité de vos produits m'interpelle, HS au bout de 8 mois...",0,1,0,0,dataset_apia2022,1
"Contente, on peut rapidement voir les resultats des sorties, du sommeil.",0,0,0,1,dataset_apia2022,1
Bug à l'occasion et je dois désinstaller et réinstaller. Heureusement il conserve mes anciennes données,0,1,0,0,dataset_apia2022,1
"A titre personnel, je n'aime pas la présentation des données que je trouve mal agencées. On doit pouvoir faire mieux. Depuis plusieurs mois, le tracé gps du parcours est incomplet (il manque régulièrement la moitié...) alors que la distance et le temps sont corrects. Le support technique ne sait répondre qu'une seule chose : faites les mises à jours de la montre. Ils sont rigolos, je leur ai dit plusieurs fois que ça n'a résoud pas le problème...",0,1,1,0,dataset_apia2022,1
Super top,1,0,0,0,dataset_apia2022,1
L'application marchait très bien avec ma Garmin Vivoactive 3. Malheureusement je ne peux plus me connecter à mon compte et synchroniser mes activités depuis aujourd'hui. Mon téléphone est un pixel 4a.,0,1,0,1,dataset_apia2022,1
Bonne lecture des données pour analyser ses entraînements. Interface intuitive et conviviales. Dommage que l'on ne puisse pas exporter les données dans un format texte standard.,0,0,1,1,dataset_apia2022,1
Problème d'application depuis ce matin. Impossible à ouvrir. Merci de faire une maj !!,0,1,0,0,dataset_apia2022,1
Quelle déception... Garmin n'annonce pas clairement la couleur sur ses nouvelles montres de running forerunner 220 et 620. Seule l'appli iphone semble compatible avec ces modèles. Les nombreux utilisateurs d'android n'ont qu'à patienter...,1,1,0,0,dataset_apia2022,1
"Rapide, précision exceptionnelle...",1,0,0,0,dataset_apia2022,1
Bonne application mais impossible d'afficher mes activités renseignées manuellement dans le calendrier.,1,1,0,0,dataset_apia2022,1
"Toujours en attente ... le code bluetooth est détecté par le nexus 4, mais la tentative de connexion échoue ... Vite un update !!  Nouvelle interface moins axées perf que vivofit, dommage",1,1,0,1,dataset_apia2022,1
Toujours en train de se déconnecter... Reconnexion peu conviviale.,0,1,0,0,dataset_apia2022,1
Fonctionnelle,1,0,0,0,dataset_apia2022,1
La montre ne se déconnecte plus . Bonne application,1,1,0,0,dataset_apia2022,1
"Depuis la mise a jour, j'ai sans cesse une demande d'autorisation concernant les notifications. je n'ai choisi que ceux que je voulais mais c'est toujours là. pour que ça disparaisse, je dois cocher tout, ce qui ne m'intéresse pas du tout. Je commence sincère en avoir plein mon casque.... Est ce que quelque chose peut être fait pour régler ce problème???",0,1,0,0,dataset_apia2022,1
l'application ne s'ouvre plus depuis la nouvelle mise à jour L'application refonctionne normalement.,0,1,0,0,dataset_apia2022,1
Dernière maj =0 Impossible de synchroniser la montre avec l'appli alors que le téléphone détecte bien le périphérique dans le BT. L'ajout de l'appareil avec l'appli ne fonctionne plus non plus...,0,1,0,0,dataset_apia2022,1
Ravi de pouvoir suivre les personnes qui sont sur Garmin aussi,0,0,0,1,dataset_apia2022,1
Appli très sympa et assez complète 👍,1,0,0,0,dataset_apia2022,1
Bonne application au départ mais très vite désenchantée coupures incessante impossible de réglé les montres l'application à beaucoup de mal à se connecter à Garmin connecter très déçu pas bon je vous la déconseille passé votre chemin il existe bien mieux .,1,1,0,0,dataset_apia2022,1
"Super appli. J'ai cependant un soucis. Sur ma vivosport je peux désactiver 
l'alerte ""bouger"". Mais dès que je synchronise cela revient. Et sur 
l'appli, impossible de le désactiver",1,1,0,0,dataset_apia2022,1
Beaucoup trop de problèmes de synchro avec la montre,0,1,0,0,dataset_apia2022,1
Plus possible de synchroniser ma montre depuis votre maj qui sois disant évite les bugs et compagnie. Ma note remontera quand ça remarchera.,0,1,0,0,dataset_apia2022,1
"Beaucoup de détails relatifs à la santé mais aussi aux activités sportives (elle est capable de détecter les mouvements de muscu), assez précise au niveau du calcul des calories, super pour le sommeil, l énergie, bref, une bonne appli. Très accessible.",1,0,0,1,dataset_apia2022,1
La connexion entre la montre et le téléphone est à nouveau fonctionnelle après 10 jours sans que ça ne soit possible. C'est extrêmement lent.. et un zéro pour le service client gamin qui ne répond pas aux questions...,0,1,0,0,dataset_apia2022,1
Simple d'utilisation et hyper fonctionnel,1,0,0,0,dataset_apia2022,1
C'est top!!! L'application permet de découvrir des circuits sympas et les statistiques sont top également!,1,0,0,1,dataset_apia2022,1
"super application des bugs par moment, mais fonctionne bien",1,1,0,0,dataset_apia2022,1
Utilisé avec Garmin 520,0,0,0,1,dataset_apia2022,1
"Latest update seems bloated. It hogs my cellphone significantly more, while no other update was made otherwise",0,1,0,0,dataset_apia2022,1
"Quelle magnifique application, tout fonctionne à merveille, jusqu'au jour ou... Garmin fait une mise à jour sur le produit Edge 820 et qu'il devient impossible de se connecter en Bluetooth avec ton portable Car le Edge 820 demande l'appli Garmin Ct Mobile en version 4.5 mais celle-ci n'est ajd qu'en 4.27.1 Donc, inutile de faire un compteur bluetooth si c'est pour ne pas pouvoir s'en servir 2 ans après J'espère que ce choix marketing n'est pas le même pour ts les produits garmin sinon c'est top",1,1,0,0,dataset_apia2022,1
"Précis , facile . suffisamment complet pour moi .",1,0,0,0,dataset_apia2022,1
Fonctionne très bien !,1,0,0,0,dataset_apia2022,1
Un bon suivi des activités,0,0,0,1,dataset_apia2022,1
Ma forerunner 35 ne se connecte plus ni à ma tablette Asus ni à mon Huawei p7. Faites quelque chose urgemment.,0,1,0,0,dataset_apia2022,1
Ludique et motivante,1,0,0,0,dataset_apia2022,1
"Application très motivante. Suivi précis avec la vivoactive hr. Toujours 
une petite phrase de motivation ou un badge pour nous encourager. J'aime 
insight qui permet finalement de se situer parmi une communauté 
d'utilisateurs et de se dépasser pour s'améliorer 😄. Merci aux concepteurs.",1,0,0,1,dataset_apia2022,1
Mais dommage que l application ne puisse intégralement personnaliser la montre (fenix 3).,0,0,1,0,dataset_apia2022,1
Dommage depuis la mise à jour de novembre la montre ne se connecte plus,0,1,0,0,dataset_apia2022,1
"Depuis maj, plus possible d'activer les notifications intelligentes!!",0,1,0,0,dataset_apia2022,1
Idéal pour se remettre en forme,1,0,0,0,dataset_apia2022,1
J'adore cette appli car elle me permet de voir toutes mes statistiques (cardiaques et performances),0,0,0,1,dataset_apia2022,1
suivi efficace et meilleure connaissance de soi. c'est top,0,0,0,1,dataset_apia2022,1
Tres bonne application. Le partage avec la communauté est très bien.,1,0,0,0,dataset_apia2022,1
Appli nickel rien à redire pour gérer son périphérique Garmin favori !,1,0,0,0,dataset_apia2022,1
Satisfait !,1,0,0,0,dataset_apia2022,1
Nouveau look réussi !,1,0,0,0,dataset_apia2022,1
abc,1,0,0,0,dataset_apia2022,1
Genial marche tres autonomie nickel,1,0,0,0,dataset_apia2022,1
Super application 👍,1,0,0,0,dataset_apia2022,1
Perte de synchronisation. C'est vraiment chiant...mon portable ne capte plus la montre. Désespérant.,1,1,0,0,dataset_apia2022,1
Plutôt satisfaite pour l instant en début d exploration du produit^^,1,0,0,0,dataset_apia2022,1
Catastrophique depuis la dernière mise à jour. Synchro impossible avec la vivosmart ni avec la forerunnner...,0,1,0,0,dataset_apia2022,1
"Cela fait 6 ans que j'utilise des produits Garmin avec cette application. Beaucoup d'évolutions ont été faites et c'est avec un grand merci que j'accueille tout ce travail. En revanche, je ne peux pas accepter que depuis 2 ans, au fur et à mesure des MAJ régulières, les appareils ne reçoivent plus les notifications ou qu'il y ai des bugs à n'en plus finir pour les synchronisations des parcours ou autres. Merci de bien vouloir faire stabiliser votre partie software au plus vite.",0,1,0,1,dataset_apia2022,1
Je mettrai une évaluation correcte lorsque Garmin fera fonctionner son application avec un Huawei p20 pro. J'ai beau eu faire les réglages spécifiques figurant sur le site mais il arrive fréquemment qu'il ne soit plus possible de reconnecter la montre fenix 5s. Une honte pour le prix !!!,1,1,0,0,dataset_apia2022,1
"Une patience d'ange pour le couplage, après nickel",0,0,0,1,dataset_apia2022,1
"Application utile et pratique pour suivre ses entraînements dans différents sports. Complète et facile à employer, les synchronisations fonctionnent bien et on peut s'y mesurer à ses contacts. J'emploie souvent.",1,0,0,1,dataset_apia2022,1
"Depuis la dernière mise à jour j'arrive enfin à recevoir les notifications 
et contrôler ma musique sur deezer depuis ma vivoactive 3. J'en conclu que 
les problèmes de connexion avec mon Xiaomi Redmi 4x sont résolus. C'est 
quand même plus agréable comme ça !",0,0,0,1,dataset_apia2022,1
Fonctionne beaucoup moins bien depuis les mises a jour successives. Dommage que l'utilisateur final soit beta testeur sur un produit  finalement non abouti. 11/12 6 semaines après le début des désordres toujours pas d'amélioration en vue et surtout aucune communication. Bye bye  Garmin !,1,1,0,0,dataset_apia2022,1
Utilisation pas super pratique mais efficace et complet quand on s'y est familiarisé. Super 👌 pour l'entrainement et sa programmation.,0,0,0,1,dataset_apia2022,1
Gros problemes de conexion,0,1,0,0,dataset_apia2022,1
Tres bonne applis,1,0,0,0,dataset_apia2022,1
"Problème avec le suivi d'activité depuis quelques semaines, qui renvoie à une page où il faut accepter les cookies. La page ne s'affiche pas en entier sur téléphone et impossible d'aller en bas de page pour accepter. Tout est bloqué. Du coup, impossible de suivre la personne.",0,1,0,0,dataset_apia2022,1
Application au top. J'aime bien la partie des entrainements avec les coach mais dommage qu'il n'y ait pas de programme d'entraînement ( avec coach) pour le marathon.,1,0,1,1,dataset_apia2022,1
"tout simplement super. complète et simple d'utilisation Il serait bien de pouvoir gérer au moins deux paire de chaussure en automatique, une pour le trail et une pour la course à pied.",1,0,1,0,dataset_apia2022,1
"Bonne application en temps normal, mais depuis la dernière mise à jour du 14 mars le sommeil et la fréquence cardiaque ne s'affichent plus dans garmin connect... Alors que je vois très bien la FC sur ma montre. Pour info j'ai un Huawei P20 Pro.",1,1,0,0,dataset_apia2022,1
Mise à part le sommeil qui est dû grand n'importe quoi comme sur toutes les autres montres.. Ras,0,1,0,0,dataset_apia2022,1
Bonjour depuis la mise à jour Il y a un souci avec le calendrier de l appli. On ne peut plus voir ce qu on a prévu ds la sem suivante ou même insérer des entraînements.,0,1,0,0,dataset_apia2022,1
Super appli très complète,1,0,0,0,dataset_apia2022,1
Application très complète et en parfaite connection avec ma Fenix 5x. Bravo Garmin.,1,0,0,1,dataset_apia2022,1
"A marche pendant une semaine , maintenant l appli , et maintenance puis , il subissent des probleme .delai donne 72 heure. Lol ca va faire une semaine que c est en panne",0,1,0,0,dataset_apia2022,1
"Problème partiellement corrigé avec la mise à jour de début janvier 2020 (4.26). Je reçois bien les notifications... pendant quelques jours. Je dois ensuite réinstaller l'application. ################# Les notifications ne s'affichent plus sur la Garmin 935 depuis la mise à jour de l'application de fin août 2019... Si je désinstalle et réinstalle l'application, j'ai des notifications pendant 1h et ensuite plus rien, alors qu'il n'y a pas de problème de synchronisation des activités. Les mises à jour se suivent mais j'ai toujours les mêmes problèmes d'affichage des notifications... Mises à jour : octobre (4.24.1),novembre (4.25), novembre (4.25.1) : toujours le même problème.",0,1,0,0,dataset_apia2022,1
"Bonjour, sur mon Huawei P9 lite, la connexion bluetooth avec ma Vivoactive HR ne fonctionne plus depuis fin octobre. Je ne sais pas si c'est dû à une MAJ Garmin ou Android. Car ce que je constate, c'est que cela fonctionne parfaitement avec un iPod, ou même avec mon vieux Nexus 5 (sur Android 6.0.1) que j'ai ressorti pour l'occasion (j'ai essayé avec les 2 dernières mises à jour de Garmin Connect, dont celle de ce matin). Donc d'après ça et les commentaires lus depuis plus d'un mois ici, il semble que les problèmes soient avec les Huawei et certains HTC et Asus. À moins que ce soit lié avec une version spécifique d'Android. Travaillant dans la qualité logicielle, je sais bien à quel point il est difficile de tester un logiciel avec toutes les combinaisons que cela comporte (à tous ceux qui disent ""la montre est chère et devrait être fiable de base"", sachez que pour faire du logiciel vraiment fiable, il faudrait multiplier par 50 le prix de la montre, et donc vous et moi ne l'achèterions pas ; pourquoi croyez-vous qu'un avion coûte si cher ? Dans les systèmes critiques modernes, sachez que ce qui coûte le plus cher ne sont pas les pièces, mais bel et bien le logiciel, car les ingénieurs coûtent ""cher"" et le temps de test est très long). Cependant, le problème semble vraiment toucher pas mal de modèles, donc forcément, deux mois pour le résoudre semble un peu long pour les clients. Le problème pour moi n'est pas le temps que cela prend, mais surtout le manque de communication, qui est un ""tue business"". Car limite si vous expliquiez pourquoi vous n'arrivez toujours pas à résoudre le problème, je pense que moins de monde râlerait ici (enfin j'espère surtout). Car mis à part ça, la montre est cool et l'appli aussi, quand elle fonctionne.",1,1,0,0,dataset_apia2022,1
TOP !,1,0,0,0,dataset_apia2022,1
"Merci pour ce magnifique outil. Serait-il possible que vous rajoutiez lors d'une mise à jour , lors de la création d'un parcour manuelement sur la carte , de pouvoir tracer une ligne droite entre 2 points ??? Et alterner entre le mode suivi de route et manuel entre 2points svp, merci d'avance :)",1,0,1,0,dataset_apia2022,1
Dommage pas de natation,0,0,1,0,dataset_apia2022,1
"Maintenant ça fonctionne nickel. Merci GARMIN. Je redonne 5 étoiles. Depuis la mise à jour 3.9, la synchronisation et les notifications fonctionnaient mal avec la Vivoactive HR. Et passage obligatoire avec GPS du mobile activé. Surconsommation de batterie inutile. Impatient qu'un correctif paraisse. Pour que je puisse remettre 5 étoiles....",1,1,0,0,dataset_apia2022,1
J' ai acheter une fenix 3 sappire a 500€ pensant que je pourrais suivre mes progressions sur  l'application mais celui ci ne marche   toujours pas gros bugg,0,1,0,0,dataset_apia2022,1
Works really well with fenix5 connexion is fast. But with a Garmin vivoactive hr it was really slow,0,0,0,1,dataset_apia2022,1
Grosse galère a remettre la bonne heure sur la montre sa marche 1 fois sur 10 (montre forerunner 235),0,1,0,0,dataset_apia2022,1
parfaiit,1,0,0,0,dataset_apia2022,1
Appareillage impossible avec Android 6?? Activez le GPS ! Bizarrement ça fonctionne !,0,0,0,1,dataset_apia2022,1
app complète permettant de regler sa montre. Assez facile d'utilisation,1,0,0,1,dataset_apia2022,1
Indispensable pour les sportifs !!!,1,0,0,0,dataset_apia2022,1
Super je l'utilise depuis peu. Mais maintenant je vais l'utiliser souvent,1,0,0,0,dataset_apia2022,1
Bien utile au quotidien ainsi que pour les séances de sport ou entrainement. Vraiment très complet.,1,0,0,1,dataset_apia2022,1
Application très simple d'utilisation et complète,1,0,0,0,dataset_apia2022,1
"Nul ne marche plus, ne reconnaît plus l adresse mail et mot de passe, alors que ça marchais bien au début...plus de connexion avec edge 520 ???",0,1,0,0,dataset_apia2022,1
"Comme les autres, je n'arrive pas à synchroniser ma Fenix 3 avec mon galaxy s5. C'est comme même incroyable de nos jours!! Le couplage se fait mais pas la synchronisation",0,1,0,0,dataset_apia2022,1
Super 😄🤩 !,1,0,0,0,dataset_apia2022,1
"Comme un autre utilisateur j'ai une garmin Fenix 3 dont l'altimetre ne marche pas, une honte vu le prix de la montre ! C'est inadmissible ! Ensuite des problèmes avec l'application garmin lors de la connexion ! Au prix des produits la moindre des choses serait que les options pour lesquelles on paye fonctionnent !",1,1,0,0,dataset_apia2022,1
Quelques difficultés pour maitriser,0,0,0,1,dataset_apia2022,1
Bonne application même si parfois certaines maj sont mis en prod de façon trop hâtive.,1,0,0,1,dataset_apia2022,1
Garmin connect est bien mais depuis la dernière mise à jour mon vivofit ne se synchronise plus avec mon téléphone.,0,1,0,1,dataset_apia2022,1
"Depuis la dernière mise à jour, plus moyen de visualiser les sorties. L'appli se synchronise bien avec ma Fenix mais après sur pas de possibilité de voir le détail de l'activité. Lorsque je clique dessus ça charge sans arrêt et sans succès. Suis obligé de passer par mon pc.",0,1,0,0,dataset_apia2022,1
"Les problèmes de connexion arrivent très souvent, et je ne suis pas sûr que cela vienne de mon incompétence à moi... Ceci dit par rapport au début l'appareil fonctionne et s'est mis à jour. il s'agit déjà d'un grand pas franchi !",0,1,0,0,dataset_apia2022,1
Top. Permet un bon suivi.,1,0,0,0,dataset_apia2022,1
Au top. Il manque quand même la possibilité de partager un entraînement créé. Sinon top.,1,0,1,0,dataset_apia2022,1
excellente applucation...,1,0,0,0,dataset_apia2022,1
Je viens d'acheter une vivoactive hr impossible de la coupler avec mon téléphone !!,0,1,0,0,dataset_apia2022,1
Belle découverte,1,0,0,0,dataset_apia2022,1
Incroyable compagnon de route avec une fonction GPS pas comprise et un affichage en km/h manquant,1,0,1,0,dataset_apia2022,1
La synchronisation du sommeil ne se fait plus depuis la nouvelle mise a jour et maintenant plus aucune synchronisation des pas des calories etc,0,1,0,0,dataset_apia2022,1
"Fonctionne très bien, l'application s'est bien améliorée avec les années.",1,0,0,0,dataset_apia2022,1
Synchronisation impossible avec ma forerunner depuis la dernière MAJ,0,1,0,0,dataset_apia2022,1
Excellent moyen de suivre sa progression.,0,0,0,1,dataset_apia2022,1
"Super appli pour suivre son allure de course ainsi que le cardio, distance, etc etc afin d'améliorer ses performances.",1,0,0,1,dataset_apia2022,1
La synchro ne se fait pas par le telephone ..la montre se synchronise sur l ordi mais je ne peux la parametrer dessus... connect iq est inaccessibles pour des questions réseaux ...que faire ?,0,1,0,0,dataset_apia2022,1
Je souhaiterai couplé mon bracelet vivofit à mon wiko stairway une mise à jour serait possible,0,0,1,0,dataset_apia2022,1
"A chaque fin d'activité,  je m'empresse d'effectuer la synchronisation avec l'application pour une visualisation optimales des activités sur différents appareils,  mobiles,  pc...",0,0,0,1,dataset_apia2022,1
"Plus d'historique pas ,FC ,etc depuis la mise a jour...",0,1,0,0,dataset_apia2022,1
Top.,1,0,0,0,dataset_apia2022,1
Parfaite pour la Forunner 620,1,0,0,1,dataset_apia2022,1
"Bonne application, gps efficace mais met quelques fois beaucoup de temps pour trouver les satellites au départ (position au départ).",1,0,0,1,dataset_apia2022,1
Pratique d'utilisation.,1,0,0,0,dataset_apia2022,1
Très bonne applications vraiment pour commencer ou reprendre la course y a pas mieux pour accompagner et motiver... Juste une choses negative c'est les programme d'entraînement qui sont en anglais et pas trop de choix au départ.,1,0,1,1,dataset_apia2022,1
merveilleix,1,0,0,0,dataset_apia2022,1
"Quelques bugs sur certains produits tel que garmin 235 mais marche bien avec la garmin 645 music. Propose des fonctionnalités incroyables !! Très intéressant et les graphiques et courbes sont super originales, très surpris.",0,1,0,1,dataset_apia2022,1
"Je reviens sur mon premier avis qui était plutôt positif. Depuis que j'ai acheté ma montre en juillet, j'ai essuyé les conséquences de votre cyberattaque, et depuis quelques semaines un dysfonctionnement notable de votre appli. Au prix auquel vous vendez vos montres, le ratio fonctionnement/dysfonctionnement de vos matériel et appli est honteux. Ajouté a cela, que nous n'avons, bien sûr, aucune explication de votre part, on attend juste que cela refonctionne.",1,1,0,0,dataset_apia2022,1
"L'application plante constamment, la montre ne se connecte pas et impossible de recevoir les notifications. Je dois la desinstaller et la reinstaller chaque fois.",0,1,0,0,dataset_apia2022,1
Ne synchronise plus... App plante souvent,0,1,0,0,dataset_apia2022,1
Sante et navigation,0,0,0,1,dataset_apia2022,1
Cela permet une gestion et un suivi de toutes les activités sportives sur téléphone et PC la lecture est facile,0,0,0,1,dataset_apia2022,1
Belle application,1,0,0,0,dataset_apia2022,1
Pas de reconnaissance Bluetooth avec ma forerunner 220 malgré l application et avoir suivi correctement la démarche de reconnaissance. Ne sert donc à  rien en Bluetooth...vraiment dommage,1,1,0,0,dataset_apia2022,1
"Encore une énième mise à jour qui ne résout pas mon problème de connexion 
Bluetooth avec ma forerunner 30 et mon Huawei P10.... IMPOSSIBLE de 
recevoir les notifications sur ma montre... 2 mois que ma montre est 
inutilisable, ce n'est pas faute d'avoir contacté le service client mais en 
vain... À croire que Garmin ne teste pas ses dernières mises à jour avant 
de les mettre en ligne... Un gros manque de professionnalisme. Il va 
falloir encore attendre un mois avant d'espérer une MAJ qui fonctionne....",0,1,0,0,dataset_apia2022,1
Problème de synchronisation avec Samsung note3 . Espère avoir une mise à jour pour se probleme,0,1,0,0,dataset_apia2022,1
Changement de telephone ...Samsung A21s deconnexion et connexion intempestive du bluetooth... ingérable. Toutes les mises à jours de faites et tout réinstaller.... rien n'y fait ( montre vivoactiv 4),0,1,0,0,dataset_apia2022,1
au top on peut tout gerer se creer des entraînements,1,0,0,1,dataset_apia2022,1
"Une application super complète, j'ai beaucoup progressé en running grâce à garmin. Merci.",1,0,0,1,dataset_apia2022,1
"Motivant, précis et complet. Petit bug : l'horloge du suivi sommeil (notamment) n'a pas pris en compte le changement heure été vers heure hiver français !",1,1,0,0,dataset_apia2022,1
Très intuitif donc très facile à l'utilisation,1,0,0,0,dataset_apia2022,1
ne fonctionne plus,0,1,0,0,dataset_apia2022,1
"avoir ses stats détaillé en un clin d'oeil, c top !",1,0,0,0,dataset_apia2022,1
Très instable. L'apps ne fonctionne pas et s'éteint fréquemment.,0,1,0,0,dataset_apia2022,1
"Super satisfaite dans l'ensemble, même si je ne maîtrise pas encore toutes les fonctionnalités.",1,0,0,1,dataset_apia2022,1
"J'adore cette appli, précise, fiable et très intuitive. J'aimerai juste que les fonctions qui tournent autour des segments soient aussi développées que sur une appli concurrente sur laquelle j'associe toutes mes courses garmin.",1,0,1,0,dataset_apia2022,1
"je retire 2 étoiles ça fais au moin 15 jours que sommeil et cardio ne synchronise plus avec le portable et je m’aperçois que je suis pas le seul ,alors gamin vous attendez quoi pour corrige ceux bug........",1,1,0,0,dataset_apia2022,1
"Update : depuis la dernière mise a jour apparaît d'ancienne notifications 
de sms. Seul moyen : paramètres puis notification intelligentes puis 
désactiver et réactiver SMS. C'est gênant. / je l'utilise avec la 
vivoactive hr et franchement elle est super pratique simple et complète. Ma 
femme a une polar et l'application est moins bien. J'utilise aussi 
l'application pour les calories. C'est nickel.",1,1,0,1,dataset_apia2022,1
Exceptionnel 🎇 👏 👍,1,0,0,0,dataset_apia2022,1
"Presque 2 ans d'utilisation avec ma vivofit.Record récupéré,Merci Garmin 👍. Très bonne application qui fait son boulot. Je la recommande à toutes et à tous.",1,0,0,1,dataset_apia2022,1
"Hussein P9 lite connexion difficile, vois la montre mais arrête de communiquer pour gérer les applications",0,1,0,0,dataset_apia2022,1
Bonne application super complémentaire avec ma montre,1,0,0,0,dataset_apia2022,1
Comment est il possible de voir le taux de charge de l appareil et où sur le portable autre que sur le cadran merci de me répondre,0,0,1,1,dataset_apia2022,1
Bon produit avec  garmin 935 rien à redire !,1,0,0,0,dataset_apia2022,1
Impossible d'envoyer un parcours sur la Fenix 3 Ça date d'une dernière mise a jour...,0,1,0,0,dataset_apia2022,1
J adore super applications permet de bien suivre ses séances et calories dépenses,1,0,0,1,dataset_apia2022,1
"Bien mais à quand la possibilité de créer des parcours sur l'appli, ou le gps edge VTT (ou trail) qui reste sur des chemins dédiés et non sur des routes ?",1,0,1,0,dataset_apia2022,1
Bien au quotidien,1,0,0,0,dataset_apia2022,1
"Application qui fonctionnait jusqu'à récemment...mais depuis peu, je ne parviens plus à appairer en Bluetooth mon Garmin Edge 1080 avec mon mobile. J'ai pourtant tout essayé... éteindre/rallumer, désactiver BT/réactiver, désinstaller/réinstaller l'application... rageant !!! Du coup l'appli ne m'est plus d'aucune utilité ! Que faire svp ?",0,1,0,0,dataset_apia2022,1
"Très bien, pratique et de bonnes informations. Je valide...",1,0,0,1,dataset_apia2022,1
Je ne peux même plus télécharger l'application. Il y a des limites dans l'incompétence !!!!!,0,1,0,0,dataset_apia2022,1
au top coupler avant avec une vivoactive et maintenant a fenix 3 vraiment niquel,1,0,0,1,dataset_apia2022,1
Top!,1,0,0,0,dataset_apia2022,1
Je rencontre un pb de couplage de ma Fenix avec mon téléphone depuis que j'ai effectué la Maj Android. ( Il s'agit d'un One Plus6t). Avez vous ce type de retour ?,0,1,0,0,dataset_apia2022,1
Depuis la dernière MAJ que de bugs (fréquence cardiaque et kilométrage) ne pas l'installer.,0,1,0,0,dataset_apia2022,1
"Depuis ce matin impossible de synchroniser mes courses entre la montre et 
mon téléphone ! Pourriez vous m'aider",0,1,0,0,dataset_apia2022,1
Je l utilise tous les jours,1,0,0,0,dataset_apia2022,1
Facile d'utilisation et complet.,1,0,0,0,dataset_apia2022,1
"Satisfait et contant avec Garmin 235 appli excellente (excepté les bugs) 
mais c'est du passé",1,0,0,0,dataset_apia2022,1
Parfait sur Sony Xperia go,0,0,0,1,dataset_apia2022,1
Problème de synchronisation est résolu. Merci,0,0,0,1,dataset_apia2022,1
Sur l appli je n'arrive pas à trouver mes favoris sinon c'est agréable,0,0,1,0,dataset_apia2022,1
Connecté avec mon Garmin 810 c'est fantastique !!!!!,1,0,0,1,dataset_apia2022,1
Ok.natation,0,0,1,0,dataset_apia2022,1
Top merci,1,0,0,0,dataset_apia2022,1
Parfait rapide et précis pour récupérer les infos de ma montre... Je préfère quand même la version ios qui est selon moi mieux optimisėe et moins lourde,1,0,1,1,dataset_apia2022,1
Le soir quand je regarde la télé ça me note que je dort.Donc cela fausse complètement le sommeil.,0,1,0,0,dataset_apia2022,1
excellente application tres complète,1,0,0,0,dataset_apia2022,1
impossible à installer,0,1,0,0,dataset_apia2022,1
Super application complète.,1,0,0,0,dataset_apia2022,1
"Depuis que mon vivosmart 3 a reçu une MAJ, je suis passé de 3 à 4% de données non mesurées par jour à 27 à 31%...  Du coup je ne vois pas trop l'intérêt, si 1/3 de ma journée n'est pas compté dans les stats. (bracelet bien serré, et à la même place qu'avant la MAJ)",0,1,0,0,dataset_apia2022,1
"Bonne application pour suivre la course à pied et la marche. Fonctionnement 
simple et efficace.",1,0,0,1,dataset_apia2022,1
👍,1,0,0,0,dataset_apia2022,1
"Application très complète, j'apprécie vraiment qu'il n'y ai pas de fonctionnalités payantes. Couplée à une Fenix 5s portée en permanence, j'adore les fonctionnalités proposées pour le suivi et l'analyse des activités et données de santé. Petit point négatif sur la détection des minutes intensives qui ne se base ni sur les activités que l'on enregistre, ni sur la fréquence cardiaque mesurée, mais sur les mouvements de la montre... Donc elle ne détecte pas les exercices de cardio low-impact",1,0,1,1,dataset_apia2022,1
Bonne apli dommage qu'il n'y ait pas plus de choix pour la montre forerunner 45 dans les cadrans,1,0,1,0,dataset_apia2022,1
"Comme presque tout le monde suis fan de Garmin... Mais les mises à jour des montres c'est une catastrophe !! Depuis la dernière, ma vivoactive 4 se prend pour une Apple watch !! Même pas 1j d'autonomie contre 3 avant la Maj... Et 7 quand je l'ai acheté",0,1,0,0,dataset_apia2022,1
Application qui fonctionne parfaitement et qui permet de se motiver pour bouger et se donner des objectifs.,1,0,0,1,dataset_apia2022,1
Des problèmes de connexion bluetooth qui perturbent l'experience depuis quelques jours. Plus aucune notification ni signalement des appels.,0,1,0,0,dataset_apia2022,1
Impossible de synchroniser la montre,0,1,0,0,dataset_apia2022,1
Bonne application !!,1,0,0,0,dataset_apia2022,1
"plus rien ne marche depuis les dernières mises à jour (Vivofit sur Xperia E1)  : pas de synchro (échec systématique) , j'ai réinstallé proprement l'appli pour réassigner le vivofit (PAIR) : impossible de se connecter, impossible de télécharger la liste des appareils (ma connection internet fonctionne parfaitement) Bref, inutilisable et bugué de partout !",0,1,0,0,dataset_apia2022,1
Help depuis la dernière MAJ l'alarme récurrente ne fonctionne plus. Je dois synchroniser tous les jours pour qu'elle soit active,0,1,0,0,dataset_apia2022,1
Claire et efficace,1,0,0,0,dataset_apia2022,1
Très bonne application. Bien faite et agréable à utiliser au quotidien,1,0,0,0,dataset_apia2022,1
Bonne application en constante amélioration.,1,0,0,0,dataset_apia2022,1
"Inadmissible que la fenix 5 ne puisse pas se connecter à garmin connect et au smatphone, pour le prix qu'elle  coûte cela devrait être parfait. Remboursement immédiat.",0,1,0,0,dataset_apia2022,1
parfait,1,0,0,0,dataset_apia2022,1
Permet de suivre toute les activités en direct et de réaliser des échanges de parcours facilement,0,0,0,1,dataset_apia2022,1
"Problème lors de ma lecture d'un document téléchargé, mon application s'ouvre à l'onglet parcours, alors que je veux consulter un document qui n'a absolument rien à voit avec garmin. L'application court circuite tous les documents téléchargés que j'ai besoin de consulter. C'est très ennuyeux . Avez vous une solution ?",0,1,1,0,dataset_apia2022,1
toujours aucune connection possible entre ma 945 et mon galaxy S 5 ! Déjà réinitialisé ma montre et mon téléphone sur les conseils du SAV... mais rien de neuf à l'horizon !!! J'étais très content de ma 920 et de l'appli' mais là ça craint...,1,1,0,0,dataset_apia2022,1
Les quelques bugs sont rapidement corrigés. Plus d'un an que je m'en sers sans pouvoir le plaindre !,1,0,0,0,dataset_apia2022,1
Efficace en version mobile,1,0,0,0,dataset_apia2022,1
"Bonne application très précise je suis très satisfait de ma montre 
garmin..je recommande vraiment cette marque .",1,0,0,0,dataset_apia2022,1
"La déception depuis le piratage !tout est perdu compte bloqué, obligé de rouvrir un autre compte réinitialisation, données perdues !bref vraiment déçue ! Et même en recréant un nouveau compte rien ne se fait !,! Bref la prochaine ca ne sera pas une garmin c est sur !client pris en otage comme d habitude",1,1,0,0,dataset_apia2022,1
"Très bonne application, très complete",1,0,0,0,dataset_apia2022,1
super pratique et simple a utiliser... complète (pour ma part),1,0,0,0,dataset_apia2022,1
Jadore. Simple et efficace.,1,0,0,0,dataset_apia2022,1
Super résumé du site !,1,0,0,0,dataset_apia2022,1
Simple et efficace ! Top!,1,0,0,0,dataset_apia2022,1
"Comme tous le monde, depuis la dernière MAJ, vivoactive HR ne se synchronisait plus. j ai fait appel au support, qui m a donné une procedure de reset usine qui a réglée le prb de synchro. il ne reste que les difficultés de connexion bluetooth, peut mieux faire...",0,1,0,0,dataset_apia2022,1
Appli utile et bon design,1,0,0,0,dataset_apia2022,1
"Facile à utiliser, beaux graphiques, fiable et motivant",0,0,0,1,dataset_apia2022,1
"Super, top fonctionnement",1,0,0,0,dataset_apia2022,1
"Pour ceux qui ont l'appli qui fonctionne plus depuis la MAJ, réinstallez l'appli, moi depuis ça marche",0,1,0,0,dataset_apia2022,1
"Utilisée depuis plusieurs années. Selon les montres achetées, une belle évolution des données et statistiques. Se connecte automatiquement en bluetooth avec le téléphone. Rien à redire, facile et pratique.",1,0,0,1,dataset_apia2022,1
"Bonne appli au quotidien, elle est un complément utile aux montres connectées Garmin",1,0,0,1,dataset_apia2022,1
Ne fonctionne plus depuis deux jours,0,1,0,0,dataset_apia2022,1
"Application installée sur Samsung s6 ,J5 2016, sur tablette.  Impossible  de créer un compte écran noir , rien ne se passe . Donc mauvais choix dans l achat de la vivosmart hr",1,1,0,0,dataset_apia2022,1
Très complète 😉,1,0,0,0,dataset_apia2022,1
"Fenix 3 avec Galaxy S7, c'est le bonheur! Il ne manque que la possibilité de créer un parcours.",0,0,1,1,dataset_apia2022,1
Fr235 et galaxy s6 fonctionne à merveille depuis 3 mois belle application  complète !,1,0,0,1,dataset_apia2022,1
t bonne app,1,0,0,0,dataset_apia2022,1
Fait très bien son travail !,1,0,0,0,dataset_apia2022,1
Je n arrive pas a lire  sms sur ma garmin 235  avec mon galaxy s8,0,1,0,0,dataset_apia2022,1
Tout est OK. Bonne application.,1,0,0,0,dataset_apia2022,1
"Très bonne application, très facile à utiliser. Dommage que pour la marche le chrono ne se mette pas en pause lors de l'arrêt comme pour la course.",1,0,1,0,dataset_apia2022,1
Très bien. J enlève une étoile car le coaching running date un peu,1,0,0,1,dataset_apia2022,1
"Obliger de désinstaller et réinstaller l apli tous les jours, Les notifications n arrivent pas sur la montre , Une galère pas possible",0,1,0,0,dataset_apia2022,1
Extraordinaire. Aucun bug. Autonomie de la batterie excellente . Très très bon produit,1,0,0,1,dataset_apia2022,1
Aucun problème à ce jour.,1,0,0,0,dataset_apia2022,1
"Utilisé en liaison avec Dynamic Watch : trés bons résultats. Avec la fenix 5x plus, le suivi est complet",0,0,0,1,dataset_apia2022,1
"Toujours impossible le de coupler une vivoactive hr et un Huawei p8 lite. 
Mise à jour de mai 2018, bravo Garmin, le couplage montre et portable 
fonctionne enfin... Sauf que ça ne dure pas, une seule synchronisation 
s'est faite, depuis plus rien, une mise à jour qui n'a servi à rien en 
somme...",0,1,0,0,dataset_apia2022,1
Le GPS connecté sur ma vivosmart 4 ne fonctionne plus depuis la dernière mise à jour (4.32.1). Ça fonctionnait avec la version antérieure (4.31.1) et avant.,0,1,0,0,dataset_apia2022,1
Fonctionne parfaitement! Je l'utilise depuis des années.,1,0,0,1,dataset_apia2022,1
"Top motivation, fiabilité, montre Fenix 5 au point",1,0,0,1,dataset_apia2022,1
"Impossible de créer un entrainement à partir de l'application et impossible de modifier une activité également (kilometrage, etc...)",0,1,0,0,dataset_apia2022,1
"super,",1,0,0,0,dataset_apia2022,1
excellent !!,1,0,0,0,dataset_apia2022,1
"Pas mal, quelques déco mais de grave!",1,0,0,0,dataset_apia2022,1
"Pratique pour télécharger sa course en direct ou une fois connecté à un 
wi-fi. Permet de visualiser son parcours et de le partager avec d'autres 
utilisateurs de Garmin express.",0,0,0,1,dataset_apia2022,1
Bien dans l'ensemble quoique j'ai toujours des doutes sur son bon fonctionnement quand je suis en vacances à Cuba ( plusieurs mois dans l'année.),1,0,0,1,dataset_apia2022,1
"L'appli est très complète. L'ergonomie des menus est bonne et il y a beaucoup d'informations à exploiter. Seul reproche, il n'est pas facile d'aller chercher votre historique des activités, un petit point à améliorer.",1,0,1,1,dataset_apia2022,1
"Je trouve dommage de ne plus avoir de suivi en direct sur FB, surtout quand on part seule... c'est vraiment nul, obligée d'utiliser une sur appli",1,0,1,0,dataset_apia2022,1
L'application synchronise mal avec ma Vivoactive 3. Le fond d'écran noir rend la lecture des données compliquées. L'ancienne version était bien.,0,1,0,0,dataset_apia2022,1
cela fais 15j que je l es pour le moment je suis ravis,1,0,0,0,dataset_apia2022,1
"Je confirme, alors que je n'avais aucun problème depuis 1 an sur le fonctionnement de l'application et de la montre, depuis la dernière mise à jour, impossible de me servir de ma montre: pas de synchronisation possible donc, aucun lien entre mon téléphone (Samsung) et la montre que je n'arrive même pas à mettre à l'heure !",0,1,0,0,dataset_apia2022,1
Petit problème depuis mon passage chez huawei,0,1,0,0,dataset_apia2022,1
"Application satisfaisante, mais je viens de découvrir que le téléphone doit avoir la géo-localisation activée pour autoriser la synchronisation avec la montre. Si cette option est désactivée, synchro out, mais aussi plus de retour de SMS et d'appel !!! Il est où le rapport ?!!! Que fait Garmin avec ces informations qui relèvent de la vie privée ? Qu'en pense la CNIL ?...",1,0,1,0,dataset_apia2022,1
Bonjour j'utilise l'application Garmin connect depuis bientôt un an en lien avec une Phénix 5xplus.tres souvent je suis obligé de supprimer puis de réinstaller l'application car les notifications fonctionnent après l'installation puis je ne sait pour quelle raison ne sont plus envoyée sur la montre c'est decevant. Souvent l'application me demande de redémarrer le téléphone pour résoudre le problème de communication mais après redémarrage cela ne marche toujours pas.,0,1,0,0,dataset_apia2022,1
"fait bugger completement le chromebook,(récent) vite désinstallé",0,1,0,0,dataset_apia2022,1
"Ai reçu la forerunner 620 pour noel, tres bon produit mais impossible de la connectée au téléphone.... Essayé sur d'autres téléphones, et c'est pareil...",0,1,0,0,dataset_apia2022,1
Déçu !! Obligé de réinstaller tous les jours l'application pour les notifications intelligentes...ça marche une journée...et pof ce ne fonctionne plus le lendemain !!Très pénible...que se passe-t-il ? Tout est déverrouillé sur mon tph!! pénible !! Pouvez vous faire quelque-chose ? Merci !!,1,1,0,0,dataset_apia2022,1
Entre loisirs et performances. Pour tout type de profils. C'est une superbe montre. Je recommande,1,0,0,1,dataset_apia2022,1
"Suivi du sommeil, peut toujours être amélioré. N'enregistre pas, ne permet pas, d'enregistrer les périodes de sieste. Bracelet résistant, très bonne tenue une fois chargé. Interface pratique , lisible.",0,0,1,1,dataset_apia2022,1
"Every month I need to uninstall because apps can't find watch and won't sync Edit 1: apps won't let me share my running or training stats, keep bringing me back to the home page, phone popout notification to say that connect apps is crashing repeatedly",0,1,0,0,dataset_apia2022,1
Très pratique,1,0,0,0,dataset_apia2022,1
Vraiment très bonne application tres bon suivie de la vie sportive et de tout les jours,1,0,0,1,dataset_apia2022,1
top des top,1,0,0,0,dataset_apia2022,1
Très belle application elle me sert énormément,1,0,0,0,dataset_apia2022,1
Tout est OK sur Huawei p20,0,0,0,1,dataset_apia2022,1
"J'ai une Garmin fenix2, ça fait 3 retour en SAV en 1an et demi. Elle retournera à nouveau des samedi. 499€ cadeau offert à Noël 2014, elle bug, pas de GPS, pas de bluetooth, affichages fantaisistes des données courses,  et à chaque fois c'est 1 mois et demi de SAV. M. Garmin changer de programmeurs et d'ingénieurs, ou faites autres choses, je sais pas. Cette montre je vais la foutre à la poubelle.",0,1,0,1,dataset_apia2022,1
Depuis plusieurs semaines j'ai des messages qui me demandent de connecter ma 920xt pour faire une mise à jour mais c est impossible!!! Un autre message me demande de rentrer le nombre inscrit sur ma montre. Mais il n y a aucun nombre a rentrer. Please improve your request. Other wise I am glad with this app.,0,1,0,0,dataset_apia2022,1
"Super applications, motivante et on peut mieux s'améliorer avec cette appli car on n'a plien de statistiques.",1,0,0,1,dataset_apia2022,1
Super application rien à dire,1,0,0,0,dataset_apia2022,1
Application claire et nette . Donne une bonne indication des efforts fournis.,1,0,0,1,dataset_apia2022,1
Je suis vraiment mécontente de cette application puisque je n'arrive pas à connecter ma montre à mon application smartphone dû à un problème venant du logiciel. Cela dur depuis plusieurs mois,1,1,0,0,dataset_apia2022,1
"Après les problèmes de synchronisation début mars, voilà qu'll m'est impossible d'accéder aux entraînements sur l'appli afin de les charger sur la montre, l'appli plante aussitôt ! 😠😠 Ça devient fatiguant ces problèmes à répétition ! ---------------------------------------------------------------------------- Et après 1 mois, toujours aucune réponse de Garmin, et ce malgré le signalement fait via l'appli, je ne semble pourtant pas être le seul à m'en plaindre ! 😠😠😠",1,1,0,0,dataset_apia2022,1
"Comme beaucoup de possesseur de montre Garmin et d'un téléphone Huawei (p10 Lite) je sors de quelques semaines pénibles ou le couplage en bluetooth était tout à coup devenu impossible. La dernière mise à jour semble avoir réglé le problème, depuis je n'ai plus aucune difficulté. Si à l'avenir vous pouvez tester vos mises à jour avant de les proposer, merci",0,1,0,0,dataset_apia2022,1
"Impossisiblité de se connecter à l'appilcation, le site est tout le temps out.",0,1,0,0,dataset_apia2022,1
"L'appli Garmin est assez complète. Cependant l'UX est améliorable sur certains points, comme sur les montres où ça fait fouilli des fois.",1,0,1,0,dataset_apia2022,1
"génial, amusant",1,0,0,0,dataset_apia2022,1
J'ai une forerunner 15 et l'application ne la détecte  pas avec ma tablette donc impossible de télécharger mes courses etc plus cas vendre ma montre  et en re achète une autre. Très déçus,1,1,0,0,dataset_apia2022,1
Plus de synchro depuis derniere maj,0,1,0,0,dataset_apia2022,1
"eh réveillez vous chez Garmin, une vraie cata depuis la MAJ. La sync avec strava et purement aléatoire oblige de dissocier pour associer de nouveau",0,1,0,0,dataset_apia2022,1
Super !! Très pratique je trouve,1,0,0,0,dataset_apia2022,1
Bonne appli. Complète.,1,0,0,0,dataset_apia2022,1
Après x tests des désinstallations... je ne peux plus du tout connecter ma Garmin donc l'appli ne sert plus à rien. A priori ça fonctionne sur les montres récentes mais je n'ai pas l'intention d'en racheter une pour le moment (ça coûte cher quand même). Je désinstalle une dernière fois pour ne pas la remettre.,0,1,0,0,dataset_apia2022,1
"Je n arrive pas a sauvegarder des entrainements avec repetitions. L appli 
me demande d affecter des etapes aux repetitions alors que des etapes sont 
deja affectees.....cette fonction est essentielle dans l appli et ca ne 
fonctionne pas!",0,1,0,0,dataset_apia2022,1
"EDIT: la dernière version ne me permet plus de synchroniser les activités 
de ma forerunner 220. Il faut que je supprime la montre dans l'application 
et que je la rajoute. Bref, c'est inutilisable.",1,1,0,0,dataset_apia2022,1
"Facile d utilisation, possibilité de partager avec ses amis.",0,0,0,1,dataset_apia2022,1
Gros bug en se moment arrive plus à se connecter,0,1,0,0,dataset_apia2022,1
Excellent application de données pour le sport !,1,0,0,0,dataset_apia2022,1
"Dépuis le début de l'année, impossibilité de synchroniser ma fenix 5s avec l'application l'application installée sur mon huaweei mate 9 et ce, malgré toutes les manipulations proposées par le support d'aide. Ça en devient pénible !",0,1,0,0,dataset_apia2022,1
Très bonne application et ludique. C'est parfait pour moi.,1,0,0,0,dataset_apia2022,1
"Super. Je me sers de toutes les fonctionnalités de l'appli. Peut-être que Garmin pourrait s'améliorer en faisant en sorte qu'il y ai moins de différence entre l'appli et le site web, c'est parfois déroutant. Et puis ca serait bien de pouvoir régler ses profils d'activités sur l'appli, en particulier les écrans de montre. Là l'appli deviendrait la meilleur de la concurrence",1,0,1,1,dataset_apia2022,1
Excellent!!!,1,0,0,0,dataset_apia2022,1
"Facile à installer et à utiliser, cette application est relativement complète et claire . Je recommande.",1,0,0,0,dataset_apia2022,1
"Interface pas super intuitif, mais les données essentielles y sont. Je l'utilise avec une vivoactive HR et J'en suis content :)",0,0,0,1,dataset_apia2022,1
merci beaucoup,1,0,0,0,dataset_apia2022,1
"Plus de vibreur depuis dernière mise a jour sur Vivosmart.  Mon smartphone Motorola Razr Hd Après réinstallation complète de Connect , c'est revenu...",0,1,0,0,dataset_apia2022,1
très satisfaite,1,0,0,0,dataset_apia2022,1
J'apprécie énormément  la fonction qui me permet d'analyser mon sommeil.  C'est rassurant de  comprendre son fonctionnement  et de le réguler. Le podomètre et les objectifs de pas sont motivants.,0,0,0,1,dataset_apia2022,1
Super application ! Fait son job.,1,0,0,0,dataset_apia2022,1
Super application ! Aucun beug contrairement à strava ou runstatic,1,0,0,1,dataset_apia2022,1
J arrive pas à me connecter avec le téléphone très bonne montre mais appli inutile faute de Connexion!,0,1,0,0,dataset_apia2022,1
"Bonjour depuis hier, ma montre n'arrive plus à se connecter à mon téléphone. J'ai eteinds la montre, mon portable, éteint /activé le Bluetooth et rien... Impossible de les connecté à nouveau... C'était simple avant, ça se faisait tous seul, est ce du à votre mise à jour ? Pouvez vous m'aider ? Merci",0,1,0,0,dataset_apia2022,1
Je n'ai plus les notifications sur ma vivo active 3 musique depuis que j'ai changé mon téléphone pour un Xiaomi Mi9...,0,1,0,0,dataset_apia2022,1
"Dommage qu il ne soit pas possible de prendre une vrais photo de l'activité , d afficher les principaux chiffres de cette derniere puis de partager sur les reseaux sociaux comme chez la plus part des concurants.",0,0,1,0,dataset_apia2022,1
Impossible de se connecter sur mon Samsung galaxy S5 depuis la mise un jour : une erreur est survenue,0,1,0,0,dataset_apia2022,1
Très bonne appli.,1,0,0,0,dataset_apia2022,1
"Depuis 2 jours impossible de synchroniser la montre via l'application. Du 
coup toutes mes données ne sont pas enregistrées. Même avec la mise à jour. 
Très déçu car l'application était bien et complète....",1,1,0,0,dataset_apia2022,1
ne fonctionne plus depuis le passage à Android 9 sur mon Xiaomi... déconnexion du bluetooth intempestives...,0,1,0,0,dataset_apia2022,1
"Super appli, manque juste la conversion en km/h",1,0,1,0,dataset_apia2022,1
Pas de souci pour moi👍,1,0,0,0,dataset_apia2022,1
"Impossible d'envoyer les parcours sur la montre, distance à 0 km et pas de trace depuis mise a jour! On se moque de nous!",0,1,0,0,dataset_apia2022,1
"Depuis mon nouveau smartphone, ma Garmin se déconnecte dès que je ferme l'application.",0,1,0,0,dataset_apia2022,1
"Au secours ! Depuis la dernière mise à jour (21/08/2020), plus de synchronisation possible. Le modèle 735 XT n'est plus reconnu par mon HUAWEI Mate 20 Pro. Quel dommage ! Tant de fonctions indispensables... Merci aux développeurs de publier un correctif.",0,1,0,0,dataset_apia2022,1
Bonjour  Depuis  un mois ma vo2 max ne se met pas jour sur mon bracelet et donc ne se synchronise plus avec l'application garmin Connect très dérangeant vue que je cour 2 fois par semaine. À savoir que la version du logiciel de mon vívosmart 3 est 4.00 et quand la version était à 3.70 et même 3.80 cela fonctionnait correctement. Qui a le même problème que moi et que faire ?,0,1,0,0,dataset_apia2022,1
Telechargement direct strava live ne fonctionne plus,0,1,0,0,dataset_apia2022,1
Impossible de configurer ma vivofit 3 sur mon huawei ! Nul,0,1,0,0,dataset_apia2022,1
Aucune connections entre mon S3 et ma  vivosmart..très déçu. .,1,1,0,0,dataset_apia2022,1
Facile d'utilisation,1,0,0,0,dataset_apia2022,1
Très pratique facile d' usage Excellente application,1,0,0,0,dataset_apia2022,1
des progres a faire dans la synchronisation c'est laborieux...sinon appli sympa,1,1,0,0,dataset_apia2022,1
impossible de synchroniser sur mon Samsung j7,0,1,0,0,dataset_apia2022,1
"Too, rien à redire",1,0,0,0,dataset_apia2022,1
J'ai mis 2 pour pas mette 1...  Support ant+ sous Android un jour ?,0,0,1,0,dataset_apia2022,1
"Parfait pour suivre son évolution et se lancer des petits défis entre amis, se challenger soi-même et aller un peu plus loin qu'on aurait pensé",0,0,0,1,dataset_apia2022,1
Obligé de redémarrer mon S6 edge+ à chaque fois pour que la montre Fenix 3 le reconnaisse.,0,1,0,0,dataset_apia2022,1
"Complète, intuitive, claire",1,0,0,0,dataset_apia2022,1
doesn't work anymore,0,1,0,0,dataset_apia2022,1
"Application fiable, complète, jamais de bugs avec mon samsung. Je recommande.",1,0,0,0,dataset_apia2022,1
"Très belle application, pas toujours très intuitive",1,0,0,0,dataset_apia2022,1
complet et fiable,1,0,0,0,dataset_apia2022,1
Se desynchronise régulièrement depuis le changement de smartphone et de montre J'ai ete obligée de synchroniser la nouvelle montre sur l'ancien smartphone puis coupler sur le nouveau. Et régulièrement l'application rebascule sur les infos de l'ancien smartphone,0,1,0,0,dataset_apia2022,1
"Au top, clair complète , facile d'utilisation",1,0,0,0,dataset_apia2022,1
"Excellente application dont j'appréciais surtout le fait de pouvoir activer 
le suivie en directe sur facebook pour que mes proches sachent où je me 
trouvais cette fonction ayant disparue j'ai enlevé une étoile dépêchez vous 
de la réactiver",1,0,0,1,dataset_apia2022,1
"Excellente appli pour les activités Garmin ! Je m'en sers avec la 735xt et le edge 25, rien à redire. Tout se connecte et se synchronise impeccablement en bluetooth. L'application est très stable et rapide !",1,0,0,1,dataset_apia2022,1
"Depuis la dernière mise à jour, ma vivoactive ne vibre plus lors des notification. Les mises à jour ressemblent à du bricolage !! Dommage.",1,1,0,0,dataset_apia2022,1
C'est simple un avis défavorable est suivi d'un avis très favorable. Synchro impossible depuis mi-août. J'ai une forunner 245 qui ne reconnait plus la synchro. Merci de corriger ce bugg. Tout ça à cause du ranconnage subit par Garmin. Vraiment pas cool de prendre les clients en otage.,1,1,0,0,dataset_apia2022,1
Bonne application et très complète,1,0,0,0,dataset_apia2022,1
L'application fonctionne toujours bien avec mon Samsung,0,0,0,1,dataset_apia2022,1
L'application plante Android 5.0.2 depuis plusieurs mise à jour,0,1,0,0,dataset_apia2022,1
"Bonne appli assez complète peut être trop même, le seul problème n'est pas l'application c'est l'appareil la montre en l'occurrence qui bug régulièrement",1,1,0,0,dataset_apia2022,1
facilité d adaptation au programme il serait intéressant de mettre sur le site une démonstration de l utilisation du produit cela améliorer la qualité de service de la marque,0,0,1,1,dataset_apia2022,1
Parfait pour la préparation. Impeccable au moment de l épreuve,1,0,0,0,dataset_apia2022,1
Très bonne application ...jusqu'à la dernière mise à jour. impossible de décharger les données ni de saisir le poids et le live track ne marche plus. merci la mise à jour 😠,1,1,0,0,dataset_apia2022,1
"Très bonne appli, dommage qu'il y ait un bug en ce moment. Appli inutilisable...",1,1,0,0,dataset_apia2022,1
Très bonne application que j'utilise au quotidien avec ma montre connectée,1,0,0,1,dataset_apia2022,1
"J'adore l'application. Mais depuis aujourd'hui, peut importe les unités de mesure que je choisi dans les paramètres, il l'a distance reste toujours en miles... Merci de corriger le problème.",1,1,0,0,dataset_apia2022,1
Pb de lecture de la vitesse sur graphe incohérente: indique 118km/h lors d'une pression longue sur un point du graphique alors que la courbe est à la bonne valeur soit 30km/h??????,0,1,0,0,dataset_apia2022,1
"bonjour, depuis la dernière mise à jour, mon activité rameur intérieur n'est plus conforme. je pouvais modifier la distance en km et maintenant il n'y a plus que la métrique mètre et c'est limité à 1600m. pas patrique quand on fait en moyenne 8km.. .",0,1,0,0,dataset_apia2022,1
Utilisation très facile !,1,0,0,0,dataset_apia2022,1
"Super pour uploader un parcours dans le Edge 510, permet de se passer de la connexion à l'ordinateur,  parfait. La visualisation des parcours effectués est pratique et très lisible,  cette application complète très bien le GPS.",0,0,0,1,dataset_apia2022,1
Parfait pour gérer son entraînement,0,0,0,1,dataset_apia2022,1
L'application restitue très bien les différentes activités mais elle manque cruellement d'intérêt sur l'exploitation des données. Par exemple le graphique de temps passé dans les différentes zones de FC n'existe pas pour tous les appareils alors qu'il s'agit d'une simple restitution.,0,0,1,1,dataset_apia2022,1
Appli qui fonctionne très bien avec une multitude de détails & des mises à jour efficaces,1,0,0,1,dataset_apia2022,1
"Les différents graph, badges etc sont top!!!!!",0,0,0,1,dataset_apia2022,1
Connexion impossible... Au prix de la montre c'est inadmissible...,1,1,0,0,dataset_apia2022,1
"Ma montre a du jour au lendemain été déconnecté de l'application et depuis plus possible de la reconnecter, j'ai redémarré mon téléphone, la montre, desactivé et réactivité le bluetooth, rien n'y fait",0,1,0,0,dataset_apia2022,1
"Impossible de coupler la vivofit sur mon smartphone, ça plante lors de la configuration (le bluetooth se déconnecte). Malgré la désinstallation et réinstallation, pas de changement. Je n'avais jamais eu de souci jusque là...",0,1,0,0,dataset_apia2022,1
"Très bonne application qui suit parfaitement notre évolution sportive et permet également les entraînements, coaching et suivis de santé",1,0,0,1,dataset_apia2022,1
Facile et rapide,1,0,0,0,dataset_apia2022,1
Facile à découvrir son utilisation est simple. Parfait pour mon niveau de golf.,1,0,0,0,dataset_apia2022,1
Excellent. Je ne peux plus m'en passer,1,0,0,0,dataset_apia2022,1
Bon programme il pourrait encore être beaucoup plus complet laissons faire le temps,0,0,0,1,dataset_apia2022,1
C'est un très bon complice d'entraînement.,0,0,0,1,dataset_apia2022,1
"De sérieux pbs depuis plusieurs semaines. Application à priori non reconnue par Samsung galaxy S10 (utilisée pourtant depuis 2020 sur ce tél), malgré désinstallation/réinstallation (perte de l'historique !). Vivoactive HR : perte des infos date, heure après extinction, obligée de faire une maj manuelle...?!",0,1,0,0,dataset_apia2022,1
Impec,1,0,0,0,dataset_apia2022,1
"Comme l ensemble des posts, plus de synchronisation possible entre ma montre fenix2 et mon téléphone Huawei honor7....inadmissible et pas de réponse aux mails envoyés au développeur....pourquoi ne pas renvoyer les versions antérieures qui fonctionnaient tres bien auparavant sur les Huawei.....",0,1,0,0,dataset_apia2022,1
Bon outil de suivi des dépenses caloriques + gestion du sommeil. Couplé avec My Fitness Pal c'est top. En revanche depuis 2j plus de vibration de notification sur mon bracelet alors qu'il n'est pas mis èen veille ! Ma dernière notif vibrante a été d'annoncer la batterie faible alors que je l'ai rechargé la veille !! (D'ailleurs l'icône de batterie faible n'est jamais apparue !),1,1,0,1,dataset_apia2022,1
Je recommande,1,0,0,0,dataset_apia2022,1
Super appli très complète qui regroupe toutes les infos utiles. Mon seul regret est qu'il n'y ai pas soit une appli a part entière pour la sortie de course a pied en elle même avec suivi du rythme cardiaque etc.. je suis obligé d'utiliser une autre appli mais du coup je ne peux récupérer mon rythme cardiaque sur cette dernière.. bref il manque pas grand chose pour que ce soit parfait. D'où les 4 étoiles et non 5..,1,0,1,0,dataset_apia2022,1
Bonne appli il manque juste quelques mises a jours plus régulières,1,0,1,0,dataset_apia2022,1
Trop de soucis de synchronisation entre edge 810 et smartphones Huawei p9. Problème connu par Garmin sans que rien ne soit fait...,0,1,0,0,dataset_apia2022,1
"Lamentable! Depuis les dernières Maj impossible de connecter ma Félix 3hr avec mon Galaxy s7, avant j'avais un s5 et jamais eu trop de soucis, j'avais déjà décrocher de chez Garmin pour le GPS moto mais là C'est la goutte d'eau!!! le passage chez suunto ou TomTom s' impose. Produits Garmin à fuir",1,1,0,0,dataset_apia2022,1
Pratique et simple,1,0,0,0,dataset_apia2022,1
"son utilisation est simple, le suivi des performances efficace",1,0,0,1,dataset_apia2022,1
Impossible de télécharger ! Le téléchargement se bloque toujours à 58%,0,1,0,0,dataset_apia2022,1
Garmin top mais manque le dénivelé sur l'application,0,0,1,0,dataset_apia2022,1
dans l'attente d'une synchronisation possible avec d'autres compteurs calorique que myfitnesspal ...... lifesum par exemple. sinon cool,1,0,1,0,dataset_apia2022,1
Impossible d'appareiller mon Vivosmart 3 à mon Honor 5c (EMUI 5.0.1 Android 7.0) depuis mi octobre. Mon appareil est inutilisable! Les diverses mises à jour ne changent rien du tout! C'est scandaleux! 9/12: encore une mise à jour qui ne résoud rien du tout.,1,1,0,0,dataset_apia2022,1
"Application qui ne fonctionne plus... Désolé, mais il va falloir donner plus d'info à l'avenir !",0,1,0,0,dataset_apia2022,1
utile!,1,0,0,0,dataset_apia2022,1
"Essais avec un coach pour un 10k , expérience intéressante et efficace, dans mes objectifs.",0,0,0,1,dataset_apia2022,1
Pratique et facile à utiliser,1,0,0,0,dataset_apia2022,1
Super appli pour faire du sport,0,0,0,1,dataset_apia2022,1
"Pratique, ultra complet. Il manque juste un peu plus d'ergonomie sur l'app. Tout devrait être plus simple à la navigation ... Il manque un aperçu des tracés ""courses"" en 3D que propose SUNTOO et qui vaut le coup surtout le récapitulatif des dénivelés en 3D, c'est top.",1,0,1,0,dataset_apia2022,1
"Super application sur s6 edge, fonctionne à la perfection.",1,0,0,1,dataset_apia2022,1
"Tres claire, lisible et intuitive, l'application et sa synchronisation automatique avec une montre Garmin est un modèle du genre. Rien ne manque et tout comme les montres du constructeur c'est très précis et fiable. Well done Garmin 😉",1,0,0,1,dataset_apia2022,1
Génial pour les sportifs !,0,0,0,1,dataset_apia2022,1
"Me permets d'avoir un suivi assez complet par rapport à mes activités 
sportives.",0,0,0,1,dataset_apia2022,1
Superbe expérience facile à utiliser .,1,0,0,0,dataset_apia2022,1
facilement connecté et données très completes,0,0,0,1,dataset_apia2022,1
"Voici des mois que je contacte le service du client de Garmin France sans 
avoir de solution et modification de l'appli pour qu'elle fonctionne Avec 
un Huawei P20 et un Huawei P20 pro l'application ne se lance jamais en 
tâche de fond pour se connecter avec une vivoactive HR malgré avoir changé 
en mode manuel dans la gestion de l'alimentation des paramètres du 
téléphone le lancement en tâche de fond. il est nécessaire de lancer 
l'application Garmin Connect manuellement d'activer le bluetooth et surtout 
le gps pour qu'elle se connecte avec la montre sinon elle ne se connecte 
jamais au tel. Je ne remercie pas les développeurs de délaisser ces 
utilisateurs. Peu être que chez Sunto il seront plus performant.",1,1,0,0,dataset_apia2022,1
Disapointed. It never works.. D'ont buy Garmin smartwatch. Waste of money. You barelly will be abke to use 10% of what yourw buying. I have a Forerunner645.. The music always have a noise in the earbuddys.. You need to run with your arm next to your eara otherwise too much noise etc.. Terrible,1,1,0,1,dataset_apia2022,1
Que du plaisir d'utiliser Garmin,1,0,0,0,dataset_apia2022,1
"Avant j'adorais cette application, mais depuis la dernière mise à jour, la seule façon de synchroniser avec ma montre est de redémarrer mon téléphone avant de relancer l'application. Plusieurs de mes amis ont le même problème, ça tue l'expérience!",0,1,0,0,dataset_apia2022,1
Pas assez de comparatif entre les différents entraînements,0,0,1,1,dataset_apia2022,1
Cool utile pour la course à pieds,0,0,0,1,dataset_apia2022,1
Dernière Maj tout est planté,0,1,0,0,dataset_apia2022,1
C'est très bien.,1,0,0,0,dataset_apia2022,1
très bonne application. facile à utiliser. je recommande,1,0,0,0,dataset_apia2022,1
Maj bof plus de visibilité sur les pas de nos amis dans le flux çela été motivant pour bouger,0,0,0,1,dataset_apia2022,1
Même problème que beaucoup d'utilisateur d'un téléphone Huawei. Pas de notification sur ma garmin forunner 235 avec mon Huawei P smart. Problème à réglé rapide svp.,0,1,0,0,dataset_apia2022,1
"Intuitif, bien fait, simple !",1,0,0,0,dataset_apia2022,1
"Beaucoup de données, beaucoup de fonctions, c'est Garmin quoi !",0,0,0,1,dataset_apia2022,1
Toujours obligé de réinstaller la montre à chaque perte de connexion. Et encore même quand j'essaye ça ne marche pas toujours. De gros problème de connexion bluetooth. Je préfère la.brancher directement au PC,0,1,0,0,dataset_apia2022,1
Parfait pour se donner des motivations supplémentaires.,0,0,0,1,dataset_apia2022,1
Application complète et bien faite,1,0,0,0,dataset_apia2022,1
complet comme apli,1,0,0,0,dataset_apia2022,1
"la nouvelle mise a jour ne me donne plus mes phases de sommeil, malgré une réinstalation de l appli et une remise a l origine de la montre. pourquoi??",0,1,1,0,dataset_apia2022,1
"esthétique très discutable de la mise à jour. De plus j'utilise une box android tv qui ne fonctionne qu'en paysage, donc les informations sont tronquées. Vivement un retour à la version précédente qui me convenait ! Seule solution à ce jour : utiliser la version web",0,1,0,1,dataset_apia2022,1
"Les différentes mise à jour ont réglé les problèmes de synchronisation, les plantages et autres bugs... L'application est devenue plus agréable à utiliser au quotidien.",1,0,0,1,dataset_apia2022,1
"Application qui deconne sans cesse, synchronisation hasardeuse, calories consommees qui changent du tout au tout en quelques jours... Et maintenant les notifications ne marchent plus. Je vais revendre ma vivosmart hr et aller voir du côté de fitbit!! Yen a marre gamin #garminsucks",0,1,0,0,dataset_apia2022,1
"Mises à jour régulières mais aucun changements ni nouveautés intéressantes. Est-ce utile ? Le nombre de pas journalier est-il un sport ? Il semble que non puisse qu'il n'y a pas de widget pour ça comme sur d'autres applications !!!! POURTANT, SUR IOS C'EST POSSILE !!! ""RACISME"" ANDROID ????? Excellent matériel, software décevant, aide non compétente.",1,0,1,1,dataset_apia2022,1
Pratique et performante!!!,1,0,0,0,dataset_apia2022,1
"Quelques jours que je m'en sers, facile rapide j'aime beaucoup",1,0,0,0,dataset_apia2022,1
Excellente appli dont je ne me passe plus !,1,0,0,0,dataset_apia2022,1
Impossible d utilise l appli depuis hier . En maintenance c est long quand l applu sera de nouveau utilisable ?,0,1,0,0,dataset_apia2022,1
Application agréable a utiliser! Son seul petit problème réside dans l'intuitivité de cetrains paramètres qui restent selon moi à revoir comme le transfert d'entraînements et les étapes de pairing Bluetooth initial! Tout de même un MUST pour votre appareil Garmin! Utilisé avec un LG G5 et une Garmin Forerunner 230.,1,1,0,0,dataset_apia2022,1
Appli qui permet de faire passer la montre garmin dans un autre monde.,0,0,0,1,dataset_apia2022,1
"Utilisation intuitive, interface très ergonomique, fonctionnalités diversifiées et complètes... le ""gadget"" ultime du sportif souhaitant décrypter ses entraînements et même la qualité de son sommeil!",0,0,0,1,dataset_apia2022,1
Très encourageante dans l'effort...,1,0,0,0,dataset_apia2022,1
Très pratique Utiliser pour chaque activité,1,0,0,1,dataset_apia2022,1
Impossible de télécharger l'appli!!!! S'arrête à 94%,0,1,0,0,dataset_apia2022,1
top...mq juste la capacité d d'intégrer les entraînements en salle,1,0,1,0,dataset_apia2022,1
"Super appli mais depuis la mise à jour, les données de sommeil ne s'affichent plus et impossible de les remettre....",1,1,0,0,dataset_apia2022,1
"Que dire de plus, Garmin c'est le top",1,0,0,0,dataset_apia2022,1
"Depuis la dernière mise à jour les notifications intelligentes ont décidé de s'activer sur toutes les applications, et quand j'ai voulu régler surprise le téléphone n'est pas dans la liste. Donc plus de notification sur le bracelet en cas d'appel ... une des fonctionnalités que j'utilisais le plus. Pratique une mise à jour qui diminue les possibilités !!!",0,1,0,0,dataset_apia2022,1
Une application excellente pour tous les sportifs,1,0,0,1,dataset_apia2022,1
"Depuis quelques jours, impossible de synchroniser correctement ma montre à l'application. Mon statut d'entraînement ne se met plus à jour... ma montre ne capte le GPS qu'après plusieurs kilomètres parcourus ce qui faussés les statistiques ... Quelle déception! Que se passe t-il Garmin???",0,1,0,0,dataset_apia2022,1
"J apprécie beaucoup cette appli ! Intuitif, simple et complète ! Bravo Garmin",1,0,0,0,dataset_apia2022,1
Depuis hier écran noir l application ne fonctionne plus:(,0,1,0,0,dataset_apia2022,1
Génial compagnon parfait de ma montre connecter,0,0,0,1,dataset_apia2022,1
Bonne appli,1,0,0,0,dataset_apia2022,1
Impossible de l'utiliser avec un Sony xperia E5. Écran noir au moment de de connecter.,0,1,0,0,dataset_apia2022,1
Beaucoup de difficultés pour connecter l'appareil,0,1,0,0,dataset_apia2022,1
Au top merci garmin,1,0,0,0,dataset_apia2022,1
"J'étais très satisfaite de la montre achetée en mars 2018,mais depuis 10j je suis très mécontente car je n'arrive plus à synchroniser la montre avec mon téléphone. 2 mails sans réponse au service après vente pour tenter de résoudre le problème. Faites quelque chose pour vos clients et communiquez si vous êtes en train de chercher le bug, ça va nous donnera un espoir. Merci d'avance",1,1,0,0,dataset_apia2022,1
"Très content de l'appli! Elle est bien faite, fluide, riche, utile. Agréablement surpris ! Couplée avec ma Garmin Fenix 6, c'est un vrai plaisir.",1,0,0,1,dataset_apia2022,1
"Cette application est facile. Jusqu'à la dernière mise à jour, tout était bien synchroniser. Maintenant, les activités ne se synchronisent plus :-( c'est plutôt ennuyeux :-/",1,1,0,0,dataset_apia2022,1
"L'interface peu paraître austère au premiers abors néanmoins l'app vos le détours, elle est complète et permet de nombreux suivis et action.",0,0,0,1,dataset_apia2022,1
"super appli, simple efficace. Le plus de mon point de vu c'est le coaching, parfait pour préparer des courses. Possibilité de choisir son entraîneur, le nombre d'entraînement par semaine, le type de course, tout cela en lien avec la montre, chapeau !",1,0,0,1,dataset_apia2022,1
Bien manque juste plus explications,0,0,1,0,dataset_apia2022,1
Excellente application depuis que j'ai la vivosport je ne prends même plus l'ascenseur alors que j'habite au 7ème étage 😎 et je descend en moyenne 5 à 6 fois/jours sans parler de la course à pied bref totalement satisfait 😍😍,1,0,0,1,dataset_apia2022,1
"Plus possible de lancer Spotify depuis ma Vivoactive. De même, plus possible de mettre Spotify en tant qu'application Musique par défaut. Une solution ?",0,1,0,0,dataset_apia2022,1
"Bonne application, facile d'utilisation",1,0,0,0,dataset_apia2022,1
Ne se connecte plus et ne se synchronise plus. Zéro réponse du service client.,0,1,0,0,dataset_apia2022,1
Appli qui fonctionnait très bien. Changement de téléphone (Samsung A8) et les notifications intelligentes ne fonctionnent plus. Très déçue de constater que cest le cas pour beaucoup de monde au prix de la montre et du telephone on s'attend à pouvoir utiliser toutes les fonctionnalités..... ---> MAJ problème réglé : pour ceux qui ont le même problème il faut aller dans Paramètres > Sécurité > autres paramètres de sécurité > accès aux notifications Merci Jérôme Trapp pour l'astuce ! :),1,1,0,0,dataset_apia2022,1
utilisée à chaque sortie course à pied !!! rien à dire toit est nickel pour moi !!!,1,0,0,0,dataset_apia2022,1
Impossible de synchroniser ses activées puis maintenant impossible de se connecter à son compte....,0,1,0,0,dataset_apia2022,1
"Cela fait plusieurs mois que j'utilise ma Fenix 5S plus. Jusqu'à quelques temps j'étais très satisfait de la montre et du logiciel. Cependant, depuis leur attaque informatique, je trouve la communication de Garmin déplorable. Ce serait bien de nous tenir informés de l'évolution de la situation. Au moins que l'on puisse coupler notre matériel avec le téléphone afin de sauvegarder nos données. Dommage, vu le prix que l'on paie pour le matériel.",1,1,1,0,dataset_apia2022,1
Franchement à revoir les mis à jours.. Déçu,1,0,0,0,dataset_apia2022,1
"Depuis la mise à jour Livetrack n'indique plus ma position ! Dommage car 
c'est une bonne application.",0,1,0,0,dataset_apia2022,1
I have to install an update on a weekly basis. Waste of my time,0,0,0,1,dataset_apia2022,1
Génial tout simplement !,1,0,0,0,dataset_apia2022,1
"Suite à la mise à jour du 17/11 et du18/11, la synchro ne se fait toujours pas... :-( testé avec l'honor 6x et Xperia. Avec la dernière mise à jour, le sony synchronise mais tjs pas le honor. C'est balo car c'est le honor mon téléphone dc je ne reçois plus de notification... cette montre «connectée» perd tout son intérêt! 29/11 : une n-ième mise à jour qui ne fonctionne tjs pas... et le 05/12 tjs pareil",0,1,0,0,dataset_apia2022,1
Application idéale pour suivre ses courses à pied.,0,0,0,1,dataset_apia2022,1
"demande à se reconnecter avec le code dès que je m'éloigne de plus de 5 mètres de mon téléphone! Fonctionnait bien avant ça, que comptez-vous faire?",0,1,0,0,dataset_apia2022,1
"Sometimes it takes a lot of time to connect the device via bluetooth, other than that it's a great app",1,1,0,0,dataset_apia2022,1
Zero issue with the Instinct.,1,0,0,0,dataset_apia2022,1
"Depuis la dernière maj, plus de synchronisation possible avec mon smartphone Samsung Galaxy A5... grrrr",0,1,0,0,dataset_apia2022,1
Super appli !!!,1,0,0,0,dataset_apia2022,1
Obligé d'avoir 3 applications pour finalement en avoir une complète. Pourquoi ne pas utiliser le GPS du smartphone pour tracer les trajets comme le fait la concurrence?. Pourquoi devoir charger une appli encore en plus pour charger les données alimentaires? là encore la concurrence fait mieux. Dommage car les produits sont bien fait (Garmin vivosmart hr) mais l'application manque de ces éléments pour détrôner les 3 étoiles manquantes.ironie du sort Garmin fabrique des GPS. Dommage que garmin soit bloqué sur ses positions au niveau de son application,0,0,1,0,dataset_apia2022,1
Nickel!! Simple et conviviale !,1,0,0,0,dataset_apia2022,1
"Fonctionne très bien avec mon Samsung Galaxy S8 Plus. Visuel intéressant et 
fonctionnalités pratiques",0,0,0,1,dataset_apia2022,1
Cool Precis,1,0,0,0,dataset_apia2022,1
Super!,1,0,0,0,dataset_apia2022,1
👌👌💪💪,1,0,0,0,dataset_apia2022,1
"Gros problème depuis la dernière mise à jour, impossible de consulter les activités",0,1,0,0,dataset_apia2022,1
Bug récurant permanent impossible à couplé,0,1,0,0,dataset_apia2022,1
"Après quelques soucis, l application fonctionne très bien, rapide.",1,0,0,0,dataset_apia2022,1
"Super appli, au top pour le jogging (débutant) !",1,0,0,1,dataset_apia2022,1
J'adore car je vois mes progrès et pas de bug,0,0,0,1,dataset_apia2022,1
Impossible de coupler ma forerunner 630 a mon alcatel idole3. Le portable détecte bien la montre mais impossible de la coupler.,0,1,0,0,dataset_apia2022,1
Ca marche tres bien. Tres utile pour suivre ses progres et avoir un entrainement personalisé.,1,0,0,1,dataset_apia2022,1
Téléchargement bloqué à 75% sur Samsung J5 2016,0,1,0,0,dataset_apia2022,1
Excellente appli,1,0,0,0,dataset_apia2022,1
Très satisfait de cette application pour mes sorties CAP et Vélo. Très bien faite.,1,0,0,1,dataset_apia2022,1
plus de synchronisation. A quand la remise en fonction ?????,0,1,0,0,dataset_apia2022,1
ergonomie sympathique enfin de la couleur prise en main un peu tordue...mais on verra avec le temps,0,0,0,1,dataset_apia2022,1
Bonne application avec des super fonctionnalités,1,0,0,0,dataset_apia2022,1
Au top ! Les fonctionnalités complètent parfaitement les appareils Garmin. Beau boulot.,1,0,0,1,dataset_apia2022,1
Expérience formidable avec l'application claire et précise. Manque quelques données traitées sur des appareils plus récent ( ex stryd) mais peu utilisé. La planification des trajets c'est grandement améliorée mais attention le GPS ne detecte pas toute les routes et peu parfois vous envoyer dans les chemins ( parfois non carrossable) malgres le cyclisme de route sélectionné. J'utilise peu le versant santé mais le retour visuel est bon pour ceux cherchant à quantifier les données journalière.,1,0,1,1,dataset_apia2022,1
J ai changer de téléphone. Et j ai plus mes activités. De certain moi,0,1,0,0,dataset_apia2022,1
application très complète,1,0,0,0,dataset_apia2022,1
Que du bonheur,1,0,0,0,dataset_apia2022,1
"Simple et complet, seul la connexion de la montre FR235 est chaotique, patience et persévérance permettent d'y arriver",1,0,0,1,dataset_apia2022,1
"Appli au top, se connecte très facilement avec la montre, très intuitive !",1,0,0,1,dataset_apia2022,1
application très motivante qui aide bien à se bouger.,1,0,0,1,dataset_apia2022,1
When we close the apps the fenix 3 HR stop the connexion too. Very bad. With huawei mate 20 pro.,1,1,0,0,dataset_apia2022,1
"La mise à jour ne résoud toujours pas le problème de couplage (qui persiste depuis début novembre) entre Vivoactive HR et Honor 6X ! Peut-être y travaillez-vous ""ardemment"" comme vous dites si bien quand on vous téléphone, peut-être aussi que si vous continuez ainsi nous irons voir ""ardemment"" chez vos concurrents. Avez-vous essayé de mettre des employés compétents à la programmation et tant qu'on y est à la communication aussi ? Car tout le monde aura remarqué que ce n'est pas votre point fort, on ne voit aucune réponse à nos commentaires !",1,1,0,0,dataset_apia2022,1
"Parfait ! L'appli permet de préparer les séances d'entraînement et d'en étudier les statistiques. Un guide parfait, tout du moins, pour le novice que je suis en sport. La création de parcours automatique est un sacré plus pour découvrir une région pendant les séances de running",1,0,0,1,dataset_apia2022,1
Moyen temps de mise en place long,0,0,0,1,dataset_apia2022,1
"Satisfait de la montre qui fonctionne très bien avec l'application. Manque peut-être une fonction timer avec du fractionné. Les stats sont globalement correctement restituées. L'application internet est un complément intéressant. Petit bémol à la montre qui par fois à des erreurs de calcul de longueur en natation. Pas encore testé pour les autres sports (natation, vélo, course à pied ok).",1,1,1,0,dataset_apia2022,1
"c'est de pire en pire Garmin , vos appareils sont intuitifs mais vos serveurs et applis ne le sont pas du tout. ca devient tres difficile de mettre a jour les compteurs et les montres , ca se deconnecte sans que l'on demande quoi que ce soit ca devient penible , faite preuve de bon sens sinon la concurrence va s'en charger.",1,1,0,0,dataset_apia2022,1
Parfait pour le suivi de mes entraînements Les différents suivis des activités sont très complets.,0,0,0,1,dataset_apia2022,1
"Refuse de s ouvrir avec galaxy tab 3 apres mise a jour  que faire  la vivofit2 ne sert plus du coup. Bloqué sur l ecran ""garmin connect"" même apres mise a jour tablette .",0,1,0,0,dataset_apia2022,1
Très satisfaite. Clair et facile à paramétrer.,1,0,0,1,dataset_apia2022,1
Depuis 47h impossible de synchroniser mon Nexus5 et mon vivosmart...,0,1,0,0,dataset_apia2022,1
Une visualisation parfaite des données du Vivosmart HR ! Fonctionnait super bien jusqu'au nouveau tel. Pas de notifications ni appels entrants envoyés par OPPO AX7 sur la montre. Toutes permissions pourtant accordées à l'appli Connect.,0,1,0,1,dataset_apia2022,1
Bonjour  impossible de changer les millles et km. sur l'apli du smartphone... et aussi le montre de déconnecte constament environs toutes les 30 sec merci de remédier a ses bugs,0,1,0,0,dataset_apia2022,1
Avant cette application était très bien je pense qu'il serait temps de faire des mises à jour car même la montre à jour l'application rend impossible les transferts de séances même après multiples essais et c'est vraiment lourd. Franchement je suis très déçu et je pense que les développeurs sont en vacances.,1,1,0,0,dataset_apia2022,1
Application plutôt complète et super agréable visuellement !,1,0,0,0,dataset_apia2022,1
Très bonne application pour suivre ses activité. Facile à naviguer et la fonction GPS est super.,1,0,0,1,dataset_apia2022,1
Très bien ! Rien a dire je dois juste le prendre en main !,1,0,0,0,dataset_apia2022,1
"Dommage que l'assistance en cas d'urgence ne fonctionne pas(Surtout c'était une des raisons pour laquelle je voulais cette montre). J'ai bien eu le message sur ma montre après avoir détecté une chute en vélo mais l'appel n'est jamais parti. Pourtant il y a bien 2 contrats à prévenir. Et dommage que la vitesse est affiché en miles et la température en farenheid, malgré les bonnes réglages sur la montre. Sinon pour le reste je suis contente de l'apli car communication tres rapide avec la montre.",0,1,0,1,dataset_apia2022,1
"Super application en adéquation avec l'équipement garmin 👍💪. J'utilise une forunner 245 et en suis très satisfait (GPS, suivit cardio, activités,...) Seul petit bémol les mises à jour et la connexion avec le tel qui n'est pas toujours rapide.",1,0,1,1,dataset_apia2022,1
pratique,1,0,0,0,dataset_apia2022,1
"Très content mise à part le retour de tracé mais j'ai peut être mal compris un truc. Parcontre, depuis ma mise a jour, le 29 avril, mes données quotidiennes ne s'enregistrent plus. J'espère que cela va se resoudre rapidement. Vivoactive 3 et Galaxy A5",1,1,0,0,dataset_apia2022,1
Utilisation tout les jours. Ma aidé a reprendre mon activité de course a pied.,0,0,0,1,dataset_apia2022,1
Ne se connecte plus depuis la maj du 04/02/2020... J'ai du télécharger la version 4.22.1 pour de nouveau utiliser ma montre connectée. J'ai contacté le support mais la réponse a été regardez les pages de support... J'ai payé cette montre en 2018 je m'en suis servie depuis sans problème je leur demande de revenir sur leur développement après avoir fais tout les tests et la réponse est complètement erronée... Première Garmin et sans doute dernière si aucune correction rapide ! A bon entendeur,1,1,0,0,dataset_apia2022,1
Application génial,1,0,0,0,dataset_apia2022,1
Site très convivial,0,0,0,1,dataset_apia2022,1
très bon,1,0,0,0,dataset_apia2022,1
Programme mobile facile d'utilisation et complet pour les informations des séances sportives.,0,0,0,1,dataset_apia2022,1
"Bonne application, parfait complément de la montre. Seul bémol, l'interaction avec d'autres applications qui souvent passe obligatoirement par le transfert de fichier .fit",1,0,1,0,dataset_apia2022,1
"Très bonne application, avec énormément d'informations sur les activités. 2 éléments qui pourraient être améliorés : retrouver le suivi des objectifs que l'on se fixe (sur la version web, 15 km de course de tel à tel jour - que je ne trouve pas sur l'appli) et intégrer sur nos charges entraînements un don du sang pour en suivre l'impact (je ne sais pas comment ça pourrait être possible) mais nos capacités physiques sont impactées et ce serait chouette de pouvoir le suivre plus précisément. Merci",1,0,1,1,dataset_apia2022,1
"Excellente application ! Complète, et très utile ! Je recommande",1,0,0,0,dataset_apia2022,1
Impossible de créer des répétitions dans les entraînements. Merci de votre aide ...,0,1,0,0,dataset_apia2022,1
très bonne application pour qui cherche qqch de simple à prendre en main et sans trop de détails,1,0,0,0,dataset_apia2022,1
Top avec une Félix 3 HR,1,0,0,1,dataset_apia2022,1
"Depuis le début, je reçois des notifications me signalant une nouvelle mise à jour de la montre. Je la connecte sur le PC sur Garmin express et rien, pas de maj Si vous pouviez stopper ces fausses alertes Merci d'avance",0,1,0,0,dataset_apia2022,1
J'adore l'application ça M aide beaucoup dans mes objectifs à atteindre,1,0,0,1,dataset_apia2022,1
décidément où est le sommeil 😡😡😡,0,0,1,0,dataset_apia2022,1
L'application ne tient pas compte de tous les sports que l ont fait dans la journée.,0,1,0,0,dataset_apia2022,1
"Facile à utiliser, conviviale",1,0,0,0,dataset_apia2022,1
J avais l application ma vivoactive a perdus le signal bluetooth.  impossible de reconnecter. Réinitialisation de la montre ... j ai supprimé  l appli depuis impossible de la retelecharge..   .,0,1,0,0,dataset_apia2022,1
"Ne fonctionne plus avec mon téléphone Huawei depuis plus d un mois. Et malgré les mises à jour.. Quelle utilité d avoir une montre connectée sans l'application ?? Je voulais offrir la même montre à mon chéri pour noël, mais il a le même téléphone que moi... Je vais aussi aller faire un tour à la concurrence.. 5/12: toujours pas... Montre connectée qui ne se connecte pas.... il y en a marre",1,1,0,0,dataset_apia2022,1
Une application très intuitive avec beaucoup de possibilités est de renseignements bravo,1,0,0,1,dataset_apia2022,1
Bonne application même si je ne maîtrise pas encore toutes les subtilités.,1,0,0,0,dataset_apia2022,1
"Pour moi tout fonctionne a merveille et je n'ai pas l' habitude de laisser 
des commentaires donc vous pouvez me croire !",1,0,0,0,dataset_apia2022,1
Pleinement satisfait de l'application Garmin,1,0,0,0,dataset_apia2022,1
De la misère avec le GPS,0,1,0,0,dataset_apia2022,1
Super sympa et j ai pas exploré toutes les possibilités,1,0,0,0,dataset_apia2022,1
Il faut du temps pour prendre en main l' appli mais ensuite c du bonheur. Très content avec mon vivosmart hr.,1,0,0,1,dataset_apia2022,1
"Lorsque l'on fait une mise à jour d'application, le minimum est de tester la non régression de fonctionnalités non ? Couplage impossible avec une 935 ..",0,1,0,0,dataset_apia2022,1
"Bonne application, mais ne fonctionne pas avec un wiko la vivosmart Hr+ apparaît dans le téléphone, un code est donné, par la suite l'application garmin ne trouve rien. Pas de problème avec tablette Samsung, et portable Archos Diamond gamma.",1,1,0,1,dataset_apia2022,1
Application géniale jusqu'à il y a 10j. Impossible de synchroniser la montre (forerunner 235) avec le téléphone... Bug dans la mise à jour début décembre ?,1,1,0,0,dataset_apia2022,1
Plus la possibilité de partager sur facebook !!!!,0,1,0,0,dataset_apia2022,1
"Tout fonctionne, rien à redire.",1,0,0,0,dataset_apia2022,1
"Synchro impossible, plus de notification avec honor 9 lite",0,1,0,0,dataset_apia2022,1
Fait ce qu elle doit et le fait plutôt bien. Sans aucun doute une des meilleures de la categorie,1,0,0,0,dataset_apia2022,1
"Excellent produit que je viens d'acquérir, intuitif, léger, je suis vraiment satisfait au quotidien, au repos comme à l'entraînement! Quelques défis à relever pour se motiver et/ou maintenir le cap!",1,0,0,1,dataset_apia2022,1
Intéressant,1,0,0,0,dataset_apia2022,1
"Même problème que la plupart des utilisateurs. Connection très compliqué en Bluetooth avec le téléphone. Garmin instinct. Avant j avais une kemaze 700 de chez decath 150 euros moins cher, elle m a fait plus de 5 ans sans aucun soucis. Déçu par garmin, je fait votre pub.",1,1,0,0,dataset_apia2022,1
"Complet et intuitif à l'utilisation, je valide le bail",1,0,0,0,dataset_apia2022,1
"Appli globalement satisfaisante, complémentaire d'autres appli (Garmin dive par exemple), écrans intuitifs, ergonomie plutôt bonne. Quelques éléments plus précis comme météo au moment de l'activité ou encore une conversion d'effort fourni en ""pas"" pour du vélo elliptique serait un plus",1,0,1,1,dataset_apia2022,1
Requiring géo-localisation on the pretence of Bluetooth pairing is a lie a sham and a denial of my rights to use my watch fully. And your eula is not better. I am really really reeally tired of personal data abuse constant blackmail...,0,0,1,0,dataset_apia2022,1
Vraiment très bien.,1,0,0,0,dataset_apia2022,1
Bug avec mon Huawei : les applications désactivées dans les notif intelligentes sont réactivées inopinément. Dispo pour feedback si besoin.,0,1,0,0,dataset_apia2022,1
Depuis la mise à jour je n'arrive plus à connecté  ma montré au téléphone ! !!!😠,0,1,0,0,dataset_apia2022,1
Au top motive,1,0,0,0,dataset_apia2022,1
l'application marche une fois mais pas deux . merci de m'avoir fait perdre mon temps,0,1,0,0,dataset_apia2022,1
Fonctionne très bien et est très précise mais cela dépend de la montre,1,0,0,1,dataset_apia2022,1
Je regrette juste le service après vente. Aucune réponse de leur part lors d'une demande d'assistance pour pouvoir rècupèrer mes anciennes données sur mon compte où il met impossible de rècupèrér mon de passe. Je souhaite pouvoir rècupèrer mes anciennes données suite aux changements de mon téléphone et ordinateur.,0,1,0,1,dataset_apia2022,1
Lorsque je veux voir les détails de mes entraînements dans mon calendrier il me dit erreur de téléchargement.c'est plis qu'agaçant.merci de régler le problème,1,1,0,0,dataset_apia2022,1
"Très bonne application je recommande. j'explore encore toutes les 
capacités. des fois quelques difficultés à connecter la montre mais rien de 
grave",1,1,0,0,dataset_apia2022,1
"8 mise à jour en 1 mois et..... toujours rien qui marche, échec connexion à l'appareil. Bravo à tout les ingénieurs, informaticiens car grâce à vous , j'ai vendu ma foreruner   235 pour passer à la concurrence et devinez quoi 😁 .... Ça marche 👍 Bye bye Garmin 👎",1,1,0,0,dataset_apia2022,1
Different avec le Bluetooth montre et mobile.,0,1,0,0,dataset_apia2022,1
"Avec mon Huawei P8 lite 2017 fonctionne depuis la dernière mise à jour. Il faut effacer les données et le cache de l'appli. Redémarrer le téléphone, lancer la procédure de couplage avec l'appli, pendant le couplage, désactiver la localisation. La liaison bluetooth reste stable tant que l'on active pas la localisation. Donc du mieux, je peux enfin récupérer les données de ma forerunner, mais ce fut long et pas encore 100% satisfait car la localisation doit désactivé. Au boulot Garmin ou Huawei.",0,0,0,1,dataset_apia2022,1
Pas moyen de connecter ma forunner 45 depuis les dernières mises à jour...,0,1,0,0,dataset_apia2022,1
Très complet,1,0,0,0,dataset_apia2022,1
Vraiment bien,1,0,0,0,dataset_apia2022,1
"Excellent, vraiment excellent !!",1,0,0,0,dataset_apia2022,1
Très bien pensée cette appli. Manque juste un peu clarté par moment comment pour le calcul des minutes intensives. Il manque également certains sport comme la boxe par ex. Vive le sport!!!,1,0,1,0,dataset_apia2022,1
"Synchronisation très rapide avec la montre ; facile d'utilisation, toutes les infos nécessaires au suivi des activités ... Pas de points négatifs identifiés.",0,0,0,1,dataset_apia2022,1
Il n'y a plus aucune synchronisation possible avec cette application sur mon huawei mate 8 depuis janvier 2018. J'espère que ce problème va être rapidement réglé avec les prochaines MAJ. Je l'utilisait depuis plus d'1 an et j'en étais ravi.,0,1,0,0,dataset_apia2022,1
"Jai une vivoactive hr et je suis tres satisfait , presque tout se configure 
il y a baucoup de petite application utile",1,0,0,1,dataset_apia2022,1
le must absolu !!!!,1,0,0,0,dataset_apia2022,1
Aberrant de faire des applis aussi nulles... Obligé d'être connecté de partout pour synchroniser. Si on a pas de data on ne peut pas consulter ses activités. La prochaine fois je prend une autre marque.,1,1,0,0,dataset_apia2022,1
Les notifications d'un téléphone Samsung vers la montre fonctionne pas,0,1,0,0,dataset_apia2022,1
Application qui a connu un gros bug depuis que je l'utilise. Problème de connexion avec le téléphone et la montre. Erreur : délai de temps de connexion dépassé. Problème résolu mais au bout de plusieurs heures. C'est pour ça que je ne met pas 5 étoiles. Et de plus les infos sont un peu mal organisées et pas de conseil pour améliorer sa santé ou pas assez.,0,1,0,0,dataset_apia2022,1
Permets d avoir une vue globale des activités et de la qualité de celles-ci,0,0,0,1,dataset_apia2022,1
Au top !!,1,0,0,0,dataset_apia2022,1
"Apparemment plusieurs problemes de couplage a garmin mobile depuis la dernière mise a jours, si quelqu'un des equipes Garmin peut nous eclairer !?",0,1,0,0,dataset_apia2022,1
Ne fonctionne pas depuis plusieurs jours,0,1,0,0,dataset_apia2022,1
"Depuis la dernière mise à jour, impossible d'afficher les notifications sur la montre ! Alors que tout fonctionnait correctement avec l'ancienne version. Et ce malgré plusieurs réinstallations.",0,1,0,0,dataset_apia2022,1
inutile depuis la dernière MAJ. impossible de synchroniser les activités de ma fenix 5 vers s6. c est lourd ça fait 2 semaines que le pb persiste,1,1,0,0,dataset_apia2022,1
Application très facile à utiliser et bien complète.,1,0,0,0,dataset_apia2022,1
"Ma montre se connecter at super bien  à l'application puis depuis 2/3 semaines, l'application n'arrive plus à se connecter à ma montre et le Bluetooth est bien enclenché. J'ai aussi le problème de changement  de Km en miles et les heures 24h en 12h. Help !! Sinon très contente de ma montre :-)",1,1,0,0,dataset_apia2022,1
Problème pour avoir l'analyse d'une sortie. Sans doute lié avec la nouvelle version. J'espère que le bug va être résolu rapidement !,0,1,0,0,dataset_apia2022,1
Permet d'enregistrer ses parcours et toutes les données utiles pour progresser. Très simple d'utilisation. Le binôme parfait avec ma montre 735XT.,1,0,0,1,dataset_apia2022,1
Impossible  de reconnecter. Plus de synchronisation sous android.  A régler d urgence car sinon le tracket n a plus d intérêt,0,1,0,0,dataset_apia2022,1
"Superbe application, ça aide énormément. Franchement je recommande !!!!!!!!",1,0,0,0,dataset_apia2022,1
Super utile pour sa préparation physique et le suivi de son matériel. Cool,1,0,0,1,dataset_apia2022,1
Très satisfait de cette application qui permet de se créer un réseau de coureurs,0,0,0,1,dataset_apia2022,1
J'utilise l'application depuis plusieurs années. Et j'en suis plus que satisfait. Je recommande.,1,0,0,1,dataset_apia2022,1
"Impossible d'appairer mon Sony Xperia (Android) avec mon Garmin Edge 820. J'ai tout essayé. En plus de ça, l'appli est extrêmement lente, pour le moindre menu, il faut attendre quelques secondes pour voir afficher une simple page sans informations particulières. Appli inutile en l'état, et d'après les autres mauvais commentaires, je ne suis pas le seul. Et aucune réponse de Garmin. Aucun support après-vente.",0,1,1,1,dataset_apia2022,1
"Application relativement complète. Pensez vous que pour améliorer 
l'application, il soit possible d'être notifié lorsqu'un ami a réalisé une 
activité ou lorsqu'il aime une de nos activités ?",1,0,1,0,dataset_apia2022,1
"Bonjour, depuis la mise à jour, ma montre ne démarre plus et reste figée sur l'écran de démarrage ""garmin"".",0,1,0,0,dataset_apia2022,1
"La notification téléphone ne donne plus le nom du contact sur mon bracelet 
vivosport",0,1,0,0,dataset_apia2022,1
"J'ai une Fenix 2, et, avant cette mise à jour, la connexion bluetooth à mon galaxy s4 suffisait pour synchroniser les activités de ma montre à mon compte garmin connect. Depuis la dernière mise à jour, la synchronisation ne se fait plus. Obligé de passer par un PC équipé de garmin express, brancher ma montre via un port USB et de synchroniser manuellement. Cette mise à jour est ratée, et impossible de revenir à la version précédente...",0,1,0,1,dataset_apia2022,1
Des plan d'entraînement sympa mais dommage qu'il n'y ait rien de prévu pour les trail. ....,0,0,1,1,dataset_apia2022,1
Échec de connexion. ..  quand ce problème sera résolu?,0,1,0,0,dataset_apia2022,1
"Du bon .... et du moins bon !! depuis la dernière mise à jour, la batterie dure deux fois moins longtemps (que c'est dommageable !!!), et synchronisation juste impossible. super......",1,1,0,0,dataset_apia2022,1
Application complète,1,0,0,0,dataset_apia2022,1
J'adore. L'essayer c'est l'adopter.,1,0,0,0,dataset_apia2022,1
Parfaitement ce que je cherche,1,0,0,0,dataset_apia2022,1
Super application.,1,0,0,0,dataset_apia2022,1
Parfait .,1,0,0,0,dataset_apia2022,1
"La gestion des contacts est chaotique La synchronisation des équipements sur les courses ne se fait pas (ma paire de chaussure sur les courses à pied) Toutefois, très bons aperçus de nos statistiques avec leur gestion qui reste bonne",0,1,0,1,dataset_apia2022,1
Super application 🤩,1,0,0,0,dataset_apia2022,1
"n'affiche plus l'historique de la fréquence cardiaque, et ne synchronise plus mes activités. cela commence à faire beaucoup !",0,1,0,0,dataset_apia2022,1
"J'ai acheté le Sony xperia xz et il m'est impossible de me connecter!  Je ne comprends pas, jusqu'à ce jour j'étais sur Sony xperia z3 et ça marchait très bien. J'ai des installé puis installé l'application plusieurs fois en vain. Que font les administrateurs ?",0,1,0,0,dataset_apia2022,1
All is good,1,0,0,0,dataset_apia2022,1
"Depuis cette nouvelle mise à jour, le live track ne fonctionne plus correctement. Tout est paramétré comme il faut mais mon conjoint ne reçoit pas mon mail pour suivre ma sortie. J'aimerai revenir à une version antérieure qui fonctionnait !",0,1,0,0,dataset_apia2022,1
"Impossible de passer l'écran de connexion, l'application plante à chaque fois c'est inutilisable",0,1,0,0,dataset_apia2022,1
"Assez bien mais pour les calories par jour maintenant seulement les ""calories actives "" sont enregistrées ! Les"" calories au repos"" ont disparu par rapport à avant !!! =-( Quelqu'un aurait il la solution ?! (Nb: la dernière mise à jour de l appli n y a rien changé) Merci par avance",1,1,0,0,dataset_apia2022,1
génial,1,0,0,0,dataset_apia2022,1
Rien à sauver de cette app sur huawei Ne peut même pas afficher les graphes des pas par jour... Se contente des données de la dernière synchro et les affiche pour chaque jour. Si qqun sait coupler vivosmart avec une app correcte je suis preneur,0,1,0,0,dataset_apia2022,1
Rien à redire !!! Tout est bien fait dans l'appli,1,0,0,0,dataset_apia2022,1
Le top !!,1,0,0,0,dataset_apia2022,1
"Visualisation des résultats rapide, mais impossible de connecter ma forerunner 220 depuis quelques temps...",0,1,0,1,dataset_apia2022,1
"C'était super jusqu'à ce que je quitte la France... Depuis impossible d'ouvrir l'application. Cela me dit "" problème surevenu lors de la connexion à gamin connect "" . et même lorsque je synchronise sur mon ordinateur ma montre reste à l'heure de hier mais depuis j'ai eu un changement d'horaire pourtant effectué sur mon ordinateur. Serait il possible que cela ne fonctionne plus en fonction de ma position géographique ? C'est bien émetteur en tout cas.",0,1,0,0,dataset_apia2022,1
"Belle application, simple, rapide et très pratique",1,0,0,0,dataset_apia2022,1
It just doesn't sync anymore with my vivosmart hr watch.,0,1,0,0,dataset_apia2022,1
Super rien à dire,1,0,0,0,dataset_apia2022,1
juste un regret il n'y a pas l'activité exercices renfo musculation ou gym,0,0,1,0,dataset_apia2022,1
"Plus de synchro depuis la dernière mise à jour du 31 mars 2020. Plus de données. J'ai désinstallé garmin connect et ré-appairé l'appareil, je n'arrive pas à récupèrer les données des 5 derniers jours. Très agaçant ! Surtout que cela intervient après une mise à jour !",1,1,0,0,dataset_apia2022,1
Top !!,1,0,0,0,dataset_apia2022,1
Très sympa après chaque activités ou pour garder l'historique des entraînements.,0,0,0,1,dataset_apia2022,1
Supet,1,0,0,0,dataset_apia2022,1
Application  parfaite pour son appareil garmin (j ai edge 1000 et vivoactive hr) Le site web en complément pour certaines stats est super,1,0,0,1,dataset_apia2022,1
"bonjour , meme probleme depuis le 7 avril 2020 , plus aucune synchro possible. j ai supprimé l appareil, et depuis, impossible de le re synchroniser. je suis très déçu. Si quelqu un a une idée ?",1,1,0,0,dataset_apia2022,1
"tout refonctionne depuis la dernière mise à jour, parfait ! (honor 7x)",1,0,0,0,dataset_apia2022,1
l'application ne fonctionne plus pour moi depuis la MAJ du 29 mai,0,1,0,0,dataset_apia2022,1
"Impossible de connecter sur Huawei P9 lite depuis la mise à jour, alors que depuis plusieurs mois d'utilisation aucun problème à remonter !!! Trop decu. Pour une montre à ce prix, l'application doit être à la hauteur",1,1,0,0,dataset_apia2022,1
"J'enlève 4 étoiles car depuis la dernière mise à jour de l'appli, la batterie de la montre fond comme neige au soleil. Si je ne mets pas mon téléphone en mode avion la nuit, je perds facilement 20% de batterie car la montre doit chercher le téléphone qui n'est pas à côté. Le suivi du sommeil était beaucoup plus fiable avant, maintenant, il ne sert à rien. A quand la correction ... 🤔",1,1,0,0,dataset_apia2022,1
Il y a régulièrement des problèmes de synchronisations entre la montre et l'application et il est fréquent que la montre ne soit plus reconnue. C'est pénible de faire le processus de désinstallstion et déconnexion Bluetooth jusqu'à se que l'application veuille bien reconnaître la montre.,0,1,0,0,dataset_apia2022,1
Au top et simple d'utilisation une fois qu'on a tout assimilé. Complète et précise 💪,1,0,0,0,dataset_apia2022,1
Utilisé avec vivoactive.,0,0,0,1,dataset_apia2022,1
Super application. Très complète,1,0,0,0,dataset_apia2022,1
L'application fait son taf. Simple et intuitive !!😎👍,1,0,0,0,dataset_apia2022,1
"Utilisée depuis peu. Encore beaucoup à découvrir, mais très bien ❗",1,0,0,1,dataset_apia2022,1
"Je fais le même constat : n'enregistre plus rien entre le 27/01et le 31/01/21 ! ds l'appli et sur internet ! Malgré plusieurs synchro et désinstallations alors que les données (pas, étages etc) figurent bien ds la montre ! C'est plutôt pénible et... décevant de la part d'une telle marque de renom.",1,1,0,0,dataset_apia2022,1
Problème de serveur récurent,0,1,0,0,dataset_apia2022,1
Je suis très satisfaite de cette application. Pas de problèmes particuliers pour l'utiliser et très simple.,1,0,0,0,dataset_apia2022,1
application facile à utiliser.,1,0,0,0,dataset_apia2022,1
"Installation impossible via mon smartphone & facebook connect, il aura fallu attendre d'être sur mon laptop de retour de voyage pour avoir un début de synchronisation... dans l'attente de voir ce que donne l'application, pour le moment je regrette le manque de simplicité et d'efficacité de la part de l'application... Vais-je pouvoir synchroniser mes anciens chronos via ma Garmin Forerunner",1,1,0,0,dataset_apia2022,1
Très bien pour le suivi des activités.  Téléchargement des applications se fait très facilement.,1,0,0,1,dataset_apia2022,1
super application.je le conseille,1,0,0,0,dataset_apia2022,1
Je suis enchantée par l'application et ma Forunner 35. Je l'adore !!,1,0,0,1,dataset_apia2022,1
"Très sympa, très complet",1,0,0,0,dataset_apia2022,1
Application bien faite et facile d'utilisation,1,0,0,0,dataset_apia2022,1
"Très bonne application, mais il semblerait que la dernière mise à jour est créé un problème. Plus de transfert d'activité et affichage du message ”une erreur est survenue” sur toute les pages ou bien plus aucune données ne s'affichent. Pourtant les notifications sont bien transmises à la montre et les données cardiaque ou de pas sont transmise à l'application. Pour info j'ai le problème aussi bien sur mon honor 6x que sur ma samsung galaxy S5e",1,1,0,0,dataset_apia2022,1
"Bonne application. Pas de plantage, connection facile avec ma Forerunner 935.",1,0,0,1,dataset_apia2022,1
"Je rencontre un problème de connexion avec mon téléphone honor 6X sous Android 7. Impossible d'être reconnu. Je possède une Huawei mate 7, sous Android 6, et la aucun problème. Pouvez-vous me dire pourquoi je dois utiliser un vieux téléphone pour utiliser mon vivosmart HR+?",0,1,0,0,dataset_apia2022,1
super!!! tout simple efficace.,1,0,0,0,dataset_apia2022,1
Top !,1,0,0,0,dataset_apia2022,1
Superbe application !!,1,0,0,0,dataset_apia2022,1
l'appli n'arrive pas a se synchroniser avec la montre forunner 35 .,0,1,0,0,dataset_apia2022,1
Fiasco! Je suis incapable de synchroniser mes sorties! Très frustrant d'autant plus que je suis à 10 heures de route de la maison... Au secours!,1,1,0,0,dataset_apia2022,1
Idéale pour suivre ses activités sportives. Possibilité d'avoir un coach personnel et des exercices d'entraînement sur mesure. Facilité d'utilisation.,0,0,0,1,dataset_apia2022,1
Depuis quelques jours l'appli ne fait que planter des que je veux consulter une activitée!,0,1,0,0,dataset_apia2022,1
Application intuitive et bien conçue. Idéale pour l'entraînement en course à pieds.,1,0,0,1,dataset_apia2022,1
rien à dire juste parfait,1,0,0,0,dataset_apia2022,1
Application assez complète ! Et facile à utiliser !,1,0,0,0,dataset_apia2022,1
Le bluetooth ne marche pas ... A corriger svp,0,1,0,0,dataset_apia2022,1
Dommage on peux plus suivre les pas de ses contacts,0,0,1,0,dataset_apia2022,1
bonne application rapide bien détaillée,1,0,0,0,dataset_apia2022,1
Mon mari utilise le live track. Sauf que depuis quelques jours on ne peut plus y accéder depuis un smartphone. Impossible d'accepter ou de rsfuser les cookies car la fenêtre de cookieq est plus grande que l'écran et impossible de défiler vers le bas.,0,1,0,1,dataset_apia2022,1
Livetrack HS depuis plusieurs semaines.,0,1,0,0,dataset_apia2022,1
Cela fait 2 semaines que je ne suis plus en mesure de daire une simple synchronisation entre mon mobile et ma vivofit. Je suis obligé ee desinstaller l'application et de la réinstaller pour chaque synchronisation... ceci est intolérable,1,1,0,0,dataset_apia2022,1
Il faut quelques temps pour maîtriser!,0,0,0,1,dataset_apia2022,1
"Permet suivi optimum avec un résumé simple, précis et intuitif de son activité quotidienne.",0,0,0,1,dataset_apia2022,1
"Parfait pour moi, c'est exactement ce qu'il me fallait !",1,0,0,0,dataset_apia2022,1
Très bonne application pour le suivie sportif et journalier 😉,1,0,0,1,dataset_apia2022,1
"Simple d'utilisation. Suivi intéressant, on a envie d'en faire pour se surpasser. On peut partager aussi avec ses amis.",1,0,0,1,dataset_apia2022,1
tout etais parfait...mais la comme beaucoup d utilisateurs...plus aucune connection reconnu avec mon nouvrau galaxy s9...la mise a jour que vous avez faites est fortement defaillante...,1,1,0,0,dataset_apia2022,1
"J'ai acheté la montre il y a une semaine et je n'ai jamais réussi à la coupler avec l'appi du téléphone. Je reçois constamment des messages d'erreur. J'ai lu le manuel d'instructions téléchargé en PDF en entier. J'ai regardé les vidéos de dépannage, le tout sans succès. Maintenant je découvre, en lisant les avis des autres utilisateurs, que c'est l'application qui est défectueuse... Je suis tellement déçue que demain je compte aller retourner la montre au magasin.",1,1,0,0,dataset_apia2022,1
Très bien fait le job!,1,0,0,0,dataset_apia2022,1
Très bonne application. Quelques soucis de connections ou notifications avec certains téléphones.,1,1,0,0,dataset_apia2022,1
"Globalement bien mais très mauvaise interprétation de la satO2 A l'hôpital, on me mesure 99 ou 100%. Sur la montre, c'est 95 voire 92% Il faut revoir assez rapidement au risque de faire faire des visites chez le pneumologue pour rien",1,1,0,0,dataset_apia2022,1
"Toujours pareil, impossible à synchronisée avec mon smartphone. J'ai contacté garmin et rien n'y fait. Il m'on dit de télécharger un programme sur mon PC mais la vivosmart HR n'existe même pas dans la liste des appareils. Encore un truc bâclé qui vaut la peau des fesses et qui ne fonctionne pas. Je deconseil fortement d' acheté une vivosmart HR....... Garmin se fout de la gueule des clients !!!!!",1,1,0,0,dataset_apia2022,1
Indispensable pour synchroniser montre et smartphone et suivre sa progression,0,0,0,1,dataset_apia2022,1
Application pas aussi complète que décrit dans le manuel vivosmart hr. Pas de réglage du rétro-éclairage..... etc. Peut être bientôt ???,0,0,1,1,dataset_apia2022,1
"Depuis la dernière mise à jour, plus de synchronisation possible. Vous avez une solution pour revenir à l'ancienne version de logiciel qui fonctionnait très bien ?",0,1,0,0,dataset_apia2022,1
"Énième màj qui ne résout pas les problème de connexion entre le bracelet 
vivosmart 3 et mon Huawei-P8-Lite. Le bracelet ne reçoit aucune 
notification et la synchronisation s'effectue aléatoirement. De plus sur 
Connect il est indiqué que je dois faire une màj critique du logiciel du 
bracelet et sur garmin express le logiciel est indiqué comme étant à jour 
(ce qui est exact). Que de problèmes depuis le 4 novembre... 🙁 Edit du 
01/06 :rien de neuf chez Garmin, ils encore et toujours une màj inutile. je 
serais bien tenté de revendre ce bracelet mais il ne vaut plus rien ! Si 
seulement je pouvais mettre aucune étoile à cet appli...",1,1,0,0,dataset_apia2022,1
J'ai une montre de Garmin et j'en suis très contentr,1,0,0,0,dataset_apia2022,1
Impossible de créer un compte avec un s6 edge et une montre vivosmarth,0,1,0,0,dataset_apia2022,1
"Comme plusieurs utilisateurs, impossible de faire fonctionner cette appli sur mon téléphone : au moment de se connecter, un écran noir.. Fix it please ?",0,1,0,0,dataset_apia2022,1
Au top j'adore....,1,0,0,0,dataset_apia2022,1
Fonctionne parfaitement avec Galaxy S5,0,0,0,1,dataset_apia2022,1
"Facile d'utilisation , complète et ludique.",1,0,0,0,dataset_apia2022,1
Il m'est impossible de synchroniser ma montre avec mon téléphone. Vivement la prochaine mise à jour...,0,1,0,0,dataset_apia2022,1
"Super ! Elle fait son boulot comme il le faut et en plus elle est paramétable. Ils ne sont pas partis que tout le monde alimente ses réseaux sociaux ou veuille nécessairement un Coach (sur le panneau latéral (en faisant glisser le doigt de la gauche vers la droite) tout en bas on voit un menu assez discret pour configurer ce qui est montré en avant dans l'appli, ce qui nous intéresse quoi). Enfin une application digne de l'argent qu'on met dans le matos... J'en sais quelque chose (voir Pionner).",1,0,0,1,dataset_apia2022,1
Extra ..,1,0,0,0,dataset_apia2022,1
Fonctionne très bien et est facile d'utilisation.,1,0,0,0,dataset_apia2022,1
"Super Appli, nombreuses fonctionnalités et possibilités avec sa communauté !",1,0,0,0,dataset_apia2022,1
très bien concue,1,0,0,0,dataset_apia2022,1
Super j'adore,1,0,0,0,dataset_apia2022,1
"21/01 : -1* car depuis 2 ou 3 jours le cacul des calories actives est du grand n'importe quoi :o(   ...Super appli couplée à ma forerunner 235, très complète. Un petit bug de connexion bluetooth suite à la mise à jour du 18/01 mais très vite corrigé. Pour ceux qui souhaitent un export GPX il suffit de passer par le site internet Garmin Connect.",0,1,0,1,dataset_apia2022,1
Encore une mise à jour qui fait perdre la connexion Bluetooth avec mon Samsung s7 et la vivosmart. Connexion perdu depuis 2 semaines,0,1,0,0,dataset_apia2022,1
Application pratique,1,0,0,0,dataset_apia2022,1
"Un peu de difficultés pour la mise en place des informations que l'on souhaite suivre, ensuite... rien à redire pour l'instant, très ludique",1,0,0,1,dataset_apia2022,1
La synchronisation est revenue depuis les dernières mises à jour. Nickel,1,0,0,1,dataset_apia2022,1
"Sympa mais passe des kilomètres au miles tout le temps, donc c'est pas top quand on est en activité, idem pour le format de l'heure de 24h à 12h.",1,1,0,0,dataset_apia2022,1
"J'adore : ça ne plante pas, ça fonctionne parfaitement. Je ne connaissais pas trop Garmin, je suis conquis avec cette appli et ma Forerunner 245.",1,0,0,1,dataset_apia2022,1
"Application qui marche globalement mais parfois la synchronisation des courses ne se fait pas, c'est donc vraiment désagréable et démotivant, d'où la note assez basse. Déçu donc... 😥😤",1,1,0,0,dataset_apia2022,1
"Voilà, cela fait deux ans que j'utilisais cette application avec un honor 6 (Android 6) mais depuis que je suis passé à l'honor 6x (Android 7) cela ne fonctionne plus du tout ...  Je n'arrive plus à synchroniser ma montre. Vivement la mise à jour ... 14/01/2018 : Depuis la dernière mise à jour, j'arrive à connecter ma montre à l'appli, c'est pas encore çà pour les synchronisation qui échouent par moment mais il y a du mieux ... 16/01/2018 : deux jours après la mise à jour, la montre s'est déconnectée toute et depuis connexion et synchronisation impossibles ... Y a encore du boulot !!! 16/03/2018 : Ouf ... Enfin ... Depuis la dernière mise à jour, la montre se synchronise enfin au téléphone.  Ca marche !!!!!",0,1,0,0,dataset_apia2022,1
"Depuis les derniers mise a jours, la fenix 6x pro ne trouve pas le téléphone, impossible de se connecter, obliger de redémarrer la montre pour que cela fonctionne mais dès que la connexion se perd impossible de se reconnecter...sans parler de la batterie de la montre qui fond comme neige au soleil....super d'investir autant d'argent dans une montre qui ne marche plus suite a une mise a jour, et surtout qu'il n'y a pas de correctif malgré que ce problème existe depuis minimum un mois maintenant..",0,1,0,0,dataset_apia2022,1
À chaque mise à jour c est bug assuré. Fin de mois tout marchait. Maintenant des que l on veux paramétrer un écran de montre ça ferme l appli. Idem sur garmin iq,0,1,0,0,dataset_apia2022,1
"Depuis la mise à jour je ne peut plus ouvrir l'application, mais montre est inutile comment faire",0,1,0,0,dataset_apia2022,1
Pas de synchronisation automatique de ma Fenix 6 à l'application pour le suivi du sommeil..... C'est la seule chose qui ne fonctionne pas.,0,1,0,0,dataset_apia2022,1
Très bien pensé,1,0,0,0,dataset_apia2022,1
Je viens de m'acheter une ceinture Garmin Bluetooth HRM-DUAL mais je n'arrive pas à me connecter à l'application car je ne voit pas mon modèle je ne voit que des montres ou GPS. Que faire svp?,0,1,0,0,dataset_apia2022,1
"Pour le running aucun problème. Par contre pour pour les entraînement cardio et fitness, la saisie manuelle ne peut se faire que sur l'ordinateur et ce n'est pas top...  Des choses sont à améliorer...   Au niveau des applications compatibles c'est plus que limité....  habituée à runkeeper j'ai du passer sur strava et la le GPS est plutôt farfelu....",0,0,1,1,dataset_apia2022,1
"En solo ou avec partenaires, sa remotive pour l'entraînement 👍👍",0,0,0,1,dataset_apia2022,1
"Depuis la dernière mise à jour, transfert de données très complexes voir impossibles sur mon téléphone. Je vais jeter ma Garmin à la poubelle mais avant je vais l'écraser avec un marteau. Ensuite je reprendrai ma bonne vieille montre à aiguilles. Et pour les activités sportives, à l'ancienne et je vais plus penser du mal. J'encourage tout le monde a la même chose que moi... Apprendre à se connaître au travers de ses propres expériences et sensations plutôt que de répondre bêtement aux systèmes..",0,1,0,1,dataset_apia2022,1
Je ne peux plus m'en passer,1,0,0,0,dataset_apia2022,1
Depuis la mise à jour du 04/12 Garmin Connect ne récupère plus les activités enregistrées sur ma montre forerunner 35.,0,1,0,0,dataset_apia2022,1
Manque le compteur annuel et la présentation est brouillonne...on cherche mais on ne trouve pas ce qui nous intéresse !!  À revoir URGENT,0,0,1,1,dataset_apia2022,1
Bon complément à ma garmin vivioactive 3,0,0,0,1,dataset_apia2022,1
I run alot and I love this! Best gift I ever got!,1,0,0,1,dataset_apia2022,1
"Application très intuitive, facile à mettre en place et paramétrer donc vraiment très bien au vu des informations qu'elle donne pour le suivi sportif. Très content pour mes débuts avec l'application. Merci.",1,0,0,1,dataset_apia2022,1
Beugue sur les calculs de montées d'étages !! Satisfesant pour des sportifs amateurs !!,0,1,0,1,dataset_apia2022,1
"Ensemble montre/application peu précise, il faut sans cesse recalibrer et l'application n'actualise pas correctement les données. Ex: rythme cardiaque à 48/50 mais sur l'application c'est 61, du coup cela fausse tout et rend les données peu fiables. Bravo Garmin !",0,1,0,0,dataset_apia2022,1
Bilan de la séance pratique et complète.,1,0,0,0,dataset_apia2022,1
Top tout est bien détaillé et synchronisation nickel,1,0,0,0,dataset_apia2022,1
Complet comme application,1,0,0,0,dataset_apia2022,1
Bonjour impossible de créer des parcours depuis une quinzaine de jours. Que se passe t il ? Merci,0,1,0,0,dataset_apia2022,1
Depuis mon changement de téléphone sous Android 7 je n ai plus de synchronisation automatique obliger de taper sur synchronisation sur ma vivoactive hr et plus de notifications non plus. L application semble pas adaptée a cette version,0,1,0,0,dataset_apia2022,1
Il serait peut-être temps de résoudre le problème de connexion et synchronisation merci téléphone Sony xz,0,1,0,0,dataset_apia2022,1
Impossible de coupler une montre ou alors grosse difficultés à le faire quand cela veut bien marcher . Que dire des des entraînements qui ne se transfert pas sur la montre.,0,1,0,0,dataset_apia2022,1
Fonctionne super bien ! Interface sympa,1,0,0,1,dataset_apia2022,1
J'adore ! !!,1,0,0,0,dataset_apia2022,1
"La mise a jour pour le retour des notifications a beaucoup tardé, mais maintenant tout fonctionne très bien, le nouvel ajout pour colorer le tracé en fonction de son allure, sa FC ou l'altitude est top !",0,0,0,1,dataset_apia2022,1
excellent aucun bug tres complet,1,0,0,0,dataset_apia2022,1
"Superbe tableau de bord de son activité. Clair et intuitif. Un petit coup d'œil quotidien, c'est motivant.",0,0,0,1,dataset_apia2022,1
"L'appli est robuste et intuitive. Elle d'interface facilement avec d'autres outils (Strava, runtastic...). Il me manque juste la possibilité de faire une connexion avec mon tapis de course tinturi",1,0,1,1,dataset_apia2022,1
Bjr très bonne application Dommage que l'allure la plus lente en pacepro soit de 8.42min / km pas idéal pour les trails longs,1,0,0,1,dataset_apia2022,1
Appli très intuitive,1,0,0,0,dataset_apia2022,1
"J'utilise ma montre garmin lors de mes entrainements de musculation, et de 
cardio. Couplée avec mon gsm, cela me permet d'avoir accès à mes données 
(Gps, altitude, Rythme cardiaque, calorie brulée,...). Mon application 
Garmin c'est également couplée avec une autre appli, et ça c'est vraiment 
top! Ainsi je peux voir si je suis ou non en dédicit calorique! Je suis 
très contente de l'application.",1,0,0,1,dataset_apia2022,1
Cette non intégration est un scandale pour une montre à 500€... Et un faute marketing... faut il acheter une Suunto ?,0,1,0,0,dataset_apia2022,1
Application complète qui marche bien,1,0,0,0,dataset_apia2022,1
Dommage qu'on ne puisse pas transférer l'application sur la carte SD. Et les alarmes on devrait pouvoir en mettre plusieurs,1,0,1,0,dataset_apia2022,1
Suite à la maj du 4/9 j'avais plein de bug et plantage. Reboot de la montre et du tel et depuis plus de soucis tout est rentré dans l'ordre !,0,1,0,1,dataset_apia2022,1
La meilleure de toutes selon moi...,1,0,0,0,dataset_apia2022,1
"Super application, complète. Cela dit pour le suivi grossesse petit bug, elle ne calcule pas bien les semaines d'aménorrhées, bien que le compte à rebours en jours soit juste (elle calcule 1 semaine de moins)",1,1,0,0,dataset_apia2022,1
"J'ai vu que beaucoup de personnes avaient des problèmes de couplage entre 
les téléphone Huawei et la Garmin. Personnellement, je possède un Huawei 
P10 light 2017 et une Garmin vívoactive 3. Au début ça ne marchait pas mais 
j'ai fait une mise à jour depuis mon ordinateur et maintenant plus de 
problème de couplage ! L'apli est bien pensée même si certain paramètre ne 
peuvent pas être changé",0,0,0,1,dataset_apia2022,1
"L'application livetrack à bien fonctionné 2 ou 3 fois entre octobre et novembre 2014. Depuis tout le temps des buts, impossible de suivre sur FB, et très compliqué sir mail. Aucun affichage de la trace, juste parfois on voit où on est. Vraiment dommage,  car lorsque ça fonctionne bien,  l'application à vraiment son utilité.  Et puis des pbs intempestifs de mesurage Gps sur la Fenix 2. Au final plutôt déçue par les promesses de cette montre d'autant que cela fait des mois qu'il n'y a pas eu de mise à jour.",1,1,0,0,dataset_apia2022,1
"Bonne appli qui permet d'enregistrer et valider ses activités, en revanche la reconnaissance des mouvements est peu performante et nécessite toujours de modifier les enregistrements pour les faire correspondre à la réalité. En ce sens, il serait appréciable qu'une mise à jour donne la possibilité de gérer soi-même la liste des ""Récents"" ou gérer une liste de ""Favoris"".",1,0,1,0,dataset_apia2022,1
très pratique et facile à d'utilisation,1,0,0,0,dataset_apia2022,1
Bonne application tte les infos sur l'activité rapidement,1,0,0,1,dataset_apia2022,1
Pas de connexion possible avec ma vivofit 3. J'ai  installé et désinstallé l'application sans succès. Je reste bloquée sur la première page avec le réglage de l'horloge. Quid du reste ?  Cela fonctionnait sur mon autre gsm... 😡,0,1,0,0,dataset_apia2022,1
Ras Très bien,1,0,0,0,dataset_apia2022,1
Rien à dire pour le moment,1,0,0,0,dataset_apia2022,1
"Depuis le nouvelle mise à jour je ne peux plus coupler mon Wiko avec ma 
montre Forerunner 30 alors que tt fonctionnait parfaitement avant . 
J'attends au plus vite une solution merci",0,1,0,0,dataset_apia2022,1
"Bonne application, fais ce qu'on lui demande, bonne interface",1,0,0,1,dataset_apia2022,1
Problème de connexion avec ma Forunner 220 résolu. L'application est plutôt sympa.,1,0,0,1,dataset_apia2022,1
"Bonjour.et bien idem pour moi. Cela fait un moi que ne télé charge rien ou alors en manuel. Au support il on du mal a comprendre, leurs réponses sont faites pour des techniciens. Bonne journée",0,1,0,0,dataset_apia2022,1
Très content de l appli et de l l'appareil. Utilisateur depuis 4 ans . Au top.,1,0,0,0,dataset_apia2022,1
Très sympa à utiliser !,1,0,0,0,dataset_apia2022,1
Quelques bugs mais correct dans l'ensemble,0,1,0,0,dataset_apia2022,1
"Depuis le dernière mise à jour, il m est impossible de coupler ma Vívosmart HR+ avec mon Honor 6x et cela depuis déjà 10j. Alors je suis supposé jeter ma montre ?",0,1,0,0,dataset_apia2022,1
Détaillée et précise,1,0,0,0,dataset_apia2022,1
"Impossible de se connecter. J'ai dû tout réinstaller (soft et montre) afin de pouvoir réinitialiser la connexion. Une semaine plus tard, ça ne fonctionne à nouveau plus. Marre de chez marre !!!!!!!!!! Et dire que je n'ai pas acheté la Samsung car les commentaires sur le soft étaient mauvais... Que dire de celui de Garmin??????? Une honte.",1,1,0,0,dataset_apia2022,1
"Marchait très bien pendant des mois et depuis les dernières MAJ, impossible de synchroniser avec mon smartphone. Que je n'ai pas changé !  La MAJ d'avant hier, n'a absolument rien changé. Cela fait 2 semaines que l'application est non fonctionnelle. À quand une solution ???",1,1,0,0,dataset_apia2022,1
"Bien, reste très lente pour l'affichage de la carte des entraînements dans l'historique. Superbe dans l'ensemble.",1,0,1,0,dataset_apia2022,1
Depuis quelque temps le logiciel bug. Monté d étage trop rapide alors qu'on est sur du plat. Nombre de km qui défilé en intérieur ex: 3km en 1min. Observe aujourd'hui. Course à pied 1h02 de course et sur le tracé ma course n est pas enregistré complètement. Mon arrivé se trouve à 10min de mon lieu de départ!!! J'ai également un gain d altitude de 5173m alors que j'ai quasi fait que du plat. Le logiciel n est vraiment pas fiable depuis un moment. Obligé de le coupler avec strava pour vérifier.,0,1,0,0,dataset_apia2022,1
"Application très détaillée, idéal pour les sportifs accomplis ou débutants",1,0,0,1,dataset_apia2022,1
"Pourquoi on m'impose le golf en activité ? Je fais de la course a pied du vélo et de la natation! Par contre pas d'option tennis, ce qui concerne plus de monde que le golf...",0,0,1,0,dataset_apia2022,1
En amélioration continue 👍,1,0,0,0,dataset_apia2022,1
"Application intuitive et très détaillée dans les résultats, ravis.",1,0,0,1,dataset_apia2022,1
"Cette application me permet de suivre mes activités sportives, ainsi que mon sommeil et mon rythme cardiaque. De plus on peut trouver des personnes proches de chez nous exerçant les même activités. Je me passerais pas de ma montre garmin",0,0,0,1,dataset_apia2022,1
"bonne application fonctionnelle, facile à prendre en main.",1,0,0,0,dataset_apia2022,1
"Depuis les dernières mises à jour la synchronisation fonctionne de manière aléatoire, une vraie catastrophe.",0,1,0,0,dataset_apia2022,1
"Super application, très complète. Ça donne envie de se surpasser et de sortir plus souvent pour s entraîner.",1,0,0,1,dataset_apia2022,1
"Très bonne appli, pratique et rapide. Seul bémol, la fonction de création d'itinéraire et de suivi, qui bug régulièrement et qui fait passer pour des routes en vélo de route impraticables (pour vtt). Sinon, top top top",1,1,0,0,dataset_apia2022,1
appli facile a prendre en main et tres intuitive !,1,0,0,1,dataset_apia2022,1
Super application tout est bien détaillé aucun beug rien à dire,1,0,0,0,dataset_apia2022,1
App très complète et sans bug,1,0,0,0,dataset_apia2022,1
"Appli très complète ! J'adore pour toutes les infos aussi bien cardios que caloriques, kms, Gps, minutes actives, etc, etc. Le seul bémol, c'est que la montre se déconnecte parfois et surtout, ne se reconnecte pas automatiquement . On pense que les notifications vont nous signaler un appel (important lorsque l'on est d'astreinte ) pendant que l'on fait du sport, mais non, vous êtes déconnecté. A part ça, c'est top. Mais je n'en attendais pas moins au vu du prix de la Tactix Charlie !",1,1,0,1,dataset_apia2022,1
Plus aucune remontée des activités depuis le 16 octobre !!! Après des mois sans pouvoir associer mon téléphone à la montre (fenix 5 S) un nouveau bug chez Garmin... Ça devient récurrent... dommage car l'application est vraiment sympa.,1,1,0,0,dataset_apia2022,1
Très simple application,1,0,0,0,dataset_apia2022,1
cool. cool cool cool. cool cool,1,0,0,0,dataset_apia2022,1
Nice application. it helped me to improve my performance in race.,1,0,0,1,dataset_apia2022,1
Soucis de synchro avec la montre 45s et mon téléphone sur Android one.,0,1,0,0,dataset_apia2022,1
Tout simplement incapable de me connecter!!! J'avais très hâte d'essayer ma nouvelle vivosmart hr et voilà que je suis coincée à la case départ!! Message d'erreur à chaque tentative... Samsung galaxy S5,0,1,0,0,dataset_apia2022,1
"Carrément déçu ! Serait il possible d'avoir nos activités et autres enregistrés dans le téléphone, et non plus sur le serveur, qui, si il ne fonctionne plus, nous fait tout perdre... Car effectivement, le serveur est en maintenance depuis quelques jours et je n'ai plus rien... Maintenance? Plutôt attaque d'après ce que j'ai lu !....",1,1,0,0,dataset_apia2022,1
"A mon humble avis, je n'ai pas encore le potentiel pour exploiter au maximum les capacités de l'application. Mais les suivis et les guides sont bien réalisés et très pédagogues, si on s'investit et qu'on prend le temps de lire les données/ conseils de l'application alors on en apprend beaucoup sur soi et comment progresser pour atteindre ces objectifs. 5 ⭐ ! Je recommande !",1,0,0,1,dataset_apia2022,1
Dommage qu'il n'est pas possible de déplacer la ligne de donnée dans les graphes,0,0,1,0,dataset_apia2022,1
"Une app très riche, à tel point que la prise en main est longue ! C'est pour ça que je ne mets que 4 étoiles, car je suis loin d'en avoir fait le tour. J'apprécie particulièrement la sy'chro avec my fitness pal, qui du coup ajuste les calories que j'ai le droit de manger en tenant compte des données en temps réel de Garmin Connect. Utilisation avec une Forerunner 935 (également prise en main complexe vu l'immensité des fonctions !).",1,0,0,1,dataset_apia2022,1
"Depuis le 6 novembre ma montre et mon téléphone ne se partagent plus d'informations. Après 5 mails envoyés à Garmin et seulement une seule réponse (au premier.... Depuis ils préfèrent m'ignorer !!!), j'ai décidé de passer à la concurrence.  Dommage pour Garmin, du coup, il perd 4 clients ( mon mari qui va changer sous peu sa montre, mes deux enfants de 17 et 18 ans qui souhaitaient en acquérir une et moi).",1,1,0,0,dataset_apia2022,1
Très bon outil,1,0,0,0,dataset_apia2022,1
Simple et efficace,1,0,0,0,dataset_apia2022,1
Appli sans bugs et super clair j'adore !,1,0,0,0,dataset_apia2022,1
Super application. Complète et conviviale.,1,0,0,0,dataset_apia2022,1
"Bonne appli, rien à envier à Strava. Sauf lorsqu’on crée un parcours vtt par exemple, la carte d’activité qui permet de voir les passages empruntés, mais pas existant sur une carte classique, n’est pas au point, au contraire de Strava. Il faudrait aussi pouvoir séparer les activités faites sur route et vtt.",1,0,1,0,dataset_apia2022,1
"GENIAL, TROP CONTENT DE MA GARMIN",1,0,0,0,dataset_apia2022,1
Tres bonne application,1,0,0,0,dataset_apia2022,1
S'exécute en arrière-plan en permanence depuis la dernière mise à jour !! --> résolu. Mai 2020,0,1,0,0,dataset_apia2022,1
"La pire des applications que j'ai pu utilise. Record perdu quand on renomme une course, etc .. bref un cauchemar. Cette application ne devrais meme pas etre autorize .... Et le pire c'est que Garmin ne reponds meme pas aux mails ...",1,1,0,0,dataset_apia2022,1
"Visuellement agréable, on retrouve l'ensemble des données de la plateforme Web. Agréable à l'utilisation, une fois les menus appropriées. Cependant, l'édition / ajout de séance d'entraînement, ou tout autre édition aurait été un plus. Une synchronisation moins chaotique (s4 /620) un énorme plus ! Et quelques analyses stat pas un mal ! Est-ce pour ne pas concurrencer strava & Cie ?",0,0,1,1,dataset_apia2022,1
très bien fait il ne manque rien ....,1,0,0,0,dataset_apia2022,1
La 620 est enfin reconnue par les smartphones sous Android.  Bravo aux développeurs.,1,0,0,1,dataset_apia2022,1
"Impossible de se connecter via l'application mobile. Pour des montres aussi cheres, une application valable et qui marche pourrait valoir le coup !",0,1,0,0,dataset_apia2022,1
Super intéressant. Cependant l'analyse du sommeil devrait être un peu plus poussée. Et le choix de passer de la marche à la natation plus simple. Mais c'est une bonne application que je recommande,1,0,1,0,dataset_apia2022,1
tres bonne appli,1,0,0,0,dataset_apia2022,1
Vraiment bien !,1,0,0,0,dataset_apia2022,1
Je viens d'acheter une Garmin Fenix a plus de 500€ et impossible de la connecter sur mon téléphone... Avant tout allait bien. Vraiment déçu.,1,1,0,0,dataset_apia2022,1
depuis la maj du 30/04. la montre est en anglais... impossible de la mettre en Francais. pas disponible dans les réglages... 🙁 sinon bonne montre... j'adore vivment la prochaine maj quant elle sera en fr... ce sera top,0,1,0,0,dataset_apia2022,1
Application très fiable très complète jusqu'à maintenant j'en suis très satisfait j'attends un suivi des mises à jour,1,0,0,0,dataset_apia2022,1
Fonctionne très mal avec la vivo activé HR,0,1,0,0,dataset_apia2022,1
"Ne couple plus ma forerunner 235 avec mon huawei p9 lite depuis la dernière mise à jour. Merci d'effectuer un correctif rapidement. 01/12 Toujours pas de connections possible. S'il n'y a pas de connections avant la fin de l'année je fais marcher la garantie et je passe à la concurrence. Maj 05/12 j'ai réussi à connecter ma montre 1h et maintenant impossible. J'ai eu le malheur de fermer l'application et maintenant la connection est impossible. 06/01 : j'ai connecté ma montre sur un autre téléphone il y a une petite maj sur ma montre et depuis je peux me connecter à nouveau sur mon huawei. Essayez ça. Du coup je remet des étoiles mais plus que 4, Car je me suis débrouillé tout seul. Et je n'ai pas eu de connections pendant trois mois.",0,1,0,0,dataset_apia2022,1
Plutôt top,1,0,0,0,dataset_apia2022,1
"Indispensable avec une Fenix,  aucun souci !",1,0,0,1,dataset_apia2022,1
Depuis la mise à jour impossible de jumeler ma montre avec  mon Samsung S8,0,1,0,0,dataset_apia2022,1
"Pratique....donne qqs infos qui semblent importantes, mais dont on ne veritablement mesurer l'impact...ludique...je continue l'experience...bravo a Garmin.",1,0,0,1,dataset_apia2022,1
"Top applications, préparation des entraînements motivante",1,0,0,0,dataset_apia2022,1
depuis le 29/01/21 tracé plat sur la fréquence cardiaque a certains moments plus de corrélation entre la fréquence cardiaque des activités et celle de tout temps de plus en plus de Bug très déçu 😞 depuis un certains temps l appli se dégrade plus synchronisation des activités automatiquement faut le faire manuellement maintenant. et le service après vente de garmin laisse sérieusement désiré problème avec mon altimètre et pas moyen de se faire dépanner,1,1,0,0,dataset_apia2022,1
Ergonomie sympa. Mais on ne peux toujours pas envoyer les segments à mon Edge 1030...,1,1,0,0,dataset_apia2022,1
Fait le job,1,0,0,0,dataset_apia2022,1
"Très satisfaite de l'Application. Elle répond à mes attentes et je me 
surprends à la consulter plus régulièrement que prévu 😀. Le graphisme est 
plutôt sympa et fonctionnel. Le seul hic est que la synchronisation ne 
fonctionne pas avec mon Windows Phone. Heureusement que g également un 
Samsung. Bref, pour résumer à tester (et si elle ne vous convient pas, vous 
pourrez toujours la désinstaller).",1,1,0,1,dataset_apia2022,1
"Depuis la dernière mise à jour (04/02), impossible de connecter l'application à ma montre (Garmin descente mk1)... Même après reinitialisation, redémarrage, supression de l'appli etc etc..",0,1,0,0,dataset_apia2022,1
répond parfaitement à mes attentes. application claire et complète. voir directement son temps sur les segments sans avoir à le chercher dans le classement serait top,1,0,1,0,dataset_apia2022,1
Bon fonctionnement.,1,0,0,0,dataset_apia2022,1
Appli top mais connexion Bluetooth avec edge 820 pourrie... Depuis 1 ans je galère avec la connection Bluetooth. Il faut à chaque fois appairer le téléphone. J'ai changé de téléphone et c'est pareil. C'est bête car avec une bonne connexion elle serait top mais ça gâche tout.,1,1,0,0,dataset_apia2022,1
"J'ai un Asus zenfone et l'appli ne fonctionne pas. Quand je la lance et que je fais ""se connecter"" je tombe sur un écran noir et rien ne se passe. Même chose avec créer un compte. Je ne peux donc pas synchroniser ma montre sur l'appli. Vraiment dommage. Mon téléphone est à jour, lappli également et j'ai même essayé de la désinstaller mais rien ne marche.",1,1,0,0,dataset_apia2022,1
"Une appli vraiment top, on retrouve toutes nos données, tout est très claire !",1,0,0,1,dataset_apia2022,1
"Quand on n'est pas foutu de développer une appli qui fonctionne (synchro) on ne la mets pas en place... Et au pire vu le nombre de commentaires sur se problème, on revient à la dernière version qui donnait satisfaction.  Vu le prix des montres c'est inacceptable !",1,1,0,0,dataset_apia2022,1
Bug depuis la dernière maj grrree,0,1,0,0,dataset_apia2022,1
"Impossible de coupler ma fenix 3 HR avec mes téléphones: Samsung note 9 et le blackview 9500 pro. J'ai tout essayé (mises à jour, etc...). Rien ne marche. Les appareils se trouvent grâce au Bluetooth mais la connexion ne se fait pas. Pourtant cela marchait très bien avec mon Samsung s7 edge. Quelle solution pouvez vous m'apporter ?",0,1,0,0,dataset_apia2022,1
Ni plus ni moins que ce que j'attendais d'une montre connectée option sports! 👍👌,1,0,0,0,dataset_apia2022,1
"Depuis la dernière mise à jour le partage facebook n'est plus disponible 
dans le live track. A rétablir au plus vite",0,1,0,0,dataset_apia2022,1
La synchronisation bluetooth ne fonctionne plus depuis la mise à jour vers Android 6........,0,1,0,0,dataset_apia2022,1
Manque la possibilité d'éditer et de créer des séances d'entraînement.,0,0,1,0,dataset_apia2022,1
Très bonne application fonctionne au top avec ma 920XT,1,0,0,1,dataset_apia2022,1
Tres utile pour les statistiques d'activité,0,0,0,1,dataset_apia2022,1
Une super application je suis content merci garmin,1,0,0,0,dataset_apia2022,1
au top suivi permanent de mes activités,1,0,0,0,dataset_apia2022,1
"Depuis la mise à jour plus de livetrack Facebook, vraiment dommage",1,0,1,0,dataset_apia2022,1
Impossible de me connecter désormais depuis quelques jours..... Aidez moi !!!,0,1,0,0,dataset_apia2022,1
"Une application vraiment complète, tout les paramètres sont renseignés",1,0,0,1,dataset_apia2022,1
"Depuis plusieurs mois ma montre vivoactive HR est couplé que quelque minutes ensuite la connection bluetooth n est plus afficher sur la montre et dans l appli elle est connectée impossible de faire une synchro apres une activitée je suis obligee de réinstaller la montre ,je suis déçu de garmin depuis cela et ca dure.........imposdible de recevoir les sms ou même les appels entrants..... Vite une misa a jour digne de se nom.",1,1,0,0,dataset_apia2022,1
"Top, tout ce dont j’ai besoin",1,0,0,0,dataset_apia2022,1
Super application sympa du Garmin au top,1,0,0,0,dataset_apia2022,1
"Top, le nécessaire y est!",1,0,0,0,dataset_apia2022,1
Impossible de coupler la montre vivoactive 4s sur Samsung Galaxy A10. Comment faire ?,0,1,0,0,dataset_apia2022,1
application qui répond totalement à mes attentes,1,0,0,0,dataset_apia2022,1
"Intuitive, pratique, un ""best'. Par contre, l'affichage d'une décimale supplémentaire sur la montre lors d'un running pour la vitesse moyenne serait la bienvenue.",1,0,1,0,dataset_apia2022,1
Application ludique et interface bien pensée.,0,0,0,1,dataset_apia2022,1
"Application qui commence a être stable avec une Fenix 5X. A suivre, UX correcte. Maj (18/02): à nouveau instable Maj2 (11/19) ras Maj3(02/02/20) aïe la connexion avec la montre est instable Maj4(10/11/20) connexion ok, reste l'interface qui pourrait être plus léchée.",0,1,0,0,dataset_apia2022,1
"L'application fait le job, que ce soit en mode sport ou normal. Les informations sont très utiles et précises. Je trouve l'ergonomie agréable.",0,0,0,1,dataset_apia2022,1
Mettre le dénivelé sur la 735xt,0,0,1,0,dataset_apia2022,1
connect fait planter mon Bluetooth. Impossible de rester connecté avec un casque ou un autre appareil. Je viens d'acquérir une vivoactive hr rt je vais devoir m'en débarrasser.,0,1,0,0,dataset_apia2022,1
Galaxy Samsung S4 avant la derniere mise a jour du 30/06 impec....sinon aujourd hui desinstalation 4 fois...ne fonctionne toujours pas A REVOIR IMPERATIVEMENT,1,1,0,0,dataset_apia2022,1
Plusieurs fois mon activité n'a pas été transféré sur strava dommage car je suis fan de mon garmin edge 1000,1,1,0,0,dataset_apia2022,1
Le top,1,0,0,0,dataset_apia2022,1
Plus possible de connecter mobile huawei. Application qui ne sert plus à rien !,1,1,0,0,dataset_apia2022,1
"Quelques soucis avec la fréquence cardiaque, mais bien dans l ensemble",0,1,0,0,dataset_apia2022,1
Intuitive et facile à utiliser. Il manque que les heures de début et de fin des activités ainsi que le cumul en dénivelé positif cumulés sur une course.,1,0,1,0,dataset_apia2022,1
Nouvelle mise à jour pas top...problème de synchronisation...dommage,0,1,0,0,dataset_apia2022,1
L'application fonctionne parfaitement. Le téléchargement des données via bluetooth est simple comme bonjour et l'application offre une interface pratique et agréable. Bravo !,1,0,0,1,dataset_apia2022,1
"Depuis la dernière mise à jour, je suis obligé de réinstaller l'application. Mais dommage il y toujours un message d'erreur... impossible de synchroniser avec ma montre Tactix Charlie.",0,1,0,0,dataset_apia2022,1
"Bonjour, depuis hier je n'arrive plus a synchroniser ma montre à mon téléphone et les bluetooth sont activés. Merci de trouver une solution.",0,1,0,0,dataset_apia2022,1
"Ne ce synchronise plus av myfitpass pour les aliments,calories et autres..indication des calories ds l'application fausse alors que l'activité est mise à jour,mauvaise synchronisation tt simplement.etc..plus aucune utilité pour l'application.il reste la connexion à l'ordinateur pour suivre la progression sinon rien.",0,1,0,0,dataset_apia2022,1
Inscription journée du 13 octobre en nombre de Pas erroné j'ai dépassé mon objectif et il m'a inscrit que je l'ai atteint qu' à 6 % pourquoi?,0,1,0,0,dataset_apia2022,1
Fonctionne très bien avec fenix5x,0,0,0,1,dataset_apia2022,1
Pourriez vous vérifier le fonctionnement sur S7,0,1,0,0,dataset_apia2022,1
Grande facilité d'utilisation et interface intuitive. Les données sont claires et agréablement présentées.,1,0,0,1,dataset_apia2022,1
"Pour ceux dont la montre ne synchronise plus. Il faut aller aller sur le pc, connecter votre montre et utiliser Garmin express. Cliquez sur Garmin connect. Ça vous dirige vers l'interface web. Là, vous importez manuellement vos activités (icone en haut à droite). Vous glissez dans la fenêtre les fichiers présents sur votre montre. Après avoir fait cette opération la synchro avec l'appli mobile fonctionne. Merci Garmin de nous laisser la satisfaction de se débrouiller tout seul, vu le nombre de plaintes, une petite explication comme ça aurait été bienvenue.",0,0,1,1,dataset_apia2022,1
Je commence à apprécier de moins en moins. Il peut se passer plusieurs jours sans que la synchro se fasse. Mon Bluetooth est OK mon wifi aussi et le sync de ma Vivofit affiché ne se connecte pas avec l'appli. Donc pas de synchronisation. Ça devient pénible. Et un jour hop ça se synchronise et rattrape plusieurs jours de retard. C'est gênant à force. A corriger svp. Rectification j'ai fait ka mise à jour et la synchronisation vient de se faire et à rattrapé le retard. Donc le bug est corrigé ? Cool,1,1,0,0,dataset_apia2022,1
Manque les rapports et le type d'activité mountain bike. Sinon c'est de mieux en mieux.,0,0,1,0,dataset_apia2022,1
Super application bravo !,1,0,0,0,dataset_apia2022,1
Synchronisation impossible depuis la mise à jour! (edge 520),0,1,0,0,dataset_apia2022,1
Après un mail envoyé au service client Garmin le soucis de connexion avec mon téléphone a été résolu et au quotidien je suis satisfait de l'application.,1,0,0,1,dataset_apia2022,1
BUGGGGGGGGGGGGGGGGG je m’aperçois  que J'ai pleins d'activité en double ! inadmissible la Corrections d'altitude est activée et maintenant j'ai un doublon de l'activité. j'en ai  une avec correction d'altitude activée et l'autre sans la correction d'altitude activée je fais comment maintenant ? Jai pas assez de place ici pour decrire lss problemes .... a chaque fois ma montre revient en miles au lieu de kilomètres  depuis peu de temps..,0,1,0,0,dataset_apia2022,1
"Problème notification téléphone. Depuis quelques semaines, l'application ne vois plus de notification sur ma montre. Même après redémarrer mon téléphone comme de ma der par l'application",0,1,0,0,dataset_apia2022,1
"Impossible depuis plusieurs semaines de synchroniser le téléphone avec l'app, malgré la réinstallation de l'app et le couplage du téléphone.",0,1,0,0,dataset_apia2022,1
Bien fait,1,0,0,0,dataset_apia2022,1
"Fluide, quasi réplique de ce que je trouve sur le programme pc, pour moi que du bonheur pour cette application.",1,0,0,0,dataset_apia2022,1
"Avis a ceux qui ont des  problèmes de Bluetooth. Je possède un sony xpéria compact z3 et j'ai dû insister pendant 5 jours avant de  pouvoir connecter ma  montre avec  mon smartphone . Il faut  insister, réinstaller, redémarrer la  montre, se  connecter à  Garmin express et  miracle  tout  marche. Merci à Garmin Suisse avec qui j'ai insister contrairement à Garmin France qui a botté en touche en me disant que  mon smartphone ne devait pas être compatible avec  la  forerunner 220. Au final , très  bon  choix",1,1,0,0,dataset_apia2022,1
Bonne expérience mais j'aimerais pouvoir suivre mes activités en direct sur mon smartphone en plus de m'a montre (cartographie en particulier),1,0,1,0,dataset_apia2022,1
TOP,1,0,0,0,dataset_apia2022,1
Pas compatible avec mon honor x7... Dommage sinon appli bien faite,0,1,0,0,dataset_apia2022,1
Super. Efficace quelques petits problème de synchronisation avec la montre parfois mais ça se résoud vite. Le GPS a du mal aussi quand ça fait un moment quon à pas allumer la montre,1,1,0,0,dataset_apia2022,1
Une application superbe !!,1,0,0,0,dataset_apia2022,1
"Aucun bug, l'application est efficace et réactive. La synchronisation avec la montre en bluetooth est bonne, les données sont renvoyées instantanément sur d'autres appli liées type Strava. La création d'entraînement et l'envoie sur la montre est facile. Seule la planification les itinéraires reste à améliorer, notamment pour le trail car tous les chemins n'apparaissent pas sur la cartographie",1,0,1,1,dataset_apia2022,1
No possibility to edit activity exercises after download since last update.,0,1,0,0,dataset_apia2022,1
Efficace et intuitif !!,1,0,0,0,dataset_apia2022,1
"Je n'arrive pas à connecter ma vivofit2 avec mon Samsung galaxy s5. Quand je les connectes, l'application me demande si je vois le code s'afficher sur la montre mais rien de plus. Du coup je n'ai pas l'heure ni la date. Je peux juste voir mon podometre. Avez vous une solution ?",0,1,0,0,dataset_apia2022,1
super application,1,0,0,0,dataset_apia2022,1
"Appli sympa, complète, mais pas toujours très intuitive. Dommage aussi que sur les graphiques on ne puisse pas avoir la main sur les abscisses et ordonnées",1,0,1,1,dataset_apia2022,1
Impossible de synchroniser ma montre depuis quelque temps. Vraiment amateur comme service (pas le premier pb avec cette app et montre hors de prix vu le service rendu),0,1,0,0,dataset_apia2022,1
"Bonjour, idem depuis la montée de version plus de synchronisation de la montre qui n'arrive pas à garder la connection. C'est très regrettable !!!!",1,1,0,0,dataset_apia2022,1
Je me sert de l application tous les jours top,0,0,0,1,dataset_apia2022,1
"Après une impossibilité d importer mes parcours sur ma montre, maintenant je n ai plus de GPS sur celle ci (fenix 3hr) sur n importe quel sport. J ai beau envoyer des mails à garmin je n ai aucune réponse. Il a fallu que J appel l assistance téléphonique qui a très vitre pris mon probleme en charge. Montre envoyer pour Sav. Plus Qu à attendre",0,1,0,1,dataset_apia2022,1
La synchronisation automatique fonctionne bien mieux,0,0,0,1,dataset_apia2022,1
"Je fonctionne avec la montre forerunner et l'appli depuis plusieurs mois. Trop de Bug !! La connection entre montre et Appli est aléatoire. Il faut ouvrir l'appli sur le tel pour obtenir les  données sur la montre. Depuis la dernière mise à jour, les 2 appareils ne se reconnaissent plus... Dommage car lappli est intéressante !",0,1,0,0,dataset_apia2022,1
"Depuis la nouvelle version, impossible d'afficher la carte dans l'application Locus Map !",0,1,0,0,dataset_apia2022,1
Bien mais pas top,1,0,0,0,dataset_apia2022,1
Me convient parfaitement,1,0,0,0,dataset_apia2022,1
Application très fonctionnelle toutes les données sont au top,1,0,0,0,dataset_apia2022,1
"Malgré la mise à jour, toujours impossible de synchroniser ma Vivoactive 3 Music avec un OnePlus 7T Pro.",0,1,0,0,dataset_apia2022,1
impossible de modifier les cadrans de montre ni via ordinateur ni via l application.....,0,1,0,0,dataset_apia2022,1
"Manque le cumul des activités depuis le début d'année Et les objectifs 
présent sur PC",0,0,1,0,dataset_apia2022,1
Ravie,1,0,0,0,dataset_apia2022,1
je ne peux plus m'en passer,1,0,0,0,dataset_apia2022,1
très bonne application avec la montre Garmin 235 pour mon expérience.,1,0,0,1,dataset_apia2022,1
Simple d utilisation,1,0,0,0,dataset_apia2022,1
Ne marche pas sur ma tablette!,0,1,0,0,dataset_apia2022,1
Pb de connexion depuis la mise a jour sur ma 935 il a fallut passer par une reconnexion comme nouvel app,0,1,0,0,dataset_apia2022,1
Appli trop cool,1,0,0,0,dataset_apia2022,1
"Bonne application. Depuis quelques temps, que je l'utilise.  Seul bémol, i lui manque beaucoup d'activités. Ils faut les créer mais elle reste incomplète.  A quand une mise à jour avec des activités prisent en charges par l'application.  Musculation avec haltères  Stepper Rameur, etc...",1,0,1,0,dataset_apia2022,1
"Malgré la synchronisation ""reussie"" ma montre vivofit 1 indique toujours qu'on est le 26 décembre 15h45 au lieu du 4 mai 11h38. Pratique une montre qui ne donne pas l'heure.. j'ai tout essayé mais rien ne fonctionne...",0,1,0,0,dataset_apia2022,1
fonctionnement top depuis les dernières mise à jour .. 👍,1,0,0,0,dataset_apia2022,1
Impossible de se connecter aujourd'hui même après désinstallation et réinstallation...y a-t-il un soucis chez vous ou cela vient de mon matériel (téléphone ou montre?),0,1,0,0,dataset_apia2022,1
Je l'utilise presque tous  les jours,0,0,0,1,dataset_apia2022,1
Top !!! N,1,0,0,0,dataset_apia2022,1
"Novice dans l utilisation je découvre au fur et à mesure de mes besoins, jusqu a présent je trouve l application très intuitive",1,0,0,1,dataset_apia2022,1
Super et plein de modes.,1,0,0,1,dataset_apia2022,1
Superbe appli pour sur sa progression,1,0,0,0,dataset_apia2022,1
mise en route rapide et facile. connexion avec ma garmin 645 music impeccable ainsi que la synchronisation avec my fitnesspal. je recommande. utiliser depuis 1 semaine.,1,0,0,1,dataset_apia2022,1
Simple d'utilisation et très efficace ! Je recommande,1,0,0,0,dataset_apia2022,1
Une appli qui fonctionnait bof... Depuis la dernière maj elle ne fonctionne plus vu qu'elle ne s'ouvre plus... 🙄 Merci.,1,1,0,0,dataset_apia2022,1
"J'arrive plus à configurer mon garmin edge 820 la barre d'attente pendant 
la configuration reste bloquée c'est très frustrant 😤",1,1,0,0,dataset_apia2022,1
Tout est fonctionnel après 2 remise à usine! Un peu fastidieux mais fonctionne #1.,0,0,0,1,dataset_apia2022,1
"Montre Venu achetée en avril, jusque là tout allait bien. Depuis quelques semaines plus de notifications sur la montre, synchro manuelle. Hier j'ai supprimé l'application pour la remettre et maintenant la montre et le téléphone ne se connecte plus. Compliqué de suivre son activité et ses performances si on ne peut pas y avoir accès. Je pensais qu'acheter Garmin était signe de qualité, je me suis peut être trompée.",1,1,0,0,dataset_apia2022,1
"Depuis plusieurs années et après l'acquisition de plusieurs appareils Garmin, j'apprécie de suivre mes statistiques et l'évolution des données au fil des années. Sans être un grand sportif, je suis plutôt régulier dans mes activités et cette application est une bonne approche pour un suivi de ma santé.",0,0,0,1,dataset_apia2022,1
"Depuis hier, impossible de connecter la montre à l'application. Plusieurs fois fait la procédure et même désinstallé la montre mais rien n'y fait. Et donc maintenant impossible d'installer ma montre. Je suppose que la dernière mise à jour a un sérieux bug. Déjà que depuis plus d'un mois je n'ai plus les notification d'application (mail, sms, Messenger, agenda) mais là c'est le pompon. J'espère que cela sera vite réglé sinon cette montre (ma 2èmeGarmin) ne sert à rien",1,1,0,0,dataset_apia2022,1
fonctionne parfaitement,1,0,0,0,dataset_apia2022,1
"Problème de synchronisation et de connectivité depuis la dernière mise a jour sur vivosmart 4. Depuis, plus de trace gps connecté au téléphone, des informations fantaisistes, une v02 max fausse (a cause de la connexion au GPS aléatoire) bref, c'était pas la peine de faire une mise a jour pour que ça ne marche plus aussi bien qu'avant ! Ça met en rogne, Garmin, et ça pousse vers la concurrence !!!",0,1,0,0,dataset_apia2022,1
Depuis la dernière màj plus moyen de me connecter en Bluetooth forerunner 235 ☹,0,1,0,0,dataset_apia2022,1
géniale sur le suivi et compatibilité avec Strava. Je suis devenu fan.,1,0,0,0,dataset_apia2022,1
"Usine à gaz pour la configuration, après mise à jour de mon edge 820 impossible de connecter mon téléphone que j'ai malheureusement fait ""oublier"" à mon GPS Garmin La version de Gconnect ne serait pas suffisante, malgré la maj du 20 septembre 2019,mais où en trouver une autre ?",0,1,0,0,dataset_apia2022,1
Application parfaite accouplée à une montre parfaite (Fenix 5S). Les informations communiquées sur cette application sont excellentes et nous font vraiment progresser. Je suis conquis par Garmin !!,1,0,0,1,dataset_apia2022,1
Application au top,1,0,0,0,dataset_apia2022,1
"Depuis la mise à jour du 20 septembre, Garmin Pay ne fonctionne plus (problème de connexion avec les serveurs). Et pas de réponse de la part du développeur sur cette question.",0,1,0,0,dataset_apia2022,1
Vivoactive 3 inutilisable avec Huawei p9 lite!  Je pense qu'une mise à jour avec les smartphones compatibles sur le site garmin est nécessaire pour ne pas décevoir les acheteurs et faire plus de pub à la concurrence... Mais ça reste juste mon humble avis d'acheteur qui n'aime pas prendre de pilule à 359€.,0,1,1,0,dataset_apia2022,1
Great,1,0,0,0,dataset_apia2022,1
Tres bonne application. Merci d'avoir rajouté la possibilité de pouvoir creer ces propres trajets directement a partir de l'application cependant une fonction recherche (pouvoir entrer l'adresse manuellement et non juste en sélectionnant un point d'arriver / de départ) serait fortement appréciable. Dans l'attente de cette option pour pouvoir rajouter l'etoile manquante.,1,0,1,0,dataset_apia2022,1
"Garmin, toujours au top",1,0,0,0,dataset_apia2022,1
"Application ultra complète, couplée pour ma part avec une fenix 5x. Pas de 
bug à signaler pour l'instant. Un sans faute pour garmin à mon avis. Le 
seul petit reproche que je puisse faire, mais c'est inhérent au 
foisonnement d'option, c'est qu'il m'arrive de peiner pour trouver un item.",1,0,1,1,dataset_apia2022,1
Application pratique. Me permet d'analyser mes activités rameur musculation vtt,1,0,0,1,dataset_apia2022,1
"Jadore, simple et beaucoup d'information et defi sur la santé, genial",1,0,0,1,dataset_apia2022,1
Application complète avec pas mal d'informations précises sur vos performances et vos parcours.,1,0,0,1,dataset_apia2022,1
"Fenix 3HR inutilisable depuis que les infos d'altitude et de pression sont devenues instables et aberrantes. Énième réinitialisation (sur conseil du sav) qui ne peut plus être finalisée car maintenant impossible de connecter ni mettre à jour la montre depuis l'appli, alors que c'était la seule chose qui fonctionnait à peu près jusqu'alors... 400€ la montre non connectée qui ne mesure plus rien de fiable, c'est inadmissible !",0,1,0,0,dataset_apia2022,1
"Garmin,faites une mise à jour compatible avec p8 lite 2017 huawei pour récupérer vos 5 étoiles. Le téléphone détecte la montre, mais garmin connect ne fait pas le boulot. Que des problèmes depuis novembre avec nos 2 montres non connectées. ABUSÉ ! Enfiiiiiinnn... Merci !!! C'est réparé !... 👯",1,1,0,0,dataset_apia2022,1
Pour ma part bonne application je regrette simplement le temps de mise à jour lorsque je bascule mes planing d entraînement sir la montre. De plus lors de l elaboration des entraînement serait il possible lors des répétitions de pouvoir programmer plus deux séance spécifique de travail et de repos. Merci pour le boulot en tout cas,0,0,1,1,dataset_apia2022,1
Pas mal. Dommage que sur la version PC la foenix 2 ne soit plus prise en charge...,1,1,0,0,dataset_apia2022,1
Je débute mais génial,1,0,0,0,dataset_apia2022,1
Depuis la MAJ m'a montre est en anglais et impossible de ma remettre en français !!!,0,1,0,0,dataset_apia2022,1
"j utilise l application conjointement à strava , très facile d utilisation, juste petit bémol , qques pb de connexion et une petite différence entre les données",0,1,0,1,dataset_apia2022,1
Application au top qui permet de synchroniser plusieurs appareils en même temps. En l'occurrence un vieux Edge 810 et une plus récente fénix 5S :),1,0,0,1,dataset_apia2022,1
"Super facile d'utilisation, visuel ludique, joli et dynamique. Permet de voir rapidement ses résultats, et les badges qu'on a gagnés ! J'aime beaucoup aussi le fait qu'on puisse faire des défis avec 10 autres utilisateurs Garmin pour le nombre de pas, avec une sélection aléatoire des utilisateurs.",1,0,0,1,dataset_apia2022,1
"Après de long mois sans pouvoir synchroniser la montre (vivosmart 3) , 
Garmin à enfin résolu le problème de synchronisation pour la dernière 
version d'android.",0,1,0,0,dataset_apia2022,1
Depuis la mise à jour je ne peux plus définir les périodes de sommeil et la montre s'allume la nuit !!!!!!,0,1,0,0,dataset_apia2022,1
Vraiment parfait. Simple et efficace.,1,0,0,0,dataset_apia2022,1
"Les mises à jours passent, et l'appli trépasse... Des mois que j'espère que ça fonctionne enfin, ça marche qq heures puis Connect perd ma Vivosport, quand ce n'est pas Garmin Express qui met 20 mn à la trouver... J'ai des gros gros doutes sur certains commentaires positifs, Garmin veille à son image visiblement !",0,1,0,0,dataset_apia2022,1
Super produit mieux que la concurrence direct !,1,0,0,0,dataset_apia2022,1
La dernière mise à jour a tout déréglé!!! Depuis le 13juin j'arrive à synchroniser ma montre avec mon téléphone mais les données ne sont plus transmises au site internet.  Il faut que je branche ma montre à mon ordinateur... de plus la mise à jour m'a déréglé toute ma configuration de montre... pas top,1,1,0,0,dataset_apia2022,1
"Très pratique, je n'ai pour l'instant qu'un gps et la ceinture cardiaque mais j'ai de bons suivies d'activités. J'utilise beaucoup le site en complément pour dessiner des tracés que j'importe dans mon gps depuis mon téléphone. Je vais prochainement prendre une montre Garmin pour avoir un plus grand suivi. Je recommande l'application.",1,0,0,1,dataset_apia2022,1
"Superbe appli juste dommage que l'actualisation avec Strava nécessite un 
compte premium sur Strava donc payant",1,0,0,1,dataset_apia2022,1
Outils devenu d'utilité quotidienne pour mes séances de sport.,0,0,0,1,dataset_apia2022,1
"Très complet, un suivi très détaillé",1,0,0,1,dataset_apia2022,1
"Magnifique application, facile à utiliser avec appareils et capteurs Garmin. Je recommande",1,0,0,1,dataset_apia2022,1
"Interface ordinaire avec un minimum d'information, encore pire pour l'interface web. Pas de lien avec Runtastic et  pas de lien avec Fat Secret. Comparer à d'autres, ça pourrait être beaucoup mieux. Mais j'aime le bracelet Vivofit et son autonomie de charge de un an (supposé).",0,0,1,1,dataset_apia2022,1
Gros problème  de bluetooth pfff !! Et maintenant je ne peux plus coupler  mon téléphone avec ma montre 😡😡 nul la maj,0,1,0,0,dataset_apia2022,1
Jadore ❤❤,1,0,0,0,dataset_apia2022,1
Top pour suivre ces randonnées et ces pas possibilités de lier avec strava,0,0,0,1,dataset_apia2022,1
Il faut juste laisser l'appli ouverte pour avoir les notifications sur le téléphone (Huawei),0,1,0,0,dataset_apia2022,1
"Bonne appli, complète, efficace sauf pour les notifications. Impossible de les recevoir sur ma vivoactive 4S sans que l'application ne soit ouverte, c'était pareil avec la vivoactive 3.",1,1,0,0,dataset_apia2022,1
"Bonne application. Dommage que la connection en bluetooth soit parfois 
aléatoire.",1,1,0,0,dataset_apia2022,1
"Good. But it would be nice if newly installed apps won't be enabled by default in the ""smart notification"" section when the ""select all"" is not enabled.",1,0,1,0,dataset_apia2022,1
Auparavant tout était OK mais depuis leur soucis du mois d'août impossible de synchroniser la montre et mon portable (s5). Les notifications n'arrivent plus depuis une semaine. Tout les paramètres sont OK pourtant. Dommage.,1,1,0,0,dataset_apia2022,1
"L'application est visuellement réussi et le '' tableau de bord '' est très complet mais aussi facilement organisable de la manière que l'on souhaite. Par ailleurs en ce qui concerne la partie sommeil il sera plus judicieux de mettre l'heure du réveil plutôt que l'heure du '' levé ''. De plus il manque une fonction qui réactif automatiquement les notifications dès que nous sommes réveillés sans prendre en compte les heures de coucher et réveil que nous avons rentré dans notre profil utilisateur. Il faudrait aussi avoir la possibilité de choisir nos heures sommeil pour les jours de la semaine, mais aussi pour le week-end car pour ceux qui dorment plus tard le week-end ils doivent modifié les heures de coucher et de réveil afin de recevoir ou ne pas recevoir les notification à d'autres horaire.",0,0,1,1,dataset_apia2022,1
"L'application c'est la moitié de la montre connecté... cette appli est triste, pas claire du tout ... elle ne donne pas du tout envie d'aller dessus. Je regrette d'avoir quitté la principale marque concurrente (leur application est mille fois mieux) En espérant qu'elle change ... Du coup je ne me sers de la montre juste comme montre. Je ne vais jamais sur l'application. Dommage",1,0,0,1,dataset_apia2022,1
Juste Génial Parfait Merci,1,0,0,0,dataset_apia2022,1
Impossible de se connecter à mon compte après avoir changé de téléphone portable.,0,1,0,0,dataset_apia2022,1
Parfait pour le suivi,0,0,0,1,dataset_apia2022,1
Très bien. Exactement ce qu'il faut pour effectuer un suivi complet de ses sorties (en trail pour ma part).,1,0,0,1,dataset_apia2022,1
Application excellente,1,0,0,0,dataset_apia2022,1
"Plus possible de coupler ma forerunner 230, j'ai le mot de passe pour coupler qui s'affiche mais... en boucle toutes les 5 secondes. Du coup, impossible de le saisir... Aucun problème avant la maj.",0,1,0,0,dataset_apia2022,1
"Très bonne application, elle est parfaitement compatible avec ma montre vivoactive 3 et les appareils se synchronisent sans aucune difficulté.",1,0,0,1,dataset_apia2022,1
Informations pratiques et claires pour comparer les différentes activités.,0,0,0,1,dataset_apia2022,1
Une appli au top!,1,0,0,0,dataset_apia2022,1
"Pour moi c'est à nouveau la référence. Par contre, je n'ai plus le graphique complet de la variation du Spo2 pendant la nuit, est ce mon bracelet ou l'appli ? Deux suggestions pour devenir le benchmark mondial : donner une estimation de la santé cardiovasculaire suivant nôtre âge, une estimation de la qualité du sommeil également par rapport à notre âge et des conseils pour améliorer tout ça. Merci.",0,1,1,0,dataset_apia2022,1
"Montre très simple d'utilisation, agréable à porter. Application au top.",1,0,0,0,dataset_apia2022,1
De mieux en mieux. Garmin corrige et améliore sans cesse l'application.,1,0,0,0,dataset_apia2022,1
Application parfaitement adaptée au suivi sportif y compris au sommeil récupérateur. Une difficulté à conserver les données (fréquence cardiaque et sommeil) sur la synthèse quotidienne. Éric,0,1,0,1,dataset_apia2022,1
"Pour l'instant, je trouve que c'est une bonne application, colorée et 
claire !",1,0,0,0,dataset_apia2022,1
Explication détaillée super 👍,0,0,0,1,dataset_apia2022,1
Excellente application.,1,0,0,0,dataset_apia2022,1
"Application assez complète, je ne suis qu'un simple débutant.",1,0,0,0,dataset_apia2022,1
Difficulté de synchronisation avec forerunner 230. A chaque synchronisation il change mes paramètres d'unités km pour miles.,0,1,0,0,dataset_apia2022,1
Je n'ai pas beaucoup d'expérience mais pour l'instant je suis satisfait de l'application,1,0,0,0,dataset_apia2022,1
Très pratique et simple,1,0,0,0,dataset_apia2022,1
"mêmes problemes que tout le monde rapporte... de plus, j'aimerais pouvoir accéder plus facilement à mes kilometres effectués: jour, semaine, mois, année en cours à l'image de ce que propose Runtastic",0,0,1,0,dataset_apia2022,1
Où en est-on de cette avis : Garmin est conscient d'un problème avec les téléphones modèle Huawei où les périphériques Garmin ne sera pas jumelé avec nos applications mobiles. Garmin a identifié la solution au problème qui exigera une mise à jour de logiciel à votre dispositif de Garmin. Garmin travaille diligemment pour déployer les mises à jour des produits concernés dès que possible. (dernière mise à jour 2/23/18) 07/2018 ÇA NE MARCHE TOUJOURS PAS SUR HUAWEI P20 PRO Mise à jour du 15/11/18 NE MARCHE TOUJOURS PAS SUR HUAWEI P20 PRO!!!!! 😠😠😠😠😠😠😠😠😠😠😠😠😠 Mise à jour du 20 novembre... Et bien toujours pas !!!!!!! 😠😠😠😠😠😠😠😠😠😠😠😠😠,0,1,0,0,dataset_apia2022,1
Rapide en connexion et facile d'utilisation.,1,0,0,1,dataset_apia2022,1
"Acheter  depuis 3 jours fenix 5 et ne marche pas !!!! Pas de synchronisation, pas de bluetooth. ...  une fois acheter plus d aide !!! Super",0,1,0,0,dataset_apia2022,1
Super content. Facile à utiliser. Résultats clairement affichés. App facile.,1,0,0,1,dataset_apia2022,1
"Outils bien pensés. L'offre me semble complète, répond bien a mes besoins. J'aurais apprécié transférer mes donnés a Google Fit afin de maintenir un historique a un endroit indépendant. J'imagine que j'aurais juste a racheter un montre Garmin si jamais j'ai un problème avec la mienne !",1,0,1,0,dataset_apia2022,1
Très bonne application dommage qu'on ne puisse pas y créer directement ses entrainement peut être en mises à jour😉,1,0,1,0,dataset_apia2022,1
"Cette application ne fonctionne pas avec un Samsung, ce qui n.edt pas 
mentionné sur l'emballage du produit vivosmart3",0,1,0,0,dataset_apia2022,1
Exactement ce que je cherchais pour évaluer et mémoriser les statistiques de mes marches matinales.,0,0,0,1,dataset_apia2022,1
Fonctionne très bien pour le running avec ma vivoactive + cardio. Au début problème de synchro avec mon smartphone Samsung S5. Mais après une synchro de la montre avec mon PC : impec!,0,0,0,1,dataset_apia2022,1
Depuit la mise à jour que des souci de synchronisation avec mon.edge 1000 remédier à se souci svp,0,1,0,0,dataset_apia2022,1
Après des difficultés pour ce connecté j'ai désinstallé puis réinstaller en passant par l'appli ça marche nickel ouf je commençais à désespérer,1,0,0,1,dataset_apia2022,1
J'arrive plus à me connecter !!!,0,1,0,0,dataset_apia2022,1
"Depuis  là dernière mise à jour, impossible de synchroniser la montre et application Garmin connect",0,1,0,0,dataset_apia2022,1
Je me régale !,1,0,0,0,dataset_apia2022,1
Un peu gadget mais du fun,1,0,0,0,dataset_apia2022,1
que de progrès,1,0,0,0,dataset_apia2022,1
Depuis la dernière mise à jour de début octobre 2021 gros soucis de connexion Bluetooth entre la montre et mon téléphone. Le téléphone détecte la montre mais pas de communication entre la montre et Garmin connect. Vraiment pénibles ces problèmes récurrents au gré des mises à jour.,1,1,0,0,dataset_apia2022,1
Depuis dernière mise à jour le message fail s'affiche sur la montre vivofit2,0,1,0,0,dataset_apia2022,1
Une aide précieuse pour progresser,0,0,0,1,dataset_apia2022,1
Ne fonctionne plus avec mon téléphone depuis la mise à jour,0,1,0,0,dataset_apia2022,1
Bonne application. Bien détaillée avec beaucoup de fonctionnalités,1,0,0,1,dataset_apia2022,1
Comme les autres: échec de l  appairage sur mon new phone Android lollipop... 😠,0,1,0,0,dataset_apia2022,1
problème de connectivité edge 520 avec la dernière mise à jour.. Au top jusqu'à present. Même problème avec la précédente MAJ. pénible.,0,1,0,0,dataset_apia2022,1
Ouï,1,0,0,0,dataset_apia2022,1
"Depuis la dernière mise à jour, mon tracker, bien que connecté au gps, n'assure plus la mesure km. Il serait judicieux de proceder à la remise en ligne d'une version de l'application antérieure fonctionnelle, ou d'assurer un correctif rapidement ... A defaut je reprendrai ma très classieuse steel serie de within (nokia).",0,1,0,0,dataset_apia2022,1
2 semaines que j'ai la forerunner 220 et je n arrive pas souvent à synchroniser la montre avec le téléphone. ... je pensai que la mise à jour de ce matin changerai la donne. J'ai réussi à synchroniser une foi et puis plus rien. ...un peu déçu quand même. ..faites quelque chose garmin ! !!!,0,1,0,0,dataset_apia2022,1
Depuis la dernière mise à jour je n'arrive plus à transférer des entraînements depuis l'application sur ma fenix 5. ..,0,1,0,0,dataset_apia2022,1
sublime,1,0,0,0,dataset_apia2022,1
Très bonne application. Je le recommande,1,0,0,0,dataset_apia2022,1
"Impossible de voir les itinéraires parcourus sur l'appli du smartphone Samsung S8 avec une montre vivosmart hr+. Le nombre de pas apparaît, il y a donc bien ""communication"" entre les 2 appareils mais de manière incomplète et ce depuis début décembre ... avant c'était top ... maintenant je déteste",1,1,0,0,dataset_apia2022,1
Update. Tout fonctionne.merci,1,0,0,0,dataset_apia2022,1
"Très bonne application, fonctionnelle et design! Je recommande fortement!",1,0,0,0,dataset_apia2022,1
Ne fonctionne plus depuis la dernière mise à jour,0,1,0,0,dataset_apia2022,1
"Ne compte pas les siestes, seulement les nuits.",0,1,0,0,dataset_apia2022,1
"Depuis quelques temps (l'attaque de cet été a priori) la fonction ""détecter mon téléphone"" ne fonctionne que lorsque l'application est affichée sur le téléphone... dès qu'on bascule sur une autre application cela ne fonctionne plus ! Utilité très limitée...",0,1,0,0,dataset_apia2022,1
Ça marche nickel !.,1,0,0,0,dataset_apia2022,1
Bien bien,1,0,0,0,dataset_apia2022,1
Appli génial qui synchronise les donnés du gps vélo avec l'appli sans rien oublier.,1,0,0,1,dataset_apia2022,1
"Très bonne appli et très satisfaite ! Je l'utilise tous les jours avec ma montre Vivoactive 4s que ce soit pour mes différents entraînements (course, yoga, pilate, nage, etc.) ou pour mon suivi personnel (poids, sommeil, etc) . Seul petit point inexistant (ou alors je n'ai pas encore suffisamment cherché), le compteur de calorie/macro/repas, qui pourrait peut-être mis à jour à l'avenir. En dehors de ce point, super appli pour tous les utilisateurs de produits Garmin. 😊",1,0,1,1,dataset_apia2022,1
Il y a l'essentiel pour mesurer mes sorties et mes performances,0,0,0,1,dataset_apia2022,1
Bonne appli.,1,0,0,0,dataset_apia2022,1
"Bonjour. Application devenue obsolète semble t il. Connection impossible avec telephone depuis peu alors que tout fonctionné très bien auparavant. Ce n'est malheureusement pas la première fois. Mais cette fois ci cela dure. Trop c'est trop. Dommage. Faites quelque chose svp. Sinon Peut-être est t-il temps de changer de marque, voir si la concurrence s'en sort mieux. Bien à vous.",1,1,0,0,dataset_apia2022,1
Ne fonctionne toujours pas et ne fonctionnera probablement jamais avec un mobile Huawei.,0,1,0,0,dataset_apia2022,1
"parfait. Très bon suivi GPS . une foule d informations disponible, clairement agencée, ce qui permet de consulter juste ce que l on a envie. Utilisee pour ma part avec une montre connectée et un GPS. Suivi du sommeil, ... top",1,0,0,1,dataset_apia2022,1
Facile d'utilisation. Rapide lors de synchronisation. Rien à dire. Top!!!,1,0,0,1,dataset_apia2022,1
"Bonne appli, lisible et facile d'accès",1,0,0,0,dataset_apia2022,1
Fluide convivial ergonomique et intuitif,0,0,0,1,dataset_apia2022,1
top 👌,1,0,0,0,dataset_apia2022,1
Content d'avoir cette application 😉,1,0,0,0,dataset_apia2022,1
Permet de suivre sa fréquence sans forcer,0,0,0,1,dataset_apia2022,1
Très sympa pour les groupes d'amis,1,0,0,0,dataset_apia2022,1
"DEPUIS une semaine je n'ai plus d'historique, d'habitude quand je me connecte a mon ordi avec ma montre mon historique et toutes mes données se mettent à jour automatiquement et là il n'y a plus rien Pff dégoutée car ça fausse tout.",0,1,0,0,dataset_apia2022,1
L'appli en sois est très bien conçu et plutôt claire et très complète. Le seul bémols pour moi et la non compatibilité complète avec les téléphone Huawei. Le Bluetooth se deconnecte régulièrement et on ne peux recevoir des notification uniquement si l'application et ouverte se qui n'étais pas le cas avec mon ancien téléphone.,1,1,0,0,dataset_apia2022,1
Couplage impossible avec la forunner 235 !!!,0,1,0,0,dataset_apia2022,1
Bonjour Très bonne application mais depuis 2 jours dès que je veux regarder une course que j'ai faite ou que je veux regarder une course d'un de mes contacts celle ci se ferme .... comment je peux régler ça ? Merci,1,1,0,0,dataset_apia2022,1
plus possible de relier facebook avec livetrack...pourquoi?,0,1,0,0,dataset_apia2022,1
Super facile à utiliser,1,0,0,0,dataset_apia2022,1
R A S pour le moment.,1,0,0,0,dataset_apia2022,1
Super application 👍👍,1,0,0,0,dataset_apia2022,1
Bien fait. Facile d utilisation,1,0,0,0,dataset_apia2022,1
"Je n'ai aucun problèmes de connexion avec mon Lg g5 et ma vivoactive 3. La synchronisation est rapide. J'aime bien le design de l'appli et les défis entre amis. Bref, je recommande vivement Garmin !",1,0,0,1,dataset_apia2022,1
L'application répond à toutes mes attentes.,1,0,0,0,dataset_apia2022,1
Excellent!,1,0,0,0,dataset_apia2022,1
Super avec ces nouvelles fonctions connecté s au tel. Régulièrement des mises à niveau.   Pour le sport c est motivant.,0,0,0,1,dataset_apia2022,1
Je viens d'acquérir une montre vivoactive Hr et impossible de le synchroniser avec un portable !!! Je suis vraiment déçu et énervé! Un produit sois disant de qualité et pourtant même pas capable de se coupler à un téléphone... La question est: Est ce que cela est dû à la dernière mise à jour? ou est-ce un problème de conception... Svp trouvez nous vite une solution à ce problème !,1,1,0,0,dataset_apia2022,1
"J'etais tres contente jusque la et depuis toute c mises a jours je n'arrive plus a connecter ma montre en bleetooth  c la cata, g meme réinitialisé ma montre croyant a un souci et non pffff tres decu poyvez vs nous dire comment remédier au problèmes svp, a se jour 4 dec probleme tjrs pas resolu ma prochaine ne sera pas garmin c lamentable",1,1,0,0,dataset_apia2022,1
Marche bien! Content!,1,0,0,0,dataset_apia2022,1
Tres bonne appli et montre performante seul bémol la vo2 max reste bloqué de temps en temps sinon rien a dire,1,1,0,0,dataset_apia2022,1
bon suivi. appli agréable,1,0,0,0,dataset_apia2022,1
Bien simple a comprendre !,1,0,0,0,dataset_apia2022,1
ne fonctionne plus depuis la mise a jour c'est quoi ce bordel,1,1,0,0,dataset_apia2022,1
"J'ai racheter cette montre en novembre, elle fonctionnait parfaitement jusqu'à hier. Elle se dossocie de mon téléphone. Rien que ce matin je l'ai apparré 3 fois.. quelqu'un a t'il le même problème ??",1,1,0,0,dataset_apia2022,1
Satisfaite de ma montre et de l appli j ai acheté une balance garmin pour que tout soit au même endroit. Mais depuis la maj je n ai plus que les courbes de poids et imc... mais plus la masse graisseuse... vu prix de la balance... c est juste pas top.. j espere que cela va revenir,1,0,1,0,dataset_apia2022,1
"Depuis la mise à jour vers Android 10, ma 735XT ne se connecte plus du tout, malgré plusieurs solutions essayées.. En espérant qu'une nouvelle mise à jour de l'application règle le problème...",0,1,0,0,dataset_apia2022,1
Superbe appli complete parfait,1,0,0,0,dataset_apia2022,1
Facile d'utilisation et répond a toutes mes exigences,1,0,0,0,dataset_apia2022,1
"Lamentable, maintenant la montre plante systématiquement dès qu'elle est connecté en bluetooth... Impossible de synchroniser ma fenix 2 en 3.60 avec un Samsung Galaxy S4 en 4.4.2. Au prix de la montre c'est scandaleux !!! Vous essayer les MAJ avant de les mettre en ligne ? Ou alors on sert de cobaye ????",1,1,0,0,dataset_apia2022,1
Très bon appli,1,0,0,0,dataset_apia2022,1
Excellent !!,1,0,0,0,dataset_apia2022,1
indispensable,1,0,0,0,dataset_apia2022,1
Le live track ne fonctionne plus. Impossible d'ajouter de nouveaux contacts par mail en destinataire !!,0,1,0,0,dataset_apia2022,1
"Bonne application. Facile à utiliser. Points négatifs : régulièrement la 
connexion Bluetooth ne remonte pas toutes les informations des activités. 
Je suis obligée de supprimer l'application et la remettre. Surtout lors des 
mises à jour.",1,1,0,0,dataset_apia2022,1
Bonne appli pour suivi et progression .il manque état de la batterie notamment pour montre vivosport,0,0,1,1,dataset_apia2022,1
Satisfait hormis un petit problème relatif à la perte du français lors des mises à jour... à priori résolu,1,1,0,0,dataset_apia2022,1
Très mécontent de votre application au début tout fonctionne parfaitement mais du jour au lendemain impossible de connecter ma forerunner 35 à l'application vu le prix de la montre c'est inadmissible,1,1,0,0,dataset_apia2022,1
Très bonne Application avec de très bon appareils associé je recommence,1,0,0,0,dataset_apia2022,1
"Depuis les 2 dernières mise à jour, plus d'alerte vocale des circuits, la synchronisation se fait mais difficilement, les minutes intensives ont disparues sur forerunner 235. À revoir",0,1,0,0,dataset_apia2022,1
Des progrès notables depuis 2 ans grâce à cette application. Utilisateur surmotivé et appli au top! Juste besoin de fiabiliser certaines mesures (écarts extrêmes et pulsations à 185 lors d'un effort maintenu à 130/135 ppm ou perte de mesure),1,1,0,1,dataset_apia2022,1
"Et voilà depuis 2 jours, la montre ne se couple plus avec l appli. Ça a marché en me connectant via le pc mais juste 1x. Il faut refaire la démarche à chaque fois. Une maj qui résout ce pb une bonne fois pour toute. Vite...",0,1,0,0,dataset_apia2022,1
Manque quelques options. Mais sympa,1,0,0,0,dataset_apia2022,1
Après contact avec Garmin l'appli bug sous la dernière version d'Android 7 selon leur dire la résolution du problème peu encore prendre du temps 😒 à méditer la réponse en gros ben tu paye et t'attend donc mesdames messieurs pour Noël éviter Garmin,0,1,0,0,dataset_apia2022,1
"Manque sur l'application, la distance et l'heure effectué de la journée en cours",0,0,1,0,dataset_apia2022,1
"Très bien, mais j'arrive pas à trouver les applications.",1,0,0,1,dataset_apia2022,1
L'application se déconnecte de temps en temps et du coup je suis obligé de redémarrer mon téléphone pour recevoir mes notifications sur la montre... Sinon rien à dire,1,1,0,0,dataset_apia2022,1
"Très bon produit et appli,",1,0,0,0,dataset_apia2022,1
Fonctionne très bien avec la montre Forerunner 735xt,0,0,0,1,dataset_apia2022,1
"Super application, je l'utilise tous les jours 😊 seul bémol que je trouve, c'est le temps de sommeil : on ne peut pas rajouter un temps de sieste par exemple 😴 j'ai une forerunner25",1,0,1,1,dataset_apia2022,1
Je viens d'acheter une vivosmart hr+.impossible de la coupler avec un samsung s7! Inadmissible.,0,1,0,0,dataset_apia2022,1
Très bonne application. Un vrai complément à ma montre Garmin. Très complète et intuitive.,1,0,0,0,dataset_apia2022,1
Résumé d'activité d'un seul coup d'œil : excellent !!!,1,0,0,1,dataset_apia2022,1
Très satisfait. Rien à dire. Impeccable.,1,0,0,0,dataset_apia2022,1
complète et bien développée,1,0,0,0,dataset_apia2022,1
Appli sympa dommage qu'on ne puisse pas mettre de photos,1,0,1,0,dataset_apia2022,1
La consultation des séances d entraînements est impossible depuis 2 semaines alors que la synchronisation fonctionne.,0,1,0,0,dataset_apia2022,1
"Garmin fonctionnait jusqu'à maintenant et depuis mi-novembre, impossible de synchroniser ma montre avec mon tel. L'appli me dit sans arrêt de mise à jour à faire et quand je clique sur l'avertissement, j'obtiens ""votre logiciel est à jour"". Voilà 1 mois que je galère...",0,1,0,0,dataset_apia2022,1
nulnul et nul quand est ce que vous allez vous bouger pour que ça marche. depuis la dernière mise à jour sa fonctionne plus. vous vous foutez vraiment de la tête des gens.,1,1,0,0,dataset_apia2022,1
L'app est relativement simple. Elle permet d'accéder aux fonctionnalités de la montre et de suivre mon activité quotidienne. J'aimerais en point à améliorer que les vidéos de programme d'entraînement soient traduites vocalement en français.,1,0,1,1,dataset_apia2022,1
Pas compatible avec Samsung Grand plus,0,1,0,0,dataset_apia2022,1
"Appairage impossible depuis 2 mois. Vivosmart hrplus et Huawei P9lite. MAJ inutiles, SAV méprisant, aucune communication. Je vais demander un remboursement",1,1,0,0,dataset_apia2022,1
Depuis la dernière Maj impossible de synchroniser !!!! déçue,1,1,0,0,dataset_apia2022,1
Appli très efficace,1,0,0,0,dataset_apia2022,1
"Fonctionnait parfaitement auparavant et depuis quelques mois c'est une catastrophe. Ne se connecte plus au compteur, ne reconnaît pas mon compte, live track ne fonctionne plus. Bref un compteur lambda ou une application classique fait mieux le boulot. Dommage",0,1,0,0,dataset_apia2022,1
"3/8/2018 Tout fonctionne parfaitement avec mes Garmin Forerunner 335, et 
Vivomove HR, et mon téléphone Honor 8. 4/2/2018. Après quelques semaines de 
fonctionnement, à nouveau impossible de coupler ma montre et Garmin 
connect. Je ne pense pas que les gars de Garmin lisent ces avis, ce n'est 
pas possible 😟👎👎👎 20/11 : miracle la connexion à fonctionné. Je touche 
du bois. 19/11 : Après la mise à jour du 18/11 toujours pas d'amélioration. 
3/11 : Depuis la dernière mise à jour impossible de connecter ma Forerunner 
235 alors que tout était parfait avant.",1,1,0,0,dataset_apia2022,1
Je n'arrive pas à me connecter sur ma galaxy tab 4.. et même sur mon g4 vigor. ... l'application me dit qu'il y a des problèmes et que ça va revenir... depuis hier que j'essaie. .. j'aimerais connecter mon vivofit....,0,1,0,0,dataset_apia2022,1
Elle ne fonctionne pas,0,1,0,0,dataset_apia2022,1
Impossible de connecter ma fenix 5x depuis la mise à jour...il faudrait que garmin se dépêche de corriger tout ça...,0,1,0,0,dataset_apia2022,1
Facile d'utilisation Les défis sont sympa Je le recommande à tout les amateurs de sport .,1,0,0,1,dataset_apia2022,1
Genial depuis la dernière maj,1,0,0,0,dataset_apia2022,1
"tres bien avec une montre d entree de game mais adaptée à mon activité....fiable, simple, er sympathique",1,0,0,0,dataset_apia2022,1
Nice apps,1,0,0,0,dataset_apia2022,1
"Très (trop) précis et détaillé. Vraiment pointu, un peu déconcertant au début mais vraiment bien faite une fois qu'on à appris à la gérer.",1,0,0,1,dataset_apia2022,1
Ne fonctionne pas avec Honor 6x,0,1,0,0,dataset_apia2022,1
L'appli prend beaucoup trop de place ! 160mo pour afficher des graph et changer le réveil sur un vivosmart.,0,0,1,1,dataset_apia2022,1
"Parwaite application, je recommande",1,0,0,0,dataset_apia2022,1
J avais déjà eu des problème avec ma vivofit... Maintenant impossible d appairer ma nouvelle acquisition ! Vraiment dommage car produits aux tops mais appli vraiment pas a la hauteur. ..,0,1,0,0,dataset_apia2022,1
J'ai acheté une montre Garmin après avoir vu l'application Connect en action. Aucun regret ! Une excellente application qui offre notamment des programmes très bien faits et efficaces !,0,0,0,1,dataset_apia2022,1
"2 mise à jour en 24h et toujours pas de résolution de la part de Garmin pour le problème de couplage. C'est une honte. 09/12 dès que publicité dans Facebook, je signale le problème dans les commentaires pour éviter que d'autres se fasse piéger en achetant une Garmin",0,1,0,0,dataset_apia2022,1
Très bonne application. A utiliser simple et pratoque,1,0,0,0,dataset_apia2022,1
"Avec la montre Garmin Forerunner 45, c'est parfait ! Tout est en temps réelle, et je la synchronise avec l'application par bluetooth. Je peux vous dire que tout va bien. Surtout ça ne consomme rien avec ma batterie. Je suis pleinement satisfait, j'ai egalement tout ce qu'il me faut comme informations concernent ma santé avec cet application. J'ai un Samsung Galaxy Note 8.",1,0,0,1,dataset_apia2022,1
Application bien faite Je recommande.,1,0,0,0,dataset_apia2022,1
top facile,1,0,0,0,dataset_apia2022,1
Parfait. Réponds aux exigences notamment sur les randonnées.,1,0,0,1,dataset_apia2022,1
Très complet et fiable Un parfait ami pour le sport,1,0,0,1,dataset_apia2022,1
"une bonne presentation, tres complète dans le suivi des données! peut être une amelioration a prevoir dans le passage entre disciplines? (pour les triathletes ?)",0,0,1,1,dataset_apia2022,1
Parfait Top,1,0,0,0,dataset_apia2022,1
"Depuis la dernière mise à jour impossible de connecter ma Fenix 5S avec mon Samsung Galaxy A5... Problème toujours pas résolu, ce qui n'est pas vraiment normal pour une montre à ce prix !",0,1,0,0,dataset_apia2022,1
"Super intéressant ce suivi Garmin Connect. Je l'ai installée pour synchroniser avec ma montre Vivoactive 4S, et je suis fan. On y trouve une multitude de données, très détaillées et complètes, beaucoup d'activités ... en bref, je suis satisfaite. Ma seule et grosse déception, le chargement des photos sur mon activité. Ça ne charge pas les photos que je sélectionne, et c'est hyper long à charger. D'où le 4*. L'appli fait parfaitement son job, continuez de l'améliorer, y comprit les options !😉",1,1,0,1,dataset_apia2022,1
"Bonne application, il manque, a mon sens, quelques données, par exemple sur la fatigue généré par les séances avec des courbes. Mais quand même des data intéressant.",1,0,1,0,dataset_apia2022,1
A+,1,0,0,0,dataset_apia2022,1
Impossible d'associer en Bluetooth forerunner 220 à mon galaxy a5 2016 pas cool,0,1,0,0,dataset_apia2022,1
Trop bien merci pour cette appli,1,0,0,0,dataset_apia2022,1
Super !! Mais l'exportation de la fréquence cardiaque ne semble pas Fonctionner correctement vers Google fit...,0,1,0,0,dataset_apia2022,1
Bug A quand la prochaine mise à jour pour que l'application fonctionne à nouveau ???,0,1,0,0,dataset_apia2022,1
"Aucun intérêt, j'ai fait l'expérience il y a trois jours pour tester l'appli, en m'arrêtant à un point situé à 1040 mètres de chez moi, l'appli me donnait déjà 1438 mètres. Et malgré le fait que je sois à l'arrêt complet, l'appli a continué à compter mes pas pendant encore plus de 50 mètres. À fuir !",0,1,0,0,dataset_apia2022,1
"Depuis un certain moment, il est impossible d'aller à l'application sans connexion internet, ce qui ne se faisait pas avant. C'est dommage !!!",0,1,0,0,dataset_apia2022,1
Complet mais manque de précision par moment,1,0,1,0,dataset_apia2022,1
C'est vraiment bien fait. Au top !,1,0,0,0,dataset_apia2022,1
"Données du GPS mal interprėtėes, distances erronėes, informations fausses. Le bracelet honor band 5 fonctionne correctement, mais l'appli fiche tout en l'air.",0,1,0,0,dataset_apia2022,1
"Cette nouvelle version me semble meilleure, l'ancienne beugé pas mal, enregistré pas l'ensemble de mon circuit, coupé Deezer etc...mais pas de souci pour le moment, de plus j'ai pu garder mes résultats même suite au changement de téléphone et de marque.",1,1,0,1,dataset_apia2022,1
"Très bonne application si on utilise les accessoires Huawei. Dommage, il n'est pas facile d'exporter des traces gps réalisées au format standard .gpx",1,0,1,1,dataset_apia2022,1
Top!!!,1,0,0,0,dataset_apia2022,1
Bonne application pour mamie sportive.,0,0,0,1,dataset_apia2022,1
Nickel.,1,0,0,0,dataset_apia2022,1
"Application agréable et fonctionnelle, dommage que l'on ne puisse pas supprimer les indications de sieste alors qu'il n'y a eu aucun repos à ce moment là.",1,0,1,0,dataset_apia2022,1
"Application très intuitive, fonctionnelle et complète",1,0,0,0,dataset_apia2022,1
blocage des reglages de pro-band pour sleep et cardiaque...pas trouvé de faq pour y remedier.,0,1,0,0,dataset_apia2022,1
"Problème compatibilité avec l'application health made pour suivre mon poids on ne peux pas connecter une balance Nokia quel dommage, avez vous une solution ou u'e explication ?",0,0,1,0,dataset_apia2022,1
Impossible à télécharger sur mon honnor50... Dès lors que le téléchargement est terminé un message d'erreur apparaît. 🤦 Déçu je vais devoir me séparer de la montre.,1,1,0,0,dataset_apia2022,1
"Chouette application pratique, utile mais depuis 2 jours ne synchronise plus le sommeil avec la montre huawei",1,1,0,0,dataset_apia2022,1
A enregistré la moitié du parcours,0,1,0,0,dataset_apia2022,1
"Viens dacheter honor band 6, l'apli le trouve pas,pourtant je suis connecté au reseaux. Domage que je peux pas metre 0 etoile a la place de 1 etoile... apli de mer....",1,1,0,0,dataset_apia2022,1
Dommage que je n'arrive plus installer l'appli sur le nouveau honor 50 je ne peut plus connecter ma huawai watch gt,0,1,0,0,dataset_apia2022,1
Très bien. Aussi bien tenu sur mon Samsung que sur mon Huawei direct. Connexion avec montre honor watch gt2,1,0,0,1,dataset_apia2022,1
"Gros problèmes avec l'application, impossible depuis quelques temps d'accéder aux cadrans montre.... Espérons que ça s'arrangera",0,1,0,0,dataset_apia2022,1
Bonne appli mais marche très mal avec un redmi note 8 pro pour le compte cumulé de pas! énorme bug dans l'appli qui me decompte aujourd'hui par exemple 800000 pas (LOL) alors que ma huawai watch a le bon chiffre ... domage car impossible de désactiver le cumul de pas phone + montre :-(,1,1,0,0,dataset_apia2022,1
Très bonne applications super sympa me suis quand je fais mon sport,1,0,0,0,dataset_apia2022,1
Très bonne application très fiable,1,0,0,0,dataset_apia2022,1
Application trop fermée,0,0,1,0,dataset_apia2022,1
Add the ability to turn off or on Bluetooth in the smart watch.,0,0,1,0,dataset_apia2022,1
Ok,1,0,0,0,dataset_apia2022,1
Bug impossible d'ouvrir le détail des séances d'activité depuis la dernière maj,0,1,0,0,dataset_apia2022,1
"Aucun soucis d'installation ni d'utilisation avec ma montre HB5 mais je trouve très dommage qu'il n'y ait pas moyen d'obtenir une estimation des kcal sur la journée... Seuls les kcal dépensés lors d'une activité sont prises en compte, ce qui est impossible à analyser sans avoir de vue globale sur la dépense journalière. Ce serait bien de proposer ça !",0,0,1,1,dataset_apia2022,1
"Les notifications s'affiche aléatoirement le spo ne se mesure pas, et le niveau de stress ne mesure rien du tout...",0,1,0,0,dataset_apia2022,1
"Plus d'achat de montre huawei car impossible d'exporter les données, sur d'autres logiciels de courses comme Strava, adidas running ou garmin. Huawei à effectivement réalisé une belle montre pour les sportifs mais la suite n'est pas au rendez-vous",1,0,1,0,dataset_apia2022,1
Pas à jour.,1,0,0,0,dataset_apia2022,1
Impossible de connecter ma montre a l'application qui ne me propose même plus le modèle pour l'appairer malgré mes nombreuses tentatives sur plusieurs téléphone de mises à jour et de recherches sur des forums pour trouver une solution... Résultat la montre est inutilisable. Jamais je ne rachèterai de produits Huawei et honor afin d'éviter ce genre de problème,0,1,0,0,dataset_apia2022,1
Very Good,1,0,0,0,dataset_apia2022,1
"Moi aussi quand j'essaie de mettre à jour il s'affiche ""vérifiez votre connexion...."" . Donc je met ☆☆☆ car il y a un un gros Bugue sur l'application mais je suis sur que cette appli est génial Mais je pense qu'ils essaient de faire comme ils le peuvent. 😅😔👍🏻👎🏼🥳🥳🎅🎅",1,1,0,0,dataset_apia2022,1
Quand je marche dans l eau je suis obligée de sélectionner activité plein air. Marcher dans l eau ce n' est pas comme la marche de une promenade.,0,0,1,0,dataset_apia2022,1
Plutôt bonne,1,0,0,0,dataset_apia2022,1
"Application très très limitée, à part le podomètre si on a pas de montre connectée ça sert à rien... Et les sport sérieusement, y'a que 5-6 sport dispo, il en faut plus !",0,0,1,1,dataset_apia2022,1
"Le GPS est réactif et assez précis pour une montre polyvalente, les cadrans gratuits sont nombreux, en revanche, je ne parviens pas à acheter des cadrans supplémentaires ? L'utilisation n'est pas toujours intuitive, avec l'expérience, on s'en sort mais nécessite un peu de pratique",0,0,1,1,dataset_apia2022,1
Aimerait une connexion un peu plus fiable entre montre et smartphone. Manque la présence des messages SMS etc sur la montre,0,1,1,0,dataset_apia2022,1
Le bracelet finit par se déconnecter et impssible de le resynchroniser sans devoir réinstaller l'appli,0,1,0,0,dataset_apia2022,1
"J'ai changé de téléphone et maintenat l'application ne trouve plus ma montre Honor. Pourtant elle devrait être compatible. De plus, j'appuie sur la mise à jour mais ça ne marche pas non plus. J'ai la montre mais je ne peux rien faire avec...",0,1,0,0,dataset_apia2022,1
Toujours Plantage de l'application pour regarder son historique sportif L'application plante et ce ferme malgré la mise a jour d'aujourd'hui le 26 avril Vite une mise a jour s'il vous plaît Redmi note 7,0,1,0,0,dataset_apia2022,1
C'est cool,1,0,0,0,dataset_apia2022,1
J'ai téléchargé l'application au moment de l'achat de ma montre connectée (Honor). Tour allait bien. Je viens d'acheter une balance connectée (Huawei) qui n'a pas reconnu la balance. J'ai fait une mise à jour de l'application et là plus rien ne marche... j'ai désinstallé et réinstallé l'application plusieurs fois mais ça ne marche toujours pas. Je pense qu'il y a un bug dans la mise à jour. J'ai des messages d'erreur. Je me retrouve avec une montre et une balance inutilisable...,1,1,0,0,dataset_apia2022,1
La mise à jour depuis le début janvier ne donne pas l'analyse du sommeil et ce malgré les installations et mise à jour,0,1,0,0,dataset_apia2022,1
Satisfait de l'application,1,0,0,0,dataset_apia2022,1
Faut corriger ce problème de pas au plus vite !!! Je vais changer de bracelet connecté et d'applications dans les jours qui viennent Pas de temps à perdre avec une application codée avec les pieds !!!,0,1,0,0,dataset_apia2022,1
Ne sert plus à rien plus de mise à jour ne permet plus de synchroniser montre huawei. A oublier,0,1,0,0,dataset_apia2022,1
"Depuis quelques temps mes circuits enregistrés sur ma montre connectée ne s'affichent plus sur l'application Huawei health du téléphone mobile.c'est décevant . Aujourd'hui aucune distance affichée alors que j'ai parcouru 40 kms, pb de GPS qui ne trouve pas le satellite.",0,1,0,0,dataset_apia2022,1
"Impossible de se connecter apres une mise à jour avec un appareil samsung! Obligation de passer par Huawei mobile service qui ne fonctionne pas sur samsung. Le huawei band 3 pro a bien fonctionner jusqu à aujourd hui, mais il est maintenant inutile. Il faut avoir une montre galax ...",0,1,0,0,dataset_apia2022,1
Impossible d'y connecter ma montre,0,1,0,0,dataset_apia2022,1
Bonjour . J'ai une mise à jour a effectué mes je ne peux pas la faire,0,0,1,0,dataset_apia2022,1
Elle bug !!,0,1,0,0,dataset_apia2022,1
Je n'ai plus le dénivelé de marqué,0,0,1,0,dataset_apia2022,1
Très bien. Dommage qu'il manque les marrée en région Bretagne. Et pour les sports il manque VTT et pétanque.,1,0,1,0,dataset_apia2022,1
"Pratique, simple à utiliser.",1,0,0,0,dataset_apia2022,1
Ça bug depuis la mise a jour,0,1,0,0,dataset_apia2022,1
Fonctionne bien,1,0,0,0,dataset_apia2022,1
Ne parle pas français,0,0,1,0,dataset_apia2022,1
Assistance réelle avec des relevés détaillés,0,0,0,1,dataset_apia2022,1
"Cette app m'a aider à me mettre au sport. Elle permet de regardez combien 
de km on a parcouru, bien fixer ses objectifs...",0,0,0,1,dataset_apia2022,1
"Très bonne application en contact avec ma montre Magic watch 2, le seul point négatif pour moi est que tous les messages vocal dans les sections sports sont en anglais et impossible de changer de langue",1,0,1,0,dataset_apia2022,1
Impossible de connecter ma montre Huawei Watch GT 3,0,1,0,0,dataset_apia2022,1
C`est nul,1,0,0,0,dataset_apia2022,1
"Pas mal avec le bracelet connecté, même top.",1,0,0,1,dataset_apia2022,1
"Super appli, pour m'aider à courir elle est géniale ! Je recommande sans hésiter 😁👍",1,0,0,1,dataset_apia2022,1
Pratique. Fonctionnalités activités à améliorer,1,0,1,0,dataset_apia2022,1
super appli! je trouve juste que plus de médailles (objectif proposé par l'application) aurait été sympa :),1,0,1,0,dataset_apia2022,1
Appli recommandee,1,0,0,0,dataset_apia2022,1
"La montre est top (GT 2) le compteur de pas très précis, l'appli est très belle. Par contre le compteur de pas via l'appli qui s'ajoute à la montre c'est une catastrophe ! Ça me multiplie par deux les pas voire triple c'est l'enfer... Désactivez moi cette m**** la montre sait très bien compter elle n'a pas besoin de l'assistance de ce compteur pourri intégré au téléphone...",0,1,0,1,dataset_apia2022,1
Problèmes rectifiés 👍👍👍,1,0,0,0,dataset_apia2022,1
Nickel au top du top,1,0,0,0,dataset_apia2022,1
Good app,1,0,0,0,dataset_apia2022,1
Nul le sommeil ne fonctionne plus !!! Très en colère montre acheté pour cette cela😴😴😏🤔🤯😣🧐,1,1,0,0,dataset_apia2022,1
Je.trouve l'application bien,1,0,0,0,dataset_apia2022,1
Fonction plus,0,1,0,0,dataset_apia2022,1
Depuis le chanhement de téléphone plus aucun intérêt je perds 50% d'utilisation de ma montre très dessus elle ne sonne même plus,0,1,0,1,dataset_apia2022,1
"Synchronisation impossible depuis plusieurs jours. Désinstallation/Réinstallation resynchronisation, mais rien n'y fait !",0,1,0,0,dataset_apia2022,1
Cool mais impossible d'autoriser les applications avec les tecno.,1,1,0,0,dataset_apia2022,1
C'est le top,1,0,0,0,dataset_apia2022,1
"band pro 3 reçue en cadeau fin juin. Après plusieurs difficultés pour connecter ma montre à mon téléphone, cela fonctionnait tant bien que mal. Mais depuis 3 jours impossible de la connecter à mon téléphone. Je ne peux plus m'en servir. Je suis tres déçue ! Je ne recommanderais pas cette marque. Une nouvelle mise à jour s'impose rapidement !!! Merci.",1,1,0,0,dataset_apia2022,1
Bonne application mais ne peut-on pas changer le langage je ne comprends l'anglais,1,0,1,0,dataset_apia2022,1
"Bonne application avec des informations intéressantes, mais un bug nécessite de forcer l'arrêt de l'application et de l'ouvrir à nouveau pour pouvoir connecter un bracelet d'activité (Huawei Band 4 Pro)",1,1,0,1,dataset_apia2022,1
Très bien simple d'utilisation et très ergonomique.,1,0,0,0,dataset_apia2022,1
Sa donne pas le sommeil,0,0,1,0,dataset_apia2022,1
no data export option,0,0,1,0,dataset_apia2022,1
"Impossible de télécharger des cadran. Met ""erreur"" en permanence... vraiment pénible",1,1,0,0,dataset_apia2022,1
bien,1,0,0,0,dataset_apia2022,1
Très bonne application. Permet de suivre mes activités.,1,0,0,1,dataset_apia2022,1
"Pareil que les autres, ne fonctionne plus, demande Huawei Mobile Service 4. Avoir un Honor Band ne veut pas dire qu'on a un smartphone Huawei. Pour moi, un bracelet = une app, pas 2.",0,1,0,0,dataset_apia2022,1
"Bon application fonctionne bien, fonctionne très bien avec ma montre GT2 les détails de mes activités sont facile à comprendre, bien expliqué. le seul bémol c'est que je trouve dommage que lorsque j'utilise Une pèse personne connectée d'une autre marque je ne peux pas lié les données avec mes activités, obligé de les inscrire manuellement. Et un autre problème que je viens de remarquer. Lorsque je n'utilise pas l'application pendant plusieurs heures il semblerait que elle se désactive",1,0,1,1,dataset_apia2022,1
"L'application etant resté seulement Huawei, elle ne fonctionne plus avec les nouveaux téléphones Honor (dans mon cas Honor 50), on ne peut même pas la telecharger.. C'est bien dommage d'avoir un bracelet connecté Honor (band 5) qu'on ne peut même pas connecter à son téléphone sencé être de la même marque.. Merci de bien vouloir nous rendre possible de télécharger cette application !",0,0,1,0,dataset_apia2022,1
"Bonne apply / bracelet en général, mais nécessité absolument plus de mode en exercice , un mode RAMEUR est pour moi indispensable...  rajout mode muscu pourrais être un plus. Si vous avez la flemme ouvrez l'apply pour permettre à des gens de rajouter des mode pour vous...",1,0,1,0,dataset_apia2022,1
Pourquoi la mise à jour des nouveaux appareils ne fonctionne pas ? Tous est activé ..... Je trouve pas la honor watch es 933,0,1,0,0,dataset_apia2022,1
Bonjour gros soucis impossible d'associer ma montre connecté à mon téléphone comment faire,0,1,0,0,dataset_apia2022,1
"J'aurai aimé voir les kms en premier plutôt que les pas. De plus, Pourquoi la fonction ""grimper"" ne fonctionne pas ? Enfin, pourquoi avoir 2 interfaces, Et du coup 2 applis dans le tel Au lieu d'une seule avant (Huawei id + Huawei health) et elle est moins sympa qu'avant...",0,0,1,0,dataset_apia2022,1
"Pas d'enregistrement de la pression partielle d'oxygène spO2 (!)...?? Honor Band 5. Par ailleurs, il manque la fonction pause automatique lors d'un arrêt temporaire d'exercice qui fait que tous les calculs sont faussés!!",0,1,1,0,dataset_apia2022,1
Nul il me manque exercice vélo en extérieur je ne comprends pas peut la version de l'application,0,0,1,0,dataset_apia2022,1
Gut,1,0,0,0,dataset_apia2022,1
Impossible de connecter ma Samsung Gear S3 :(,0,1,0,0,dataset_apia2022,1
Fonctionne bien. Des infos utiles. Fait bien le job,1,0,0,0,dataset_apia2022,1
SUPER APP,1,0,0,0,dataset_apia2022,1
Au top. Utiliser via une watch gt.,1,0,0,1,dataset_apia2022,1
À quand la voix de l'application en français ?,0,0,1,0,dataset_apia2022,1
"Impossible de scanner ma watch GT 3 avec un oppo. L'appli ne fonctionne pas. Ça détecte la montre mais quand je clique sur ajouter ça ouvre et ferme une autre page en 1/4 de seconde et ça fait rien derrière. J'ai lu tous les avis qui sont plutôt négatifs. Cadeau pour mes 3o ans, je suis bien triste. J'ai installé un apk aussi. Ça n'a rien fait. Si quelqu'un peut m'aider... Merci",0,1,0,0,dataset_apia2022,1
ne m'interesse pas !!!!,1,0,0,0,dataset_apia2022,1
Données restituées intéressantes et essentielles.,0,0,0,1,dataset_apia2022,1
"J'étais satisfaite du bracelet dans l'ensemble. Je l'utilise depuis environ trois semaines. Cependant depuis deux jours la synchronisation des informations de sommeil ne fonctionnent plus et quand je fais une marche avec une personne qui a le même bracelet, nous n'obtonons pas les mêmes données de distance !",1,1,0,0,dataset_apia2022,1
App. Très utile merci,1,0,0,0,dataset_apia2022,1
Ça va elle est bien mais ça manqu de plein de choses comme de changer les fonds d'écrans du téléphone..etc..😊😊,1,0,1,0,dataset_apia2022,1
"La mise a jour corrige le bug du passage en 2020, cependant je ne met pas 5 étoiles car j'attend que comme la version chinoise, nous puissions bénéficier de plus de cadrans ainsi que la possiblité de creer nos propres cadrans (dispo depuis la version beta chinoise)",1,1,1,0,dataset_apia2022,1
Ça plante et pas de podometre sur écran de veille alors que j'ai coché la case affichage,0,1,0,0,dataset_apia2022,1
"Depuis la mise à jour android 10, l'application ne fonctionne plus . J attends une mise à jour. Merci",0,1,0,0,dataset_apia2022,1
Très bonne,1,0,0,0,dataset_apia2022,1
comme beaucoup de monde je trouve que c'est une bonne application mais la voix uniquement en anglais me dérange du coup j'en cherche une autre.,1,0,1,0,dataset_apia2022,1
Les notifications arrive aléatoirement sur ma montre (la gt 2) sur mon téléphone ( Asus). J'ai remarquée aussi que l'application ne se synchronise pas seule sauf quand mon téléphone est allumé et que je m'en sert. Quelqu'un pourrait t'il me donner une conseil? Merci,0,1,0,0,dataset_apia2022,1
Depuis la mise à jour l application ne fonctionne que deux trois jours ensuite obligé de la des installer et réinstaller. C est pénible à quand une mise à jour pour régler Ça ??,0,1,0,0,dataset_apia2022,1
Nice application,1,0,0,0,dataset_apia2022,1
"Depuis la mise à jour, l'application le demande une connexion internet ( je suis pourtant connecter)",0,1,0,0,dataset_apia2022,1
B1,1,0,0,0,dataset_apia2022,1
Très bonne application je l'utilise avec bracelet je suis très satisfait,1,0,0,0,dataset_apia2022,1
"Montre jolie mais certaines fonctions sont approximatives : la fonction true sleep ne détecte pas mes réveils nocturnes, même quand je me lève contrairement à mon ancienne montre Fitbit. De plus cela m'indique un sommeil profond d'environ 20% alors que sur mon ancienne montre il est rarement supérieur à 1h00. Je souffre depuis longtemps d'insomnies et d' un sommeil très léger. Pour les autres fonctions pour l'instant cela me paraît correct. A noter que je peux pas acheter de nouveaux cadrans.",0,1,1,1,dataset_apia2022,1
bravo,1,0,0,0,dataset_apia2022,1
Gadget. La batterie de la montre ne tient pas. Di coup toutes les données ne so t p as enregistrées. Le bracelet montre se declipse sans arrêt. Impossible de lire la montre en vélo car éclairage insuffisant et le logiciel ne tient pas compte de certaines activités comme la grimpe,0,0,1,1,dataset_apia2022,1
Nul,1,0,0,0,dataset_apia2022,1
"nul nul nul il faut donner plein d'information bizarre, c'est pas pratique, on comprend rien pour l'inscription",1,0,0,1,dataset_apia2022,1
Nuuuuul,1,0,0,0,dataset_apia2022,1
"Très bonne appli je l'utilise depuis quelques mois maintenant et j'en suis satisfaite car elle est bien détaillée, précise, d'autant plus que j'ai la montre connectée. Je ne mets pas 5 étoiles car il manque la partie alimentation et comptage de calories intégrés. A part ça je recommande.",1,0,1,1,dataset_apia2022,1
Trop bien... Manque juste le retour en français dans les exercices. Dommage,1,0,1,0,dataset_apia2022,1
"Huawei Health ne fonctionne plus sur mon nouveau téléphone, c'est bien dommage j'aimais bien cette application.Si quelqu'un peut me donner quelques informations, sur l'application. Pour qu'elle raison cela ne fonctionne pas.Merci par avance mes dames et messieurs.",0,1,0,0,dataset_apia2022,1
Pensez à télécharger la app galery de Huawei pour avoir les dernières Mises à jour,0,0,0,1,dataset_apia2022,1
Plus possible de saisir son poids depuis la dernière mise à jour sur Honor 9 lite,0,1,0,0,dataset_apia2022,1
Application buguée,1,0,0,0,dataset_apia2022,1
lov lov lov lov lov💖💖💖💖💕💖💖💕 ....,1,0,0,0,dataset_apia2022,1
"Tres bonne application pour lier une montre connecté. Pourriez vous ajouter la Réunion (+262), je ne peux pas inscrire mon numéro de téléphone et passer des appels avec. C'est un des rares points négatifs",1,1,0,1,dataset_apia2022,1
Je l'ai désinstaler de min sistéme,1,0,0,0,dataset_apia2022,1
Excellente application merci,1,0,0,0,dataset_apia2022,1
"Très bien , mais un doute sur le nombre de pas approximative 😇",1,1,0,0,dataset_apia2022,1
Trop content,1,0,0,0,dataset_apia2022,1
"Une différence d'environ 4000 pas entre cette application et Fit et ma montre connectée, je dois faire confiance à qui?",0,1,0,0,dataset_apia2022,1
Pas de version française. Intuitif mais bugs réguliers.,0,1,1,0,dataset_apia2022,1
"J'ai le même problème que d'autre impossible d'utiliser l'application, elle plante....la montre ne sert à rien sans l'application, déçue",1,1,0,0,dataset_apia2022,1
Manque les annonces en français sur la montre connectée à l'appli,0,0,1,0,dataset_apia2022,1
100/100 valable pour l'entrainement,0,0,0,1,dataset_apia2022,1
"L'application est plutôt fiable pour mesurer les performances en course à pied ou en randonnée. En revanche c'est très décevant pour la natation en intérieur. J'ai testé sur 2 entraînements : lors du 1er la montre a mesuré 1275m au lieu de 1700m, et lors du 2ème 1500m au lieu de 2000m. Ça fait un sacré écart ! A quoi cela est-il dû ? Par ailleurs sur 57mn d'effort je constate une pause de 17mn sur l'appli alors que j'étais en pleine série de 10x50m départ 1mn. Donc gros souci.",0,1,0,1,dataset_apia2022,1
Impossible de mettre d'autres cadran,0,1,0,0,dataset_apia2022,1
Application qui fait ce qu'on lui demande mais on ne peux pas synchroniser la balance scale 3 qui a été offerte avec la montre.,1,1,0,0,dataset_apia2022,1
A ceux dont qui n'arrive pas a connecter leur montre à l application vous devez télécharger sur chrome huawei gallery apk il s'agit du prope playstore de Huawei et recommencer toute la manipulation pour vous connecter ainsi que les mises à jour cela à marcher pour moi ✌🏽,0,0,0,1,dataset_apia2022,1
Une appli qui m accompagne tous les jours a mes activités sportives,0,0,0,1,dataset_apia2022,1
"Je recommande vivement, parce que c'est une très bonne application. Je n'est rien à reprocher, franchement top 👌",1,0,0,0,dataset_apia2022,1
Bonne application qui fonctionne bien depuis la dernière mise à jour.,1,0,0,0,dataset_apia2022,1
Ne permet pas l'association de ma montre Huawei GT2 avec mon oppo find X3 neo 5G alors qu'il marche avec mon Xiami note 4.,0,1,0,0,dataset_apia2022,1
Nul Compliqué a paramétrer Ne reconnaît même pas la gt2 Me demande une mise à jour alors qu'elle est deja faite... Me donne envie de revendre ma montre et passer chez Samsung...,1,0,0,1,dataset_apia2022,1
Comment changé la voix en français,0,0,1,0,dataset_apia2022,1
Par moment l'application se bloque en pleine activité sportive. Ce qui n'est pas top ..,1,1,0,0,dataset_apia2022,1
Ne permet plus l'appairage des montres qui ont 2 ans et plus; l'appli indique constamment que la mise à jour de la liste a échoué par manque d'accès au réseau mais le réseau est suffisamment bon pour installer l'appli ! Vente forcée ?,0,1,0,0,dataset_apia2022,1
Pouvez vous régler le problème de compatibilité sur Android 10 l'application s'ouvre plus bloqué pour dire qu'il faut la dernière version merci de votre compréhension .,0,1,0,0,dataset_apia2022,1
Fonctionne parfaitement avec ma Huawei gt2 et mon smartphone Xiaomi mi 9t. Après un soucis pour recevoir les notifications il m'a suffit d'un appel a Huawei pour tout régler.,0,0,0,1,dataset_apia2022,1
Application très utiles et efficace,1,0,0,0,dataset_apia2022,1
Problème depuis que j'ai changé de téléphone.je ne reçois plus mes notifications .certaines fonctions ne marchent plus,0,1,0,0,dataset_apia2022,1
Impossible de supprimer les écrans de montre constructeur non utilisés,0,1,0,0,dataset_apia2022,1
On s'attend à mieux d'une entreprise comme Huawei. L'application manque de finesse et d'options. Il manque par exemple export des données en format CSV. Ainsi on pourrait récupérer l'ensemble de nos données personnelles dans n'importe quel logiciel. Mon principal reproche est que l'application reste confuse.,1,0,1,0,dataset_apia2022,1
Plus moyen de changer le cadran de la montrer depuis dernière mise à jour ?,0,1,0,0,dataset_apia2022,1
"Bon,dur dur d'ouvrir l'application huawei Health qui me dit de télécharger le machin huawei mobile sévices et qu'après ça marche toujours pas. Après je suis allé sur le site huawei application sur Google et j'ai téléchargé l'APK huawei appGallery et après une mise à jours de cette application, huawei Health refonctionné à nouveau.",0,1,0,1,dataset_apia2022,1
Très pratique en utilisa tion sportive,0,0,0,1,dataset_apia2022,1
L application ne se télécharge pas sachant que j en et besoin pour ma montre connecté ces très désagréable,0,1,0,0,dataset_apia2022,1
"Dénivelé pas pris en compte avec un P10 dans cette application, alors qu'il 
l'est dans Google fit par exemple donc sans intérêt pour un cycliste",0,0,0,1,dataset_apia2022,1
Toujours je la trouve déconnecté la montre ne me sert plus à rien,0,1,0,0,dataset_apia2022,1
Excellente apli,1,0,0,0,dataset_apia2022,1
"C pas mal MAIS ca ne détecte pas tout les mouvements, notamment ceux que le velo elliptique !",1,0,1,0,dataset_apia2022,1
moin bien pour ce co avec son nouveau tel,1,0,0,0,dataset_apia2022,1
Pas mal beaucoup plus de cadrans mais je n arrive pas a les acheter je ne peux mettre que les gratuits... pourquoi ?,0,1,0,0,dataset_apia2022,1
Bonne application. Mais certaines mises à jours font beuguer l'application et cette dernière ne se synchronise plus avec la montre..... obligé de désinstaller et réinstaller l'application.,1,1,0,0,dataset_apia2022,1
"Application et montre fiables, informations en continues précises. J'utilise cette application depuis un peu plus de 2 ans et j'en suis complètement satisfait",1,0,0,1,dataset_apia2022,1
"Dommage, on ne peut pas faire agenda avec l'alarme qui ne comporte pas de date.",0,0,1,0,dataset_apia2022,1
Gros problème avec l'application. Impossible de connecter mon Honor Band 5 car mise à jour qui ne se fait pas.,0,1,0,1,dataset_apia2022,1
"Depuis décembre et malgré les mises à jour, l'application compte les pas en double avec la montre connecté Band 3 Pro... C'est pénible, à chaque fois il faut réinitialiser...",0,1,0,0,dataset_apia2022,1
"Faites quelque chose car j'ai une montre connectée honor band 3 et le Podometre est totalement inexacte,avec plus de 2000 pas d'écart... Application vraiment pas terrible",1,1,0,0,dataset_apia2022,1
Mon application s'arrête je ne peux consulter ma montre,0,1,0,0,dataset_apia2022,1
Bon,1,0,0,0,dataset_apia2022,1
Fonctionnait bien mais depuis quelques jours je n'arrive plus à me connecter à mon bracelet honor 5 obligé de réinitialiser le bracelet pour y arriver je perds les informations,1,1,0,0,dataset_apia2022,1
Nul le gps ne localise pas donc impossible d'avoir des stats justes,1,1,0,0,dataset_apia2022,1
"Distance inexacte, s'éteint en milieu de parcours",0,1,0,0,dataset_apia2022,1
"bonne application, fonctionne très bien. Equipe réactive après le ""bug du nouvel an"". Merci",1,0,0,1,dataset_apia2022,1
"Je ne peux plus connecter mon application de messagerie alternative depuis 
la dernière mise à jour sur le honor bande 3",0,1,0,0,dataset_apia2022,1
"Facile, bon conseil",1,0,0,0,dataset_apia2022,1
"Très bonne application jusqu'à la mise à jour. Ne fonctionne plus, message récurant à chaque tentative, ""Connexion impossible suite à une erreur réseau. Veuillez réessayer ultérieurement'""",1,1,0,0,dataset_apia2022,1
... Mais la montre Huawei GT 2e est magnifique !,1,0,0,0,dataset_apia2022,1
Pas mis à jour depuis plus d'un an. Toujours impossible de récupérer les infos cardio pour un suivi hors appli. Dommage. La prochaine fois je prendrais une SmartWatch Garmin... Pas non plus d'activité ski ou snowboard.. par contre beaucoup de sport inconnus ..,0,0,1,1,dataset_apia2022,1
Manque le dénivelé positif négatif pour la course.,0,0,1,0,dataset_apia2022,1
Ne marche pas avec huawei band 6,0,1,0,0,dataset_apia2022,1
"Fonctionne très bien. Je ne comprend pas vos messages avec vos services 4.0.0, la mienne fonctionne super bien sur le P30 Pro. Et ça à chaque mises à jour. Bravo aux devs. Arrêtez de trifouiller vos smartphone avec vos applications de nettoyage et peut être qu'ils fonctionneront bien.",1,0,0,1,dataset_apia2022,1
"On me demande d'installer Huawei mobile services 4.0.0.0 pour faire fonctionner Huawei health et du coup pouvoir synchroniser ma Huawei GT watch... Les deux sont installées mais rien à faire, quelle déception alors que celle-ci fonctionnait il y a encore peu de temps. Que comptez-vous faire s'il vous plaît pour arranger ceci ?",0,1,0,0,dataset_apia2022,1
Pas de synchro,0,1,0,0,dataset_apia2022,1
Super application pour ces appareils honor/huawei connectés. Je le recommande.,1,0,0,1,dataset_apia2022,1
Ne fonctionne pas avec la montre Huawei,0,1,0,0,dataset_apia2022,1
"Je renote, mon avis n'étant pas objectif mais certains problèmes de connexion persistent",0,1,0,0,dataset_apia2022,1
Je comprends pas je peut plus télécharger des cadrans pour ma montre la page reste blanche quand je click dessus aider moi a avoir une réponse a ca merci,0,1,0,0,dataset_apia2022,1
"Fluide et utile, l'application donne l'essentiel. Depuis 2 mois, il est proposé de nombreux cadrans gratuits et payants qui sont mis à jour régulièrement. La synchronisation avec la montre est rapide et les renseignements fournis sont rudimentaires, mais en avoir plus rendrait l'ensemble moins pratique.",1,0,0,1,dataset_apia2022,1
Très simple d'utilisation et plutôt complète,1,0,0,0,dataset_apia2022,1
Impossible de mettre à jour l'application pour paramétrer nos honor band 5. Nous avons essayer plusieurs appareil et a chaque fois nous avons un message d'erreur nous demandant de vérifier notre réseau connexion qui pourtant est optimal et ça sur les 2 montres reçues.,0,1,0,0,dataset_apia2022,1
J'ai reçu ma magic watch 2 aujourd'hui mais je ne peut pas la paramétrer il demande l'installation d'une appli qui n'est pas disponible !,0,1,0,0,dataset_apia2022,1
"J'utilise cette application avec la Huawei watch Gt 2, et je n'ai que de bonnes surprises: graphique avec la fréquence cardiaque, graphique décrivant le sommeil + conseil pour l'améliorer, suivit de notre santé en temps réel, alarme intelligente, etc.. Je recommande avec l'achat d'une montre.",1,0,0,1,dataset_apia2022,1
Super j'aime beaucoup,1,0,0,0,dataset_apia2022,1
J'adore c'est très bien,1,0,0,0,dataset_apia2022,1
Très bien merci 😊,1,0,0,0,dataset_apia2022,1
Changement de téléphone. Impossible de se reconnecter suite oubli mot de passe,0,1,0,0,dataset_apia2022,1
Thanks for this app 👍👌,1,0,0,0,dataset_apia2022,1
Faut supprimer l'application Huawei health et télécharger hms score via app store Huawei ensuite re télécharger Huawei healthy ca devrait être bon... L'association se fait. (je suis rester 30 minutes avec le service Huawei pour ma montre c'est une source sûre ),0,0,0,1,dataset_apia2022,1
Impossible de mettre à jour les modèles de bracelet sur OnePlus 8T du coup je ne peux pas connecter ma band 4,0,1,0,0,dataset_apia2022,1
Pas mal,1,0,0,0,dataset_apia2022,1
"L'application est mal traduite, une grande partie n'est même pas du tout traduite. En plus pour utiliser un bracelet, on est obligé de créer un compte alors qu'on pourrait juste lier le bracelet en Bluetooth. L'application demande trop d'autorisation et on se demande si elle permet de voir son état de santé ou plutôt de vendre celles-ci... Je ne parle pas du thème sombre qui reste introuvable",0,0,1,1,dataset_apia2022,1
L'application bloque pour l'instant,0,1,0,0,dataset_apia2022,1
Ayant acheté une Huawei watch gt2 sport je passe par cette application pour les séances. Autant je suis content de la montre et l'appli dans son ensemble à contrario le rythme cardiaque est plus que faux... Sur une séance HIIT en exercice elle me donne parfois 120 et en phase récup elle m'annonce parfois passé 180 😱 D'autant plus dommage j'avais juste avant une montre a 40€ qui était exacte en RC pour l'avoir vérifié.,0,1,0,1,dataset_apia2022,1
"Mais pourquoi Faire une mise at jour aussi pourrie. Depuis mon bracelet connecté ne reçoit les notifications sms, appel, mails.... Car s il les reçoit il ne va plus pouvoir se connecter via l appli santé de Huawei et donc je n ai plus le suivi du sommeil et cardiaque. Avant ça marchait, pourquoi vouloir changer surtout que je ne vois pas le changement. J ai écrit au mail indiqué plus haut pas de réponse pour le moment. Je changerais ma note qd cela fonctionnera",1,1,0,0,dataset_apia2022,1
Bonjour Monsieur Mourad,1,0,0,0,dataset_apia2022,1
Super application super bien conçue,1,0,0,0,dataset_apia2022,1
"Dommage de ne pas pouvoir récupérer les données sur Google map, sinon très bonne apli",1,0,1,0,dataset_apia2022,1
Très bonne appli😁👍,1,0,0,0,dataset_apia2022,1
Huawei😘😘😘😘😘😘,1,0,0,0,dataset_apia2022,1
"Marcher parfaitement bien avant la mise à jour,depuis le rythme cardiaque en continu est activé en permanence pas moyen de l arrêt. Ducoup consomme bcp plus de batterie, possibilité de règle ça au plus vite Cordialement",0,1,0,0,dataset_apia2022,1
Excellente appli. Très facile d'utilisation et ludique. Je la recommande,1,0,0,0,dataset_apia2022,1
Bonne course,1,0,0,0,dataset_apia2022,1
"Consomme 12,8% de ma batterie, c'est l'application la plus énergievore de mon téléphone P30 pro . IMPOSSIBLE DE FORCER L'ARRÊT. UNE VRAIE MER2. De mieux en mieux ! Cette application est sensée donner mon temps de sommeil. J'étais en train de déjeuner et l'application indique que j'ai fait une sieste entre 08:11 et 08:32!!. Idem pour la respiration je fais de l'apnée du sommeil pourtant il indique 100... En marche extérieure si il n'y a pas de réseau ne fonctionne pas il vaut mieux avoir Iphigén",0,1,1,0,dataset_apia2022,1
Merci beaucoup huawei,1,0,0,0,dataset_apia2022,1
Vraiment super cet appli je recommande,1,0,0,0,dataset_apia2022,1
"Plutôt complet a bien été amélioré et domage que l'on puisse pas modifié les objectifs de pas quotidien j'ai pas trouvé pour changer sa, sinon bien dans lanssemble avec Huawei watch GT2 .",1,0,1,0,dataset_apia2022,1
Bug +++depuis quelques temps et toujours impossible de connecter l'honor band 5 😕,0,1,0,0,dataset_apia2022,1
"Peu de paramétrages, très pauvre en cadran",0,0,0,1,dataset_apia2022,1
Au top!,1,0,0,0,dataset_apia2022,1
Bug depuis la mise à jour l'application se fige au demarrage. La mise à jour Hors le playstore ma fait perdre mes enregistrement. J'ai réinstallé avec le playstore et j'ai réussi à récupérer mes données. Huwaey doit absolument se ressaisir.,0,1,0,0,dataset_apia2022,1
Bon suivis pas mal de sport présent,0,0,0,1,dataset_apia2022,1
"Les sessions de vélo et d'exercice ne sont pas prises en compte, le pourcentage reste à 0. Dommage qu'on ne puisse pas saisir le dénivelé",1,0,1,0,dataset_apia2022,1
Il manque aussi la partie musculation dans les activités sportives.... Et à quand le double tape sur l'ecran pour l'allumer ?,0,0,1,0,dataset_apia2022,1
Simple to use,1,0,0,0,dataset_apia2022,1
L'application peux être utile mais elle ne me sert à rien car j'ai déjà une montre connecté gamin bien plus précise et complète en donées. Il faudrais pouvoir connecter les comptes gamin et Huawei pour pourvoir profiter pleinement de l'expérience. En attendant l'app ne me sert à rien.,0,0,1,1,dataset_apia2022,1
très intuitive,1,0,0,0,dataset_apia2022,1
"Impossible d'apairer une gt3. Ça me dit que l'appareil n'est pas reconnu et qu'il faut mettre l'application a jour, alors qu'elle l'est...",0,1,0,0,dataset_apia2022,1
Fonctionne quand sa veux se met à jour on non se connecte à la montre ou pas c'est Une application qui vie sa meilleure vie NE L'INSTALLER PAS!!!!,1,1,0,0,dataset_apia2022,1
Superbe application merci,1,0,0,0,dataset_apia2022,1
Pas d'exportation des fichiers d'activités.,0,0,1,0,dataset_apia2022,1
Impossible de connecter le honor band 5...,0,1,0,0,dataset_apia2022,1
Ne ce connecte pas à la montre depuis la nouvelle mise à jour,0,1,0,0,dataset_apia2022,1
J'adore cette application elle est complète,1,0,0,0,dataset_apia2022,1
"Dernière mise à jour bug,",0,1,0,0,dataset_apia2022,1
"Bonjour, il n'est plus possible d'accéder aux Cadrans sur la GT2, depuis un téléphone Oppo.",0,1,0,0,dataset_apia2022,1
Cool 😎,1,0,0,0,dataset_apia2022,1
"Il me semble que lorsque j'ai le téléphone avec l' application santé et la montre connectée sur moi, les deux comptabilisent le nombres de pas, ce qui fausse les résultats. Je n'ai pas réussi à désactiver le compteur de pas sur le téléphone. Bien dommage.",1,1,0,0,dataset_apia2022,1
Ameliorable,1,0,0,0,dataset_apia2022,1
Pas capable de changer mon fond de cadran avec l'application.... très décevant,1,0,1,0,dataset_apia2022,1
great,1,0,0,0,dataset_apia2022,1
Je n'arrive plus à associé mon honor 3pro avec l'application depuis que j'ai fait la dernière mise à jour. 😈. J'espère que c'est un bug qui sera vite résolu,0,1,0,0,dataset_apia2022,1
Pas de compatibilité vers Google fit,0,0,1,0,dataset_apia2022,1
Impossible to associate my Band 6,0,1,0,0,dataset_apia2022,1
Marche pas,0,1,0,0,dataset_apia2022,1
Très bien la fin plus difficile arrêter à mi-parcours pour chin up,1,0,0,0,dataset_apia2022,1
"Dommage pas de fonctions réveil et une autonomie peu élevée, mais fait son job",0,0,1,0,dataset_apia2022,1
Assez complisué,1,0,0,0,dataset_apia2022,1
Fonctionne très bien je m'en sers régulièrement a recommander,1,0,0,0,dataset_apia2022,1
Impossible de se connecter l'application a t elle beugué est ce que c'est que pour les Huawei moi redmi ça marche pas une galère mince,0,1,0,0,dataset_apia2022,1
Impossible de l ouvrir depuis la dernière MAJ déçue,1,1,0,0,dataset_apia2022,1
Sympa,1,0,0,0,dataset_apia2022,1
"Je ne peux pas utiliser la montre connectée fit que je viens d'acheter à cause de l'appli qui plante, elle se ferme toute seule quelques secondes après ouverture...",0,1,0,0,dataset_apia2022,1
Appli au top ! Ici montre et tel huawei ! Dommage qu'elle soit pas ouverte aux balances impédancemètre d'autres marques !? Dommage d'obliger les gens à acheter une marque unique pour tous les produits ! Pas fan de cette politique !!,1,0,1,0,dataset_apia2022,1
"Depuis que j'ai changé de téléphone Crosscall m1 pour un Crosscall M5, cette application disfonctionne... Plus de notification sur la montre, connecté par bluetooth mais pas de mise à jour sur le tél... Bof bof. Très déçu",1,1,0,0,dataset_apia2022,1
"Je ne peux plus m'en passer, je marche, je cours, je compte mes pas... Il ne me manque que la montre connectée pour le rythme cardiaque et l'enregistrement du sommeil Je compte sur le Père Noël pour m'équiper",0,1,1,0,dataset_apia2022,1
Super dommage que c'est en anglais,0,0,1,0,dataset_apia2022,1
Je suis content de l'avoir pour qu'elle me dise bravo quand je marche xxD,1,0,0,0,dataset_apia2022,1
"J'aime l'application en général, mais le compteur de minutes d'activation ne fonctionne pas, je suis toujours à 0 minutes... Comment faire pour l'activer? Il serait super d'avoir des rappels fréquemment dans la journée pour motiver l'activation ainsi que des rappels que l'atteinte des objectifs de pas est à tant de % et qu'il faudrait si mettre (motivateur). Un compteur de consommation d'eau!?",1,1,1,0,dataset_apia2022,1
"Bonjour, j'ai une montre Honor Band 5 et merci de l'avoir ajouté dans les choix. Il y a un autre petit problème, la connexion se perd tout le temps entre la montre et l'application. Pas moyen d'avoir d'historique. Merci!!",0,1,1,0,dataset_apia2022,1
Très chouette...,1,0,0,0,dataset_apia2022,1
Ne fonctionne pas avec Samsung S30 FE.....ne connecte pas ma montre . Donc inutile....,0,1,0,0,dataset_apia2022,1
Super application après mise à jour et synchronisation avec la montre.,1,0,0,1,dataset_apia2022,1
Je ne comprends pas pourquoi on ne peut créer des playlists que par ordre alphabétique impossible de choisir l'emplacement des chansons c'est complètement ahurissant...!!!! Si j'avais su ça jamais j'aurai acheté la watch gt 2,0,0,1,0,dataset_apia2022,1
Vraiment un bon suivis quotidien! Tout est bien noté et clair Je recommande vraiment,1,0,0,1,dataset_apia2022,1
De la grosse daube appli bugg tout le temps ... Et la GT 2 a part être jolie elle sert a rien les prise de rythme cardiaque ne marchent jamais . Bref,0,1,0,0,dataset_apia2022,1
2 étoiles de perdu car il est dommage que l'on ne puisse pas sélectionner la source du compteur de pas.,1,0,1,0,dataset_apia2022,1
"Application qui permet un bon suivi de l'activité physique, mais qui ne peut tout simplement pas s'ouvrir si l'on n'est pas connecté à une 4g ou wifi. Très difficile voire impossible d'obtenir le gps à partir de ma montre band 4 pro malgré l'attente. Message d'erreur de mise à jour, pourtant effectuées depuis l'appli.",0,1,0,1,dataset_apia2022,1
"Pour tous ceux pour qui la connection ne fonctionne plus, telechargez le appgallery apk sur le site uptodown. Vous l'installez, et vous le lancez. C'est le playstore de Huawei. Vous cherchez huawei health dans appgallery et vous installez la mise à jour. Pensez à réinitialiser votre montre ou bracelet et puis ça refonctionnera.",0,1,0,1,dataset_apia2022,1
Appareil non pris en charge watch gt 2e 628. Quoi faire ?,0,1,0,0,dataset_apia2022,1
"I did not understand why this app didn't use the HR monitor built in the huawei watch ? At least during running sessions ? Compare to runtastic with the HR belt, huawei health is very limited. Please use the functionalities of your own product",0,0,1,0,dataset_apia2022,1
"GT2e Suivi GPS souvent erronée. Ne prend en compte que calories dépensé en activité et pas quand vous faites rien, alors que le corps depense continuellement des calories...",0,1,1,0,dataset_apia2022,1
"Elle est parfaite, le seul bémol est de ne pas pouvoir extraire les fichiers des sorties cyclisme ou course à pied en GPX. Afin de les synchroniser a d'autre logiciel.c'est pour cela que j'enlève 2 étoiles.",1,0,1,0,dataset_apia2022,1
Impossible d installer sur un Samsung Bien que cest marqué qu on peit le télécharger sur android mais en réalité je n arrive pas à l installer,0,1,0,0,dataset_apia2022,1
"L'application était bien, mais ne fonctionne plus sans savoir pourquoi, depuis quelques jours et pas de retour du service d'aide 😬",0,1,0,0,dataset_apia2022,1
"Bonjour, Convient bien. Par contre à quand la possibilité de cumuler plusieurs montres/bracelets ?",1,0,1,0,dataset_apia2022,1
Plus possible de charger de nouveaux cadrans,0,1,0,0,dataset_apia2022,1
Très pratique et assez complet,1,0,0,0,dataset_apia2022,1
"Manque la personnalisation des données lors de l'exercice (vitesse en km/h, changement des indicateurs...)",0,0,1,0,dataset_apia2022,1
Pas top avec la nouvelle version ! 😢 Impossible de faire une course à pieds sans définir un objectif de distance et un plan d'entraînement. Impossible de faire un parcours en libre.! 😁,0,0,1,0,dataset_apia2022,1
Work on it,1,0,0,0,dataset_apia2022,1
L'application montre message d'errur non stop avec samsung,0,1,0,0,dataset_apia2022,1
Honor band 5. Application sympathique mais bug pour le rythme cardiaque qui ne s'enregistre pas. Donc aucun visuel pour une tendance notamment lors d'une activité physique. Une solution?,1,1,0,0,dataset_apia2022,1
Bug depuis des mois ce qui m'empêche d'utiliser ma montre connectée !,0,1,0,0,dataset_apia2022,1
L'appli détecte la présence d'une version plus récente mais la MAJ commence sans pouvoir se terminer ! La plupart des fonctions ne marchent plus depuis qu'une MAJ a changé l'appli fin juillet. Pas de réponse de développeurs pour régler les problèmes...! Affligeant !,0,1,0,0,dataset_apia2022,1
Dommage qu'il ne soit pas possible de modifier les données enregistrées lorsque je le prête à mon amoureux,0,0,1,0,dataset_apia2022,1
Bien et fonctionnel. Il me manque quelques éléments pour mettre 5 étoiles,1,0,1,0,dataset_apia2022,1
Génial pour le cardio. J'aimerai juste pouvoir rajouter manuellement le taux de muscles lors des pesés.,0,0,1,1,dataset_apia2022,1
Impossible de changer les cadrans via l'application,0,1,0,0,dataset_apia2022,1
"On continue de recevoir notifications sur gt2e même si mode DND est activé sur téléphone, illogique! Il faut donc programmer un autre mode DND sur montre, mais dans ce cas la fonctionnalité de lever la main pour afficher l'heure se désactive ! J'ai donc désactivé carrément les notifications, mais même dans ce cas les notifications d'appel ne se désactivent pas sur la montre elle continue à vibrer si appel! J'ai donc désactivé vibreur mais dans ce cas la montre ne vibre pas lors d'une alarme ?!",0,0,1,1,dataset_apia2022,1
Je ne peux pas me connecter à mon compte ce qui rends l'application inutile.,0,1,0,0,dataset_apia2022,1
Super aplication,1,0,0,0,dataset_apia2022,1
"Super appli, simple, Claire, complète pour les montres connectées Huawei (ou Honor), les balances connectées Huawei. Suivi des entraînements très bien fait.",1,0,0,1,dataset_apia2022,1
"Bonne appli dans l""ensemble, difficile d""exporter les données.",1,0,1,0,dataset_apia2022,1
Très bonne appli sport juste une déception sur la comptabilisation du sommeil qui fonctionnait au début mais plus maintenant malgré les mises à jour dommage,1,1,0,0,dataset_apia2022,1
Depuis la mise à jour j'ai désinstaller et réinstaller non seulement on perd tout et il faut faire que ça désinstaller et réinstaller j'en ai marre désinstaller définitivement,0,1,0,0,dataset_apia2022,1
Les messages s'affichent en retard,0,1,0,0,dataset_apia2022,1
Je n'ai jamais vu une telle application. Impossible d'associer mon bracelet à mon téléphone.,0,1,0,0,dataset_apia2022,1
Pour le moment je suis pleinement satisfaite de l'application mais cela ne fait même pas une semaine que je l'utilise. A voir dans le temps si je trouve des choses à redire 😉.,1,0,0,0,dataset_apia2022,1
Cela fait 6 mois que j'ai la montre et elle ne tient déjà plus la charge sans en plus faire d'activité particulière. Je ne sais pas si c'est depuis que j'ai mon nouveau téléphone (redmi note 9s) et s'il y a un souci de communication entre les 2 mais avec 100% de batterie je tiens seulement 2 jours alors qu'il est annoncé 14 jours au départ : je pense sérieusement vous renvoyer la montre. J'ai désactivé tous les rappels pour info et je ne parle même pas de pouvoir exercer une activité physique.,0,1,0,1,dataset_apia2022,1
Ne fonctionne pas,0,1,0,0,dataset_apia2022,1
Merci beaucoup pour votre aide.,1,0,0,0,dataset_apia2022,1
"Super appli, Merci",1,0,0,0,dataset_apia2022,1
Bien pratique pour l installation de la montre,0,0,0,1,dataset_apia2022,1
Ce qui est dommage c'est que l'application ce déconnecte assez vite de la montre même si celle-ci est juste à côté.,0,1,0,0,dataset_apia2022,1
Bon application,1,0,0,0,dataset_apia2022,1
Application complète !,1,0,0,0,dataset_apia2022,1
Montre Huawei gt 2 sa ne marche pas avec Samsung S10+ merddddd trist,0,1,0,0,dataset_apia2022,1
"Bonne lisibilité, agréable à consulter. Pour le moment il est trop tôt pour avoir une vue sur une période à plus long terme. Je ne possède le programme que depuis une semaine.",0,0,0,1,dataset_apia2022,1
Bonjour application presque parfaite manque quelques raccourcis au niveau de la montre démarrage d'exercices pour la marche à pied la longueur du pas pouvoir désactiver le mode sommeil qui pour moi ne me sert pas,1,0,1,0,dataset_apia2022,1
Bug ! Inutilisable !!,0,1,0,0,dataset_apia2022,1
Connecté avec une gt2 pro aucun problèmes,0,0,0,1,dataset_apia2022,1
"Bon fonctionnement avec un bracelet Honor 3. Manque le paramétrage de la longueur des pas, ainsi que la possibilité de naviguer au sein d'un domaine par exemple rythme cardiaque en mode année en cliquant une le mois aller dans le détail du mois, puis la semaine et enfin le jour sans avoir à faire défiler des dizaines ou des centaines de jours. Merci de prendre en compte ces évolutions.",0,0,1,1,dataset_apia2022,1
Top bien comme applis,1,0,0,0,dataset_apia2022,1
Simple à utiliser,1,0,0,0,dataset_apia2022,1
Pas de test de stress possible depuis 3 j plus d analyse de sommeil pb au niveau du transfert de données ?,0,1,0,0,dataset_apia2022,1
Luxe,1,0,0,0,dataset_apia2022,1
"Bien mais quid des entraînements en salle. Je souhaiterais pouvoir suivre une activité qui n'est ni course ni vélo ni nage. Par exemple surf, kitesurfing, entraînement en salle, avec ce petit complément l'appli pourrait passer à 5 étoiles.",1,0,1,0,dataset_apia2022,1
Un gros bug concernant la synchronisation du sommeil.,0,1,0,0,dataset_apia2022,1
"Typiquement ""qualité"" chinoise - pour la poubelle.",1,0,0,0,dataset_apia2022,1
Fuyez !!!! La montre est obsolète elle ne vous servira à rien!! L'application présente de nombreux beugue rendant la montre inutilisable.( la raison des desacords entre la Chine et les états unis)Acheté chez boulanger je vais m'y rendre prochainement. HONTEUX. GROSSE ARNAQUE,1,1,0,0,dataset_apia2022,1
On n'a pas accès à tous les fonctions donc c'est un peu pénible fonction stress ça ne marche pas. On ne peut pas non plus accéder aux fonctions personnelles on ne peut rien rentrer en fait.,0,1,0,0,dataset_apia2022,1
"Bonjour, sur l'appli Santé, comment mettre une voix en français pour l'annonce des kilomètres. Merci.",0,0,1,0,dataset_apia2022,1
"04/08/2020 Comment mettre nos propre cadrans ? Je modifierai le nombre d'étoiles quand je pourrais le faire, et faut revoir l'activité du sommeil levé à 4h pour bossé a 7h il m'on compter sommeil jusque 8h qu'alors j'étais au volant... 15/10/2020 Abusé il y a 1 mois il y avait quelque modèle mais gratuit la une vingtaine sortent en même temps et sont tous payant !!! Dommage vous avez rien compris comment attirer les consommateurs.... 17/11/2020 De pire en pire tout les cadrans son payant...",1,1,1,0,dataset_apia2022,1
"Comptabilisé les pas correctement mais cela ne s'affiche pas sur les courbes d'évolution, les médailles ne se débloquent pas, l'elevation n'est jamais comptabilisé, impossible d'ajouter une activité manuellement",0,1,1,0,dataset_apia2022,1
Je l'ai depuis 3 jour et jusqu'à maintenant je suis très satisfait,1,0,0,0,dataset_apia2022,1
Décalage entre le portable et la montre,0,1,0,0,dataset_apia2022,1
je,1,0,0,0,dataset_apia2022,1
"L'application est impossible à télécharger sur le Play Store, il faut passer par l'app gallery de Huawei sur le navigateur. Si ce n'était que ça... Mais mon bracelet connecté Honor est impossible à associer depuis l'application, et mon téléphone est de la marque Honor. Quand j'essaie d'appuyer sur ""associer"" une page s'ouvre et se ferme automatiquement. Je modifierai volontier mon avis une fois le problème réglé.",0,1,0,1,dataset_apia2022,1
The best sport app ever,1,0,0,0,dataset_apia2022,1
Problème de puis la dernière mise à jour pas de synchronisation possible...gps indisponible...😤,0,1,0,0,dataset_apia2022,1
Tout fonctionnait jusqu'à la mise à jour de l'appli. J'ai une Huawei fit Neuve c'est vous dire mon désarroi ! Merci de me tenir au courant quand vous aurez corriger ce BEUG,1,1,0,0,dataset_apia2022,1
Appli top,1,0,0,0,dataset_apia2022,1
Des semaines d'enregistrement de perdues parce qu'elles ne sont pas synchronisées... L'appareil se déconnecte tout seul et fréquemment de mon Xperia ! Payé pour une montre qui ne fonctionne qu'à moitié et qu'en plus son appli bug... Franchement je suis déçue. La synchro avec google fit ne marche pas toujours et personnellement je ne vois pas l'intérêt de la porter si elle ne conserve rien ?,1,1,0,0,dataset_apia2022,1
J'adore bémol la voix parle que anglais,1,0,1,0,dataset_apia2022,1
"Impossible de mettre à jour les appareils, pour moi honor band 4 pro sur samsung",0,1,0,0,dataset_apia2022,1
Fantastique,1,0,0,0,dataset_apia2022,1
très pratique,1,0,0,0,dataset_apia2022,1
Application très sérieuse et n'ayant aucun inconvénient. Pas de pub qui dérange. Bravo,1,0,0,1,dataset_apia2022,1
Fonctionne parfaitement.,1,0,0,0,dataset_apia2022,1
"Belle appli utilisée avec le honor band 4, dommage pas de synchro cardiaque avec Google Fit, et s'il vous plait ajoutezles autres activités reconnu par Google Fit cela serai parfait !!!! Maintenant je posedsde le honor band 5, parfait plus d'activités mais plus de synchro de ses dernières avec Google Fit....",0,0,1,1,dataset_apia2022,1
"Impossible de synchroniser le sommeil, cela fait bientôt 1 mois que sa dure!!!",0,1,0,0,dataset_apia2022,1
"Depuis la nouvelle mise à jour gros beugue avec ma montre connecté !! Aucun accès au cadran, connexion à revoir etc tellement déçus...",0,1,0,0,dataset_apia2022,1
Pas de Mise À Jour depuis 15 juillet 2020 !!!Cette application propose de télécharger un fichier APK qui n'est pas sûr ??? Merci d'actualiser le play store Android !,0,0,1,0,dataset_apia2022,1
L application ne fonctionne pas régulièrement. Il faut souvent l'enlever et la remettre,0,1,0,0,dataset_apia2022,1
Amazing,1,0,0,0,dataset_apia2022,1
"Bug Bug, l'application ne s'ouvre pas correctement !?",0,1,0,0,dataset_apia2022,1
Pas adaptée pour tapis de course. Cette application ne fonctionne pas du tout avec la montre Huawei utilisée sur un tapis de course intérieur. On court 20 minutes à 8 km et la montre propose une distance maxi de 1.5km........ distance qui n'est pas modifiable dans l application. Donc totalement inutile pour le suivi d'activité de ceux qui courent sur tapis.,0,1,1,0,dataset_apia2022,1
On tourne en rond tout simplement impossible de mettre une appli à jour,0,1,0,0,dataset_apia2022,1
"Nombre de pas semble approximative,la vibration est trop faible",0,0,0,1,dataset_apia2022,1
"Nul,impossible de connecté la montre,quand on met ""associer"" sa charge 0,5 sec et sa se remet en mode recherche. Bref je déconseille.",1,1,0,0,dataset_apia2022,1
"Instable, synchro aléatoire, dernière Màj +18 mois, bug fonction achats, bug mise à jour, version plus ancienne sur l'espace Huawei que sur playstore, elle même plus ancienne que la version installée, coupures bt, autorisations démesurées sur le compte, bug affichant du code source en protection de données. Finit par fonctionner. Analyses des données intéressantes. Coordonnées postale du développeur non conforme, tout comme les échanges avec le système... Huawei reste dans son monde, quoi ! 😕😟",0,1,1,0,dataset_apia2022,1
"Nécessiterait de pouvoir se connecter à beaucoup plus d'applications tierces afin de pouvoir synthétiser les différentes informations (poids, entraînements,...)",0,0,1,0,dataset_apia2022,1
Impossible de connecté ma montre rien à faire,0,1,0,0,dataset_apia2022,1
"Bonne appli, juste souci avec la synchro de l'alarme entre mon honor 10 et ma honor band 4...",1,1,0,0,dataset_apia2022,1
C'était mieux avant.,1,0,0,0,dataset_apia2022,1
"Lorsque je rentre des données (mon poids, ma taille, mon âge), l'application ne les garde pas en mémoire. Impossible de les sauvegarder. Pas de synchronisation entre la montre et l'application concernant par exemple le nombre de pas (tous les pas enregistrés par ma montre ne figurent pas dans le nombre total de pas sur l'application). Pour la météo sur ma montre, je n'arrive pas à avoir la météo (au début, j'avais la météo d'une ville que je ne connaissais même pas et maintenant, plus rien).",0,1,0,0,dataset_apia2022,1
Application de suivie relative à la santé. Podomètre précis. Des objectifs réguliers et non désobligeantes. 5 STARS,1,0,0,1,dataset_apia2022,1
J'ai essayé plusieurs fois d'associé l'application avec ma GT 2 pro mais l'application n'a pas arrivé à télécharger la mise à jour pour la détecte,0,1,0,0,dataset_apia2022,1
"Application qui comporte des lacunes, notamment absence de dénivelé qui est pourtant essentiel. Les montres huawei obligent à passer par l'appli sans même pouvoir exporter les gpx, hallucinant !",0,0,1,1,dataset_apia2022,1
👍❤️,1,0,0,0,dataset_apia2022,1
"On ne peut plus télécharger de cadran de montre, ça reste sur une plage blanche! Merci de corriger ça",0,1,0,0,dataset_apia2022,1
Bonne application par contre l'élévation ( dénivelé ) ne fonctionne pas malgré le fait de monter des escaliers Depuis la dernière mise à jour ne fonctionne plus avec ma montre connectée band 2 pro,1,1,0,0,dataset_apia2022,1
Appli intéressante mais depuis la dernière maj gros pb de bluetooth et Huawei ne fait rien. Dommage car la montre en devient basique... (on lit juste l'heure...),1,1,0,0,dataset_apia2022,1
"Dommage, d'acheter un Huawei brand 2 pro pour qu'elle ne soit pas compatible avec l'application.",1,1,0,0,dataset_apia2022,1
On ne peut plus accéder au cadran,0,1,0,0,dataset_apia2022,1
"Depuis que j'ai changé de mobile,je ne peux plus faire fonctionner ma montre Gt, je suis très déçu, impossible de créer un nouveau compte avec mon nouveau numéro de téléphone. Je n'ai que mes yeux pour pleurer ! Je peux même pas lire l'heure car j'ai réinitialiser la montre.",0,1,0,0,dataset_apia2022,1
Décevant.... j'adore la montre mais l'application est totalement nulle......les messages ne sont pas notifiés sur la montre et les appels non plus. Il faut désinstaller et ré installer....pour avoir la totalité des choses annoncées mais ça ne dure pas Très décevante,1,1,0,0,dataset_apia2022,1
Effectivement dommage que le nombre de pas sois additionner entre le téléphone et la montre et que l'on ne puisse pas choisir et aussi il manque des mises à jour en français ainsi que les aides ne sont pas en français non plus,0,1,1,0,dataset_apia2022,1
Comment ajouter des photos a l aplication ?,0,0,1,0,dataset_apia2022,1
"J ai une Huawei bande 4 pro. Difficulté à me connecter et q synchroniser la montre. Bug depuis la dernière mise à jour, Impossible d utiliser la fonction Spo2.",0,1,0,0,dataset_apia2022,1
Application complète. Le top,1,0,0,0,dataset_apia2022,1
Superbe application. Je le conseille,1,0,0,0,dataset_apia2022,1
"J ai recu ma montre Huawei watch fit ce jour avec la balance connectée scale 3 Ok soucis pour appairer la montre par contre la balance n est pas proposée donc aucune connexion est possible Quel dommage, vivement la mise à jour avec les dernières balances connectées pour enfin l utiliser",0,1,0,0,dataset_apia2022,1
Depuis la dernière mise à jour l'application s'ouvre une fois sur 3 ou 4,0,1,0,0,dataset_apia2022,1
Trop peu de montres connectées reconnues !!!,0,0,1,0,dataset_apia2022,1
Je n'arrive pas à ouvrir l'application sur mon Galaxy note 9 et à connecter ma montre par la même occasion...,0,1,0,0,dataset_apia2022,1
"Ce n'est pas vraiment au point, cette appli pourrait être génial, seulement pas mal de bug, par exemple quand on veut rafraichir l'appli dans la journée, car le nombre de pas n'est pas totalement comptabilisé sur l'appli par rapport à la montre, les cadrans aussi impossible d'y accéder pour que je puisse m'en télécharger d'autres....",1,1,0,0,dataset_apia2022,1
Une très bonne application couplée à une gt2. Beaucoup de faces gratuites Informations partout dans l'application Des conseils au top !!!! Merci huawei,1,0,0,1,dataset_apia2022,1
mise à jour qui m'a fait perdre tout mes données,0,1,0,0,dataset_apia2022,1
Pas assez précis,1,0,0,0,dataset_apia2022,1
"Depuis quelques temps l'application ne met plus à jour mes pas, j'ai donc des journées avec 0 pas alors que j'en ai 7000 sur une autre application...",0,1,0,0,dataset_apia2022,1
"bonjour, pour moi il manque la possibilité d'ajouter des activités (escalade, ski, aviron etc.) et d'avoir les déniveler associer à une band 3 pros.après les temps de sommeil semble aléatoire on dort quand on lit regarde la tele ou autres activité calme. il manque la supression automatique des notification deja lut sur le smartphone sinon pour moi ma montre ce synchronise bien avec avec l'apk les donne sont a jour.",0,1,1,0,dataset_apia2022,1
J'aime beaucoup cette montre mais depuis deux jours il ne synchronise plus mes pas venant de la montre mais seulement si je marche avec mon téléphone. Ce que je ne fais pas tout le temps évidemment. Que ce passe-t-il ? Merci.,0,1,0,0,dataset_apia2022,1
Très cool et motivant. 😍😍🤩🙏,1,0,0,0,dataset_apia2022,1
Je donne quatre (4) étoiles car tres utiles et fun... Améliorez encore pour plus de possibilités. ❤️❤️,1,0,0,0,dataset_apia2022,1
Parfait 👌,1,0,0,0,dataset_apia2022,1
Impossible de consulter le détail de la marche à pied depuis la nouvelle maj,0,1,0,0,dataset_apia2022,1
Supo,1,0,0,0,dataset_apia2022,1
bien assurer et les donnees son fiable,0,0,0,1,dataset_apia2022,1
Je me sers pas Encore de la totalité de l'appli mais j'aime bien,1,0,0,0,dataset_apia2022,1
"Plus d'1 an que je l'ai sans que les bugs n'aient été corrigés : les réglages rythme cardiaque ne sont pas préservés, l'âge non plus, les résultats des exercices ne sont pas alignés sur les données cœur/âge.",0,1,0,0,dataset_apia2022,1
"A quand l'association des montres connectées Samsung ? On ne peut pas profiter des entraînements si on n'a pas d'objets dans l'environnement huawei, c'est dommage !",1,0,1,0,dataset_apia2022,1
"Il y a eu une mise à jour, et je crois qu'il y a un problème entre le nombre de pas et les calories...il m'invente des pas et du coup des calories perdues aussi... Merci de vérifier. Sinon l'application est top",0,1,0,0,dataset_apia2022,1
Impossible de connecter ma montte fossil,0,1,0,0,dataset_apia2022,1
C'est bien les maj qui fonctionnent,0,0,0,1,dataset_apia2022,1
J'ai de gros problème avec cette application. Mon analyse de sommeil ne se visualise pas... Ça devient une application inutile. Je pense sérieusement de changer avec les produits Xiaomi,0,1,0,0,dataset_apia2022,1
Appli instable.,1,0,0,0,dataset_apia2022,1
Excellente application !,1,0,0,0,dataset_apia2022,1
Fonctionne de nouveau très bien depuis la maj. Fini la longue attente de l'ouverture de l'application.,0,0,0,1,dataset_apia2022,1
Montre pas fiable niveau temps gps et cardiaque!!,0,1,0,0,dataset_apia2022,1
🔝,1,0,0,0,dataset_apia2022,1
C'est pas mal,1,0,0,0,dataset_apia2022,1
Première expérience challenge réussi .Facile à utiliser,1,0,0,1,dataset_apia2022,1
Je n'arrive pas a trouvé la bonne balance pour la synchronisé avec l'application,0,1,0,0,dataset_apia2022,1
L'application fonctionnait très bien avec mon ancien téléphone Galaxy S3 mais impossible de la connecter à mon nouveau téléphone Xiaomi redmi 9C grrrrr,0,1,0,1,dataset_apia2022,1
"Une utilisation quotidienne permettant un suivi régulier de mon activité physique, cette application correspond à ce que j'espérais.",0,0,0,1,dataset_apia2022,1
Impossible de lancer l'application. Band 3 pro inutilisable !,0,1,0,0,dataset_apia2022,1
"Réglages impossible pour retirer le décompte de pas du portable lorsque l'on veux que celui de la montre connectée, résultat des chiffres faux car ça cumul les deux. Très déçu !!",1,1,0,0,dataset_apia2022,1
Tres bonne aide,1,0,0,0,dataset_apia2022,1
Tb,1,0,0,0,dataset_apia2022,1
"Excellent application avec la Huawei Watch GT2, facile a prendre en main et les rapports hebdos et mensuels sont très riches.",1,0,0,1,dataset_apia2022,1
"Excellente appli, sauf la partie cycle menstruel ne fonctionne pas. Comment je dois faire.",1,1,0,0,dataset_apia2022,1
"Reste bloqué sur page de chargement, mais décompte les pas...",0,1,0,0,dataset_apia2022,1
"Impossible de connecter la montre Huawei watch fit B88. L'application refuse de mettre à jour la liste des montres connectées ! Du coup, impossible d'apairer la montre ! Si quelqu'un pouvait m'aider avant que je la ramène où je l'ai achetée...",1,1,0,0,dataset_apia2022,1
Application parfaite dommage que la langue du coach soit en anglais sinon super merci,1,0,1,0,dataset_apia2022,1
je vous le conseille trop bien,1,0,0,0,dataset_apia2022,1
Extra comme appli!,1,0,0,0,dataset_apia2022,1
J'adore cette application elle compte mes pas... Je vous la conseille sans hesiter,1,0,0,1,dataset_apia2022,1
"Ok pour les exercices rando, mais incomplet pour les périodes de sommeil suffisant pour mon utilisation",0,0,1,1,dataset_apia2022,1
Bug : impossible de mettre à jour la liste des montres dans le but de connecter ma Honor Magic watch. L'application m'indique un problème de connexion. Cette fonction fonctionne parfaitement sur l'appli iOS. (Test sur Asus ZenFone 5z). Fonctionne après maj via Appgalery. Dommage que cela ne soit pas plus intuitif.,0,1,0,1,dataset_apia2022,1
"Très bonne application que j utilise beaucoup lors de mes marches ou dans mes footing. Largement suffisante pour des données basiques ( temps, distance, parcours, allure ... )",1,0,0,1,dataset_apia2022,1
Même souci que Fa Style depuis la dernière mise à jour. Application inutilisable.,0,1,0,0,dataset_apia2022,1
Peut mieux faire en proposant le spo2 et la mesure du stress,0,0,1,0,dataset_apia2022,1
Toujours planté. Toujours déconnecté. Bof et re-Bof,0,1,0,0,dataset_apia2022,1
Application simple et pratique,1,0,0,0,dataset_apia2022,1
Coool,1,0,0,0,dataset_apia2022,1
ma montre huawei gt ne supporte pas la langue française,0,0,1,0,dataset_apia2022,1
cool,1,0,0,0,dataset_apia2022,1
Très utile,1,0,0,0,dataset_apia2022,1
L' ancienne version. En km était mieux les pas m'intéresse pas pourquoi faire simple quand on peut faire compliqué....,0,0,1,0,dataset_apia2022,1
"Gros bug , l'application se ferme au bout de 10 secondes , je ne peux pas l'utiliser",0,1,0,0,dataset_apia2022,1
Est ce qu'on peut associer une montre honor/Huawei avec un téléphone samsung ??,0,0,1,0,dataset_apia2022,1
"Bonjour je n'arrive pas à associer ma montre Huawei gt2 avec mon portable car il m'est impossible de trouver l'application, que j'ai pourtant téléchargé, dans les paramètres de mon portable ! Pouvez-vous m'aider ?",0,1,0,0,dataset_apia2022,1
Belle,1,0,0,0,dataset_apia2022,1
"Depuis la dernière MAJ, plusieurs paramètres ne fonctionnent pas",0,1,0,0,dataset_apia2022,1
Il est où le nombre de km mensuel ??? Merci de mettre à jour parce que là c'est inutilisable...,0,0,1,0,dataset_apia2022,1
Trop de temps pour vider la montre,0,0,0,1,dataset_apia2022,1
"Depuis la dernière minute à jour, cela fonctionne très mal. Impossible de voir ses données, obliger de désinstaller donc pertes de toutes les données accumulées. Très déçue.",1,1,0,0,dataset_apia2022,1
An,1,0,0,0,dataset_apia2022,1
Une des meilleures appli d'origine du tel mais depuis maj impossible de l'ouvrir 😡 + perdu toutes les données 😫😒 DÉÇU ! À quand la bonne maj ?,1,1,0,0,dataset_apia2022,1
Bug d'affichage en mode nuit sur Samsung A8 2018. A corriger SVP Merci,0,1,0,0,dataset_apia2022,1
Impossible d'utiliser cette application ?,0,1,0,0,dataset_apia2022,1
Très bon,1,0,0,0,dataset_apia2022,1
"L'app est plutôt bien faite, look & feel vraiment bien. Le vrai pb c'est qu'il n'est possible d'exporter les activités ni GPX, ni transfert Strava.... c'est un vrai manque pour l'utilisation des montres connectées !",1,0,1,0,dataset_apia2022,1
"Très bien sur la fiabilité GPS et toutes les indications nécessaires à un sportif amateur. Néanmoins, à quand la compatibilité avec Strava ?",0,0,1,1,dataset_apia2022,1
Je l'ai toujours utilisé mais aujourd'hui surprise impossible de se connecter demande de procéder a une mise a jour qui n'est pas disponible.,0,1,0,0,dataset_apia2022,1
Parfait pour connaître l'effort fourni !!,1,0,0,0,dataset_apia2022,1
L'application ne montre plus le parcours effectué avril 2021 😟Au 17septembre toujours les mêmes problèmes.Parcours ne s'affiche pas où à moitié,0,1,0,0,dataset_apia2022,1
"Bonjour, impossible de connecter la watch gt 3 . . Application déjà à jour pourtant.",0,1,0,0,dataset_apia2022,1
j'aime,1,0,0,0,dataset_apia2022,1
l'onglet pour installer des applis sur ma montre ne s'affiche pas donc je ne peux pas avoir d'applications,0,1,0,0,dataset_apia2022,1
💯,1,0,0,0,dataset_apia2022,1
"Une mise a jour et hop 7 mois de perdu ! J'ai eu ma montre le 3 janvier 2021 et à ce jour, je n'ai que Août 2021 de sauvegarder ! Merci de remettre mes archives !",0,1,0,0,dataset_apia2022,1
Impossible de l installer,0,1,0,0,dataset_apia2022,1
Plus possible de changer les cadrans de mon bracelet connecté Honor band 5 😔,0,1,0,0,dataset_apia2022,1
Pourquoi les Cadrans ne marchent plus ?,0,1,0,0,dataset_apia2022,1
"Marche pas avec pokemon go..,",0,1,0,0,dataset_apia2022,1
I don't think the GPS is accurate,0,1,0,0,dataset_apia2022,1
"Pas de synthèse des activités. Trop peu de pratiques proposées ( vélo elliptique, tapis de marche). Peut mieux faire !",0,0,1,0,dataset_apia2022,1
Très bonne application pour le suivi des activités journalière,1,0,0,0,dataset_apia2022,1
Trop bien et en plus la montre elle se charge vite (sa a rien à voir avec l'appli mais c'est pas grv) 😂,1,0,0,1,dataset_apia2022,1
"La montre band 2 pro ne mesure toujours pas la distance ou le nombre de longueurs en natation !  C'est un gros manque sur cette montre, alors que des montres moins chères le proposent maintenant...",0,0,1,0,dataset_apia2022,1
Il faudrait que l'application fonctionne en arrière plan même lorsqu'elle est fermé. En gros utiliser le système comme transfert des données pour évité l'application elle même fonctionner et prendre de la batterie. Juste mettre la notification des pas tout le temps dans les notifications rapide même lorsque l'application est fermé.,0,0,1,0,dataset_apia2022,1
Best application,1,0,0,0,dataset_apia2022,1
"Dommage que l'on ne puisse pas transférer vers strava, etc :/, ou alors je n'ai pas trouvé....Il faut absolument que cela soit connectable avec les autres applications de sport pour que votre produit soit encore plus compétitif.... Toujours pas d'exportations de données.....il n'est pourtant pas compliqué de créer une option pour faire des fichier tcx ou GPx..même un stagiaire peut le faire alors faites le..merci d'avance. Finalement je renvoie le matériel vous venez de perdre un client",0,0,1,0,dataset_apia2022,1
Très satisfaisant,1,0,0,0,dataset_apia2022,1
Fonctionne uniquement lorsque ça veut fonctionner.,0,1,0,0,dataset_apia2022,1
Très bonne application Vraiment rien à dire !!!!!,1,0,0,0,dataset_apia2022,1
L'application est top juste le gps qui n'est pas forcément très précis,1,1,0,0,dataset_apia2022,1
Discret c bien,1,0,0,0,dataset_apia2022,1
"Plutôt bonne je viens juste de l'avoir, il faut encore que je la prenne en main",1,0,0,1,dataset_apia2022,1
Cette appli est vraiment bien c'est très rapide de regarder sa nuit de sommeil ou c'est batement de coeur de la journée en plus cette appli est vraiment bien détaillé. Je vous la conseil !!,1,0,0,1,dataset_apia2022,1
Ça bug sur mon infinix 650c donc difficultés de profiter de ma Huawei band 6,0,1,0,0,dataset_apia2022,1
Facile à utiliser.,1,0,0,0,dataset_apia2022,1
"Très bonne application,cependant ne fonctionne pas sur un Samsung sous Android 10,le téléphone n'est pas compatible ou une mise à jour va être faite pour le fonctionnement de l'application",0,1,0,0,dataset_apia2022,1
J'adore cette application ❤️ ⚠️ Pour se servir de cet application vous avez obligatoirement besoin d'une montre Huawei !!! ▪️L'info sur le cœur et noté en tant réelle et si votre cœur bat trop haut là montre connecter se met à sonner. ▪️Le Sommeil note toutes n'autre nuits jusqu'au réveil matin (si on ce repose l'après-midi moins de 3h ça nous l'écris en tant que Sieste). ▪️Après l'application dispose de plein d'autres fonctions voilà etc....,1,0,0,1,dataset_apia2022,1
1 ère expérience super !,1,0,0,0,dataset_apia2022,1
Beaucoup trop de contenus non traduit en français.,0,0,1,0,dataset_apia2022,1
Impossible de mettre à jour la liste des montres disponibles pour l'apairrage !!! 😡🤬😡🤬😡🤬,0,1,0,0,dataset_apia2022,1
L'application ne répond plus depuis début mai,0,1,0,0,dataset_apia2022,1
Pas écrit en français j ai du mal a me connecter,0,0,1,0,dataset_apia2022,1
"Pratique pour le quotidien, mais pour une pratique sportive régulière à voir ! Cela reste pour le prix une montre pratique pour le quotidien même si l'affichage montre est écrit très petit il vaut mieux regarder directement via l'application !",0,0,0,1,dataset_apia2022,1
"Les distance en course extérieur sont dorénavant fausse, depuis la dernière mise à jour. Très déçu car je trouvais l'application pas mal du tout, lorsque le décompte était juste !",1,1,0,0,dataset_apia2022,1
Merci beaucoup,1,0,0,0,dataset_apia2022,1
J'enlève une étoile car j' ai dut le désinstaller puis le réinstaller suite à la dernière mise à jour pour récupérer mes données. Sinon rien a dire sur l'application,1,1,0,0,dataset_apia2022,1
Ne fonctionne plus correctement prend plus les mesure c est x4,0,1,0,0,dataset_apia2022,1
Impossible de réinstaller mon bracelet huawei honor band 5 depuis le mise à jour :/ car MAJ de la liste des bracelets est impossible même après plusieurs tentatives.,0,1,0,0,dataset_apia2022,1
Fonctionne bien sauf le rapport sommeil des que l'on est couché il considère que l'on dort dommage car le reste et au top,1,1,0,0,dataset_apia2022,1
Je me sers de l'application seulement pour les randonnées,0,0,0,1,dataset_apia2022,1
"bonjour, je n'arrive pas à connecter mon bracelet Huawei Band 4 Pro avec mon samsung A8. Pas de M.AJ. de bracelets et échec à la coknnexion réseau. D'avance merci",0,1,0,0,dataset_apia2022,1
J'ai également le même problème l'application Huawei health se referme en me demandant de télécharger la mise à jour 4.0.0 comment faire pour résoudre le problème,0,1,0,0,dataset_apia2022,1
"Avec l'ajout du suivi menstruel on atteint plus de fonctionnalités que la charge 4 de fitbit pour le même prix, à quand le suivi des repas dans l'app ?",0,0,1,1,dataset_apia2022,1
Plus rien fonctionne dans l'application depuis la dernière mise à jour.,0,1,0,0,dataset_apia2022,1
Le fonctionnent est correct avec mon Honor 6X.,0,0,0,1,dataset_apia2022,1
"Lors d'une déconnexion de la liaison BT mon honor 5 ne se reconnecte pas seul, obligé de faire connecter dans appareil, c'est pénible car on perd les notifications.",0,1,0,0,dataset_apia2022,1
"Bonjour aux équipes Huawei ! Y a t'il un problème avec Google Map ?, le tracé de ma course ne fonctionne plus, le kilométrage est erroné, sous estimé. L'appli me dit que la recherche du gps est en cours mais ne le trouve jamais.",0,1,0,0,dataset_apia2022,1
Elle est juste bien !,1,0,0,0,dataset_apia2022,1
Cet apli est super bien et surtout pour les sportif sinon se bien,1,0,0,1,dataset_apia2022,1
Très content de l'application que j'utilise avec un bracelet Huawei Band 3 Pro (dont je suis également content). Seul deux petits regrets; le pourcentage de la batterie diminue par tranche de 10% et il n'est pas possible d'afficher ce pourcentage sur le bracelet.,1,0,1,1,dataset_apia2022,1
Très bonne application. Utilisée avec Huwaei watch fit c'est un compagnon idéal pour le sport !,1,0,0,1,dataset_apia2022,1
Impossible d'installer sur honor 50,0,1,0,0,dataset_apia2022,1
"Bonjour, Super application. Cdlt.",1,0,0,0,dataset_apia2022,1
Décevant ....ne reconnaît pas ma montre Huawei sur redmi note 5G,0,1,0,0,dataset_apia2022,1
"Je trouve ça excellent parce qu'une application qui détermine tout rythme de votre corps, c'est extraordinaire. Mais il faut ramener le GPS pour qu'on puisse localiser le lieu où on est",1,0,1,1,dataset_apia2022,1
Le principal est là.,1,0,0,0,dataset_apia2022,1
Je ne peux plus personnalisé mon cadran avec des photos de la galerie.,0,0,1,0,dataset_apia2022,1
Très bien 🤗,1,0,0,0,dataset_apia2022,1
"je viens d'avoir le bracelet Huawei bande 4 pro.Tout fonctionne très bien avec xperia xz1. Je trouve cette application très bien ,tout aussi bien que le bracelet.",1,0,0,1,dataset_apia2022,1
"Je l'ai désinstallée puis j'ai tenté de la réinstaller mais c'est systématiquement refusé, aucun moyen de la réinstaller alors que j'ai un téléphone Honor",0,1,0,0,dataset_apia2022,1
SMS ne viennent pas très nul,1,1,0,0,dataset_apia2022,1
Je viens d'acheter lebracelet Bande 4e et l'application ne le trouve pas ....grrr,0,1,0,0,dataset_apia2022,1
"Je viens de recevoir ma montre Hiawei band 6 et il est impossible de la connecter à Huawei health. L'application trouve bien la montre mais en appuyant sur ""Associer"" il ne se passe absolument rien. L'application réfléchi puis me remontre la même page pour associer la montre. Je renvoie ma montre ou est-ce-que ce problème sera résolu ???",0,1,0,0,dataset_apia2022,1
Depuis la derniere mise a jour android de mon tel les deux app ne fonctionne plus health et huawei service j esper qu il vont vite corriger sa,0,1,0,0,dataset_apia2022,1
Parfair cool,1,0,0,0,dataset_apia2022,1
Bonjour. Depuis une semaine il me manque toutes les données de juin à fin août.... Bizarre???,0,1,0,0,dataset_apia2022,1
"Même problème que beaucoup, application bloquée, j'ai beau désinstaller et installer à nouveau l'application, le problème subsiste. Comment remédier au problème ? Merci",0,1,0,0,dataset_apia2022,1
Kilométrages faux,0,1,0,0,dataset_apia2022,1
"Changement de téléphone (Xiaomi 11T )et plus d'obturateur photo , ni la possibilité de retrouver mon téléphone depuis la montre ,etc...Je vais changer de montre et passer chez Garmin . Déçu, j'aimais bien Huawei.",1,1,0,0,dataset_apia2022,1
Sua coche 🧡,1,0,0,0,dataset_apia2022,1
"Je ne sais pas pourquoi le commentaire précédent dit que c'est tout en anglais. Pour ma part, c'est tout en français !",0,0,0,1,dataset_apia2022,1
Il serait peut-être temps de mettre à jour...,0,0,1,0,dataset_apia2022,1
Très bien mais du mal à connecter ma montre car il faut d'abord la connecter au bloutooch mais sans ça elle est parfaite !,1,1,0,0,dataset_apia2022,1
Je viens de mettre l'application à jour et la synchronisation pour le sommeil refonctionne... Ouf !,0,0,0,1,dataset_apia2022,1
Bonne appli fonctionne très bien pour l'instant ....,1,0,0,0,dataset_apia2022,1
Meilleur,1,0,0,0,dataset_apia2022,1
Le calcul des km parcourus n'est pas fait correctement sur cette application (+montre connectée),0,1,0,0,dataset_apia2022,1
Excellent application mais une version française serait la bienvenue,1,0,1,0,dataset_apia2022,1
"Dans le bon sens, je rencontre parfois des problèmes de reconnaissance Spotify",0,1,0,0,dataset_apia2022,1
"Depuis la dernière mise à jour, je ne reçois pas toutes les notifications pour les sms.",0,1,0,0,dataset_apia2022,1
Excellent je recommande !,1,0,0,0,dataset_apia2022,1
Slm,1,0,0,0,dataset_apia2022,1
L'export des données (vers Strava ou simplement . GPX) est impossible. Sinon correcte,0,0,1,0,dataset_apia2022,1
"Mise à jour 26/10/19: le problème de déconnexion BT est réglé :-) mise à jour 18/05/19 : depuis la dernière maj, si on ferme l'appli la watch GT se déconnecte !!. Avis au developpeur : je mettrais 5* lorsqu'on pourra ajouter ses repas (compteur de calories) et quand la balance PICOOC Mini sera également ajoutée à liste des accessoires. La liste des exercices est aussi à étoffer (en salle comme en extérieur). connectée à ma Watch GT, j'adore cette appli !",1,1,1,0,dataset_apia2022,1
Mise à jour aléatoire On perd des données d'entraînement. Absence de prise en compte cdes dénivelés. Décevant.,0,1,0,0,dataset_apia2022,1
Impossible d'ouvrir l'application depuis plusieurs jours,0,1,0,0,dataset_apia2022,1
Nul ne fonctionne pas,1,0,0,0,dataset_apia2022,1
Impossible de télécharger l'application.. J'ai un honor band 6 qui du coup je ne peux pas l'utiliser,0,1,0,0,dataset_apia2022,1
"Parmis toutes les montre que j'ai ,C'est une belle montre connecté et performante je vous la recommande 👍🙂",1,0,0,1,dataset_apia2022,1
"L'application est bien mais pourrait être amélioré. J'ai le bracelet Huawei Band pro 4 et au niveau des données du sommeil il enregistre des sieste alors que ce n'est pas le cas, pareil pour l'endormissement et on a aucune possibilité d'effacer une sieste qui n'en était pas une ni de décaler l'heure du coucher. Concernant les sports proposés il en manque pas mal, je fais du fitness et je suis obligé de mettre en activité libre. Ya un onglet fitness mais on ne peut pas l'utiliser ni l'ajouter",1,1,1,0,dataset_apia2022,1
"Bonne application mais aurait besoin d'un peu plus de détails, il y manque lien entre le rythme cardiaque et le parcours. Il y manque aussi un avertissement dès l'approche d'un rythme cardiaque trop élevé. Pour le reste je suis satisfait de l'achat de ma Huawei watch gt 2. S'il vous plaît faire les modifications sur l'application serait vraiment cool.",1,0,1,0,dataset_apia2022,1
C'est impossible de se connecter depuis deux jours,0,1,0,0,dataset_apia2022,1
Ne reconnaît plus ma watch GT 2,0,1,0,0,dataset_apia2022,1
Superbe application pour aide à une hygiène de vie,0,0,0,1,dataset_apia2022,1
"Gros default : impossible de désactiver le compteur de pas sur l'application du téléphone. Les pas comptes par la montre et par l'application sont donc additionnés, ce qui fausse le tout... Il est donc nécessaire d'installer l'application sur un autre device qu'on va laissé sagement à la maison pour que cela n'arrive pas. ----- 16/10/2020. Toujours pas de changement malgré les updates. Frustrant",0,1,0,0,dataset_apia2022,1
Ne fonctionne pas avec Android 10,0,1,0,0,dataset_apia2022,1
4 étoiles car l'application ne fait pas la distinction entre Marcher et être en VOITURE . Sinon bonne application continuer comme ça .,1,1,0,0,dataset_apia2022,1
👌👌,1,0,0,0,dataset_apia2022,1
"L'appli mériterait une petite mise à jour. J'ai acheté une watch huawei et je l'ai connectée à l'appli. Le premier jour tout fonctionnait très bien. Les jours suivant le compteur de pas s'est bloqué à 10024 pas. Même le matin au réveil. Pas de remise à zéro dans la nuit. J'ai compris que le problème venait du portable, pas de la montre. Dommage de ne pas avoir la possibilité de choisir entre le compteur de la montre ou celui du téléphone en cas de problème. Surtout que l'option existait avant.",0,1,0,0,dataset_apia2022,1
Une bonne application qui fait son jobs.,1,0,0,0,dataset_apia2022,1
Impossible de connecter ma montre a mon téléphone,0,1,0,0,dataset_apia2022,1
Sympa et efficace,1,0,0,0,dataset_apia2022,1
"Convient à mes attentes , seule bémol on voit pas combien on perd de calories pendant un rapport sexuelle .",1,0,1,0,dataset_apia2022,1
Fonctionne très mal La montre ce deconnecte a chaque fois il faut que je laisse l'appli ouverte a chaque fois sur mon Xiaomi 11t 5g,0,1,0,0,dataset_apia2022,1
Peu mieux faire au niveau de l interface que des types d excercices qui sont très limitéd,0,0,1,0,dataset_apia2022,1
Depuis la mise à jour je n'arrive pas à changer mes cadrans de montre sur l'application,0,1,0,0,dataset_apia2022,1
"Il ne manque rien ! Très complète...pour les principaux sports pratiqués... gère très bien l'économie de la batterie et avec toutes les personnalisations de l'écran, cette application mérite 5 étoiles ! (Téléphone ASUS ZENPHONE 5 ANDROID 10). Bravo aux développeurs 👍👌👍",1,0,0,1,dataset_apia2022,1
Impossible de mettre à jour l'application pour trouver ma huawei band 4,0,1,0,0,dataset_apia2022,1
Good application,1,0,0,0,dataset_apia2022,1
Null,1,0,0,0,dataset_apia2022,1
"Cela est une super application compète concernant le suivie d'activité, le sport, le sommeil. Cependant depuis plusieurs jours, si nous n'effectuons pas une actualisation manuelle, nous perdons nos données de suivie du sommeil. Je trouve regrettable que cela ne se fasse pas automatiquement.",0,1,0,1,dataset_apia2022,1
"Très bonne application ! Possibilité de choisir elliptique comme entraînement, tous ne le font pas ! Et les rapport de sommeil sont très complets !",1,0,0,1,dataset_apia2022,1
Huawei watch 2 GT 2 e application fonctionne nikel hors mi si dans la nuit le téléphone et pas brancher le someil charge très bien sûr la montre d'ailleurs ces fou comme sa détecte bien le someil le réveil et tous impressionnante cette montre et la dernière mise à jour j'aime encore svp le soleil la lune les marées j'en veux plus via cette application j'aimerais qu'on puise y accéder sa serait cool voir même ce créés nos propre cadran,0,0,1,1,dataset_apia2022,1
Avant cette application été mieux merci de le rendre comme avant,0,0,1,0,dataset_apia2022,1
"Bel interface mais déçu, depuis la mise à jour , je ne peux plus acheter de cadran..on me demande d installer HMS CORE , je l ai fais une fois , après ça je ne pouvais plus connecter mon compte .. tout désinstaller et tout réinstaller avec la mise à jour et maintenat, HMS CORE, introuvable sur le play store.. une solution ?",1,1,0,0,dataset_apia2022,1
le système de médaille d'accomplissement ne fonctionne pas. Sinon bonne appli,1,1,0,0,dataset_apia2022,1
Dommage l application ne fonctionne plus et pas de réponse du service client...,0,1,0,0,dataset_apia2022,1
N enregistre pas les statistiques de mes marches.,0,1,0,0,dataset_apia2022,1
😐😚😚😚😐,1,0,0,0,dataset_apia2022,1
Manque beaucoup d'applications qui sont utile sur les gear s3 qui coûte maintenant 120€ tel que juste un calendrier ou N'de semaine pratique pour le travail,0,0,1,0,dataset_apia2022,1
Très bonne application fonctionne parfaitement avec mon huawei P30 lite,1,0,0,1,dataset_apia2022,1
Il ne faut surtout pas acheter des tel huawei au maroc Aucun service fonctionne Il n'y a pas huawei id au Maroc,0,0,1,0,dataset_apia2022,1
"Petit problème avec le calcul du sommeil, après un réveil prolongé dans la nuit, le reste de la nuit est compté comme une ""sieste"". Ce problème fait baisser ma moyenne quotidienne de sommeil. J'espère que ce problème sera réglé rapidement...",0,1,0,0,dataset_apia2022,1
Bon technologie,1,0,0,0,dataset_apia2022,1
"Exercice., pas de vélo électrique",0,0,1,0,dataset_apia2022,1
"Depuis la dernière maj de l appli, ma montre Huawei watch GT b88 n est plus reconnue. Je n' ai plus l heure suite à une réinitialisation. Deception",0,1,0,0,dataset_apia2022,1
"Depuis environ une semaine, bug sur le sommeil, ma montre indique par exemple 8h de sommeil mais l'appli ne mentionne que les siestes.",0,1,0,0,dataset_apia2022,1
"Très bien sauf qu'en connectant m'a montré honor band 4 à mon téléphone redmi Xiaomi l'activité vélo en exterieur n'apparaît pas alors que la même montre de ma mère qui ai par contre connecter a huawai la, ça apparait...",1,1,0,0,dataset_apia2022,1
Application très compléte pour le sport⚽🏀🏈⚾ Je recommande 👍,1,0,0,1,dataset_apia2022,1
Pourquoi faut il activer le gps pour se connecter au bracelet? Ceci est demandé depuis la dernière mise à jour. Le decompte du someil est toujours erroné.,0,1,1,0,dataset_apia2022,1
"Facile d'utilisation, on a toute les Infos et plus encore. Zero faute",1,0,0,1,dataset_apia2022,1
"Utilisé en ce moment pour du vélo d'intérieur mais les stats n'apparaissent nulle part. Aussi je dois parfois rebooter la montre (GT2) depuis le dernier fw car le rythme cardiaque affiché devient n'importe quoi (plus de 200bpm en début d'exercice par ex, tombe à une valeur normale après reboot), merci de corriger ce problème rapidement.",0,1,0,0,dataset_apia2022,1
Fonctionne parfaitement sur mon OnePlus 5 depuis la dernière mise à jour.,0,0,0,1,dataset_apia2022,1
Impossible d associer ma.montre,0,1,0,0,dataset_apia2022,1
Mes entraînements ne s'enregistrent plus donc je n'ai plus d'historique et aucune mise à jour pour régler ce problème.,0,1,0,0,dataset_apia2022,1
"Bonne application, mais malheureusement tout n'est pas en français....",1,0,1,0,dataset_apia2022,1
Bonne application complète,1,0,0,0,dataset_apia2022,1
"Depuis la dernière mise à jour ça dysfonctionne sérieusement ! Synchronisation très partielle des données de mon Huawei Band 2 (seulement les pas enregistrés dans la journée mais pas ceux des jours précédents, aucune synchro des données d'activité ou de sommeil), mise à jour du firmware impossible (toujours en échec malgré reset usine). Bref, seulement 6 mois de fonctionnement correct c'est abusé !",0,1,0,0,dataset_apia2022,1
Obligé de supprimer les données de temps en temps sinon l' application se bloque et du coup on perd tout l historique 😡,0,1,0,0,dataset_apia2022,1
"Pas de connexion,pas de synchronisation il y a seulement la décoration .montre de rien de tout voilà",0,1,0,0,dataset_apia2022,1
Fonctionne parfaitement enregistrements des parcours nickel,1,0,0,1,dataset_apia2022,1
Parfait !,1,0,0,0,dataset_apia2022,1
Très efficace,1,0,0,0,dataset_apia2022,1
Se synchronise mal avec ma montre.,0,1,0,0,dataset_apia2022,1
Synchro INTERMINABLE!!! 10 minutes pour synchroniser une nuit ! Changer les programmeurs !!,0,1,0,0,dataset_apia2022,1
Impossible de me connecter demande sans cesse de mettre HMS cors en arrière plan ce que je ai fait mais je n' arrive toujours pas à me connecter Comment faire,0,1,0,0,dataset_apia2022,1
"Cette application est très pratique, mais ça se bloque beaucoup et ça c'est désagréable.. Et aussi quand j'ai connecté mon bracelet ça ne marchés plus....... 😒",1,1,0,0,dataset_apia2022,1
Utilisation facile et intuitive.,1,0,0,0,dataset_apia2022,1
Update : un correctif est disponible via App Gallery de Huawei. Il permet de resynchroniser les temps de sommeil. Ça fonctionne nickel.,0,0,0,1,dataset_apia2022,1
A quand des notifications et coach vocal en langue Française ???? Sinon le reste de l'application est très bien faite dans l'ensemble !,1,0,1,0,dataset_apia2022,1
Les minutes ne sont pas comptées...,0,1,0,0,dataset_apia2022,1
Impossible de connecter ma montre gt2e à l'application sur Samsung s7 car la liste de se met pas à jour !!!,0,1,0,0,dataset_apia2022,1
"L'application est très bien, mais j'ai de gros problèmes de synchronisation depuis mon changement de téléphone",1,1,0,0,dataset_apia2022,1
Bidon totalement,1,0,0,0,dataset_apia2022,1
Application simple à utiliser. Nombreux cadrans gratuits pour ma montre GT 2 pro. Graphique d'activité clair et facile à partager.,1,0,0,1,dataset_apia2022,1
Je n'arrive pas à ouvrir l'application même en ayant installer Huawei mobile services et quand je clique sur instruction jai une page blanche,0,1,0,0,dataset_apia2022,1
Nul a chié,1,0,0,0,dataset_apia2022,1
Très bonne application 👌,1,0,0,0,dataset_apia2022,1
Super appli pour le spoet,1,0,0,0,dataset_apia2022,1
"Le rythme cardiaque ne fonctionne pas et l' application se ferme toute seule, pour le rythme cardiaque merci d' avoir une réponse",0,1,0,0,dataset_apia2022,1
super application. efficace. simple.,1,0,0,0,dataset_apia2022,1
Bonne application stimule à faire de l exercice,1,0,0,1,dataset_apia2022,1
"Depuis mises à jour, l'appli se déconnecte 🥴",0,1,0,0,dataset_apia2022,1
Génial pour randonnée.,0,0,0,1,dataset_apia2022,1
Appli qui ne fonctionne pas sur Xiaomi note 10 lite,0,1,0,0,dataset_apia2022,1
"Pas de problème, fonctionne très bien sur Galaxy note 10 plus",0,0,0,1,dataset_apia2022,1
"Ça été mieux avant la dernière mise a jour,je ne trouve plus le mode vélo à l extérieur sur le bracelet.......!!!!!!!!",0,1,0,1,dataset_apia2022,1
Ça fait quelques années que je l'utilise mais niveau exercices d'intérieur c'est de pire en pire faire du vélo d'appartement 1h et avoir 1 min d'entraînement et le reste à zéro euh et aujourd'hui il n'y a plus cette fonction lol,0,1,0,1,dataset_apia2022,1
Dommage que la connexion 4g soit indispensable pour fonctionner.,0,0,1,0,dataset_apia2022,1
super application 👍programme d entraînement running super mais application capricieuse avec Xiaomi le gps se perd completement et la mise a jour impossible a faire 😰,1,1,0,0,dataset_apia2022,1
Je ne sais pas comment prendre le rythme cardiaque. Rien ne s'inscrit.,0,1,0,0,dataset_apia2022,1
Elle fait le job.  Je l'ai associée avec la montre huawei sport watch.  Bémol par rapport aux phases de sommeil non modifiables quand on regarde la tv par exemple ça compte une sieste.  En dehors de ça je n'ai pas relevé de dysfonctionnement. Un plus serait de pouvoir accéder à son profil via un site si on n'a pas envie de rester plonger sur son téléphone.,0,0,1,1,dataset_apia2022,1
C est nul . Rien ne marche,1,0,0,0,dataset_apia2022,1
Amateurs. It was my last huawey product,1,0,0,0,dataset_apia2022,1
Mon bracelet Honor band 5 ne fonctionne pas avec mon application. J'ai un Huawei p30 Lite... Je ne comprend pas.,0,1,0,0,dataset_apia2022,1
Top !!!!!,1,0,0,0,dataset_apia2022,1
Des bug sur le suivi du poids. Écran de saisie bloqué..,0,1,0,0,dataset_apia2022,1
"Bien adapté pour des coureurs non confirmés, seul bémol l appli ne prend ni en compte le nivellement de terrain ni la météo qui forcément dans les 2 cas changent la performance de l utilisateur.",0,0,1,1,dataset_apia2022,1
L'appli n'a pas pris en compte mes déplacements en course à pied. Sur le mois écoulé il n'y a que 4 jours où mes pas ont été comptabilisés,0,1,0,0,dataset_apia2022,1
Mise à jour indisponible sur le playstore et celle du site ne fonctionne pas sur mon téléphone...,0,1,0,0,dataset_apia2022,1
Plus rien ne fonctionne depuis la dernière mise à jour.,0,1,0,0,dataset_apia2022,1
Ah quand la voix en Français ???🤔😣 Sinon rien a dire j'adore cette application.,1,0,1,0,dataset_apia2022,1
Ça va être compliqué de trouver plus complet que ça,1,0,0,0,dataset_apia2022,1
"Dommage la montre vous parle en anglais quand on choisit la langue française 😓 ...et trouver mon téléphone marche une fois sur trois pour parler aussi en anglais ""I'am here"".. lol Trop chiant pour mettre de la musique ... Mais sinon elle fait son job repéré bien votre activité , gps parfait , compte de pas au top même la montre dans la poche au boulot ...au prix de la montre on pourrait avoir tout les cadrans gratuit quand même 😤",0,0,1,1,dataset_apia2022,1
Bonne expérience globale pour le sport. Infos dans l ensemble fiable. Peut être un peu moins pour la partie sommeil..? La watch gt est un bon outil avec cette appli,0,0,0,1,dataset_apia2022,1
"Où est la version 11 ? J'achète la gt2 pro pour le spo2 continu, je mets à jours la montre, mais la fonction n'est pas disponible dans l'application car il faut la version 11 et il n'y a que la 10 sur le store ?",0,0,1,0,dataset_apia2022,1
c est géniale,1,0,0,0,dataset_apia2022,1
"Cette appli fonctionnait très bien avec les GMS avec la version Android jusqu'à maintenant et donc pourquoi forcer subitement l'installation des HMS et de l'Huawei Store sur mon Galaxy Note ??? Cela ne fait qu'allourdir inutilement mon smartphone en plus d'avoir plus de la moitié de l'appli en Chinois, et je ne parle même pas de toutes les pubs trop envahissantes ! Donc, je vire l'appli ainsi que de la montre. Plus jamais je n'achèterai de produits Huawei !!!",0,0,1,1,dataset_apia2022,1
Top j'ai une montre en + alors elle me sert,1,0,0,0,dataset_apia2022,1
Bonjour j ai la montre Huawei 3 pro je l ai programmé je n ai pas le rythme cardiaque j ai la casse mais rien d affiché et la casse stress me dit de mettre un appareil pris en charge quelqu'un peu m aidé merci,0,1,0,0,dataset_apia2022,1
Super😁,1,0,0,0,dataset_apia2022,1
Bon application qui fonctionne bien avec ma montre watch Gt2 mais impossible de synchroniser avec google fit. Si quelqu'un a la solution...,1,0,1,0,dataset_apia2022,1
Comment fait on pour acheter un cadran payant ? J'ai eu un mal fou à connecter ma watch gt2e et je ne peux installer que les écrans gratuits. Je suis sur Android. L'appli me demande de contacter les développeurs... Quelqu'un a-t-il une solution ?,0,1,0,0,dataset_apia2022,1
"Ne fonctionne plus, installer version 4.00",0,1,0,0,dataset_apia2022,1
dommage de ne pas avoir plus de details sur les exercices et je confirme un commentaire le comptage des pas n est pas du tout realiste et en plus incohérence entre le page orange de l'accueil et la page de la montre de plus les activites declenchees sur la montre ne sont pas reprises dans le journal des activités j espere une mise a jour pour corriger tous ces problèmes,0,1,1,0,dataset_apia2022,1
"Comme le commentaire précédent, je trouve l'application presque parfaite... Si ce n'est le même soucis de connection impossible avec la balance scale 3. J'espère que je bug sera rapidement réparé, car c'est dommage d'avoir un produit et de ne pas pouvoir utiliser tout son potentiel.",1,1,0,0,dataset_apia2022,1
Impossible de mettre la langue française dans les applications de randonnées etc...,0,0,1,0,dataset_apia2022,1
En attente de la compatibilité avec STRAVA,0,0,1,0,dataset_apia2022,1
"J'utilise cette application depuis le début. Elle était top. Je viens de changer de téléphone pour un Oppo et l'application ne me reconnais plus la montre (Huawei gt2e) 😭 une solution vite !!!!! Quand je veux la connecter l'application me dit de mettre à jour, mais pas de bouton ""mise à jour""",1,1,0,0,dataset_apia2022,1
"Je n' arrive pas à connecter mon Huawei watch sur mon tél Oppo, solution???",0,1,0,0,dataset_apia2022,1
Application tres pratique,1,0,0,0,dataset_apia2022,1
Il manque juste le suivi de la course en français !!!,0,0,1,0,dataset_apia2022,1
"Impossible de connecter mon bracelet honor band 5i à mon smartphone Oppo Find X2 lite Le bracelet Honor Band 5i n est pas dans la liste des accessoires sur l application, impossible donc d établir la connexion J ai donc un bracelet qui ne sert à rien !!!",0,1,0,0,dataset_apia2022,1
Problème avec la sieste...,0,1,0,0,dataset_apia2022,1
Imperméable,1,0,0,0,dataset_apia2022,1
"Application correcte. Cela dit, pour dépenser de l'argent en achetant des nouveaux cadrans, pas de problème... Application bloquée pour ne pas pouvoir installer les très nombreux cadrans gratuits disponible sur le net. Et pour avoir le coaching sportif en Français (info kilométrique, battement cardiaque..... ) malgré les nombreuses demandes sur les forums depuis la sortie de la montre... huawei fait la sourde oreille.",1,0,1,0,dataset_apia2022,1
Plein d info,1,0,0,0,dataset_apia2022,1
Tout fonctionnait bien et depuis hier impossible d'associer mon bracelet band 4 pro avec mon Samsung s9.,1,1,0,0,dataset_apia2022,1
"Très déçu, depuis la mise à jour, obligé de désinstaller puis réinstaller tous les 3 jours !!!!",1,1,0,0,dataset_apia2022,1
C honteux d'acheter une montre qu'on ne peux pas relier sur l'application qui fait que de beuger (impossible de mettre à jour la liste des appareils) c vraiment n'importe quoi !,0,1,0,0,dataset_apia2022,1
"Bien jusqu'à la dernière mise à jour, depuis le bracelet band pro 3 huawei n'est plus reconnu, malgré la relance du bracelet et sa reinitialisation Une solution ? Cela devient pénible de ne rien pouvoir faire",0,1,0,0,dataset_apia2022,1
Application ne fonctionne plus et impossible de la réinstaller ! Donc plus possible de connecter mon huaweï band 4😕😖😖😖😖😖,0,1,0,0,dataset_apia2022,1
"Très déçu par l'application qui ne permet pas d'exporter ses données (gpx, ...)",1,0,1,0,dataset_apia2022,1
"Cette application est bien mais je trouve qu'il est dommage qu'elle ne propose pas plus sport. Il n'y a que course, marche, cyclisme et nage.",1,0,1,0,dataset_apia2022,1
5 étoiles quand les applications de sport seront en français,1,0,1,0,dataset_apia2022,1
Bien mais des fois l'appli bug elle peut même ne pas compter les pas pendant une journée,0,1,0,0,dataset_apia2022,1
"Vraiment bien 👍cette application est simple , facile à comprendre , les informations sont précises et précieuses pour se remettre à une activité physique. Peut être pas idéale pour des grands sportifs, quoique... En tout cas pour mon usage, c'est parfait. Ne plante pas , le seul bémol est sur l'appairage avec la montre connectée, mais il semble que cela se passe beaucoup mieux sur mon nouveau portable Motorola ( donc le problème vie t sûrement plus de la multitude de modèles de portables)",1,1,0,1,dataset_apia2022,1
"Bonne application, données stat suffisantes pour se préparer.",1,0,0,1,dataset_apia2022,1
Impossible de l'installation sur mon Rémi 9 pro.,0,1,0,0,dataset_apia2022,1
"ne fonctionne plus avec mon autre montre connectée,impossible de l associer.",0,1,0,0,dataset_apia2022,1
"Très instructif, j'adore",1,0,0,0,dataset_apia2022,1
"J ai acquis un band pro 4 pour notamment suivre mon sommeil, hélas la détection du début ne se fait pas correctement, en effet si je regarde la télé certaines fois c est détecté comme sommeil. Je sais les programmes sont parfois assommant mais non je ne dors pas malgré un rythme cardiaque bas et peu d activités. Impossible de corriger le début du cycle dommage. Après la détection des sports n est pas très fiable, dommage aussi.",1,1,0,0,dataset_apia2022,1
J'ai kiffer,1,0,0,0,dataset_apia2022,1
Très bonne application pour suivre les évolutions sportives !!,1,0,0,1,dataset_apia2022,1
Ne fonctionne plus depuis la dernière mise à jour. J'ai essayé de le réinstaller et maintenant reste sur la page d'accueil..,0,1,0,0,dataset_apia2022,1
Bonjour est ce normal que je n'ai pas de notification avec ma montre watch GT 2 lorsque je connecter mon xaomi Poco m3??,0,1,0,0,dataset_apia2022,1
"Le système est occupé ( 0543730 ) quand j'essaie de l'appareiller à santé ? Pourquoi et j'ai tout essayé en réinitialiser, redémarré, mise à jour téléphone et montre rien à faire.",0,1,0,0,dataset_apia2022,1
Je l'utilise depuis peu mais j'aime beaucoup.,1,0,0,0,dataset_apia2022,1
Ok après avoir redémarré le smartphone appl ok bonne synchronisation tout nickel,0,0,0,1,dataset_apia2022,1
Très bonne application pour la marche à pied. J'aimerais pouvoir enregistrer les parcours de mes randonnées au format kml ou kmz.,0,0,1,1,dataset_apia2022,1
Bonne apli,1,0,0,0,dataset_apia2022,1
Dernière mise à jour tout à l'air de fonctionner.,0,0,0,1,dataset_apia2022,1
"Très bonne appli, fonctionne très bien.",1,0,0,0,dataset_apia2022,1
Impossible de trouver ma montre honor band 5 dans l'application. J'ai lu des dizaines de sites internet mais rien a faire. Très déçu. J'espère que je pourrai utiliser ma montre un jour.,1,1,0,0,dataset_apia2022,1
J ai un grand problème meme si l'application en francais et mon telephone en francais le bracelet reste en chinois. Mais si je connecte le bracelet avec un autre telephone le bracelet tourne en francais,0,1,0,0,dataset_apia2022,1
Bug in synchronizing sleep datas since new year with my honor band 5 ! Fix the bug please !,0,1,0,0,dataset_apia2022,1
Très belle montre présentant des caractéristiques intéressantes. Achat en France pourtant le coach vocal ne s'exprime qu'en anglais (il ne semble pas possible de télécharger un coach s'exprimant en langue française) ce qui est intolérable et va me conduire à me debarasser de cette montre qui s'avère être un mauvais achat honereux,1,0,1,0,dataset_apia2022,1
La connection avec mon bracelet band 4 pro est impossible. Il ne le trouve pas dans la liste. Mon bracelet ne peut donc pas démarrer,0,1,0,0,dataset_apia2022,1
Impossible d'associer un bracelet connecté Band 4 Pro,0,1,0,0,dataset_apia2022,1
"Je ne suis qu'à m'a deuxième journée, mais super.",1,0,0,0,dataset_apia2022,1
"Bug sur la dernière MAJ. Ce n'est pas sérieux surtout qu'en lisant les commentaires , je m'aperçois que ce problème dur depuis longtemps . C'est à dire que je dois aller chercher la poubelle la plus proche !?",0,1,0,0,dataset_apia2022,1
"Super application, quelques inconvénients, pendant plus de 2 h j'essayais de lancé l'application sauf qu'elle ne répondez pas, ça serait bien de régler ça, sinon super application",1,1,0,0,dataset_apia2022,1
Multilingued audio (français) serait apprécié,0,0,1,0,dataset_apia2022,1
"Ceci est la seconde mise à jour. J'ai le bracelet connecté Honor Band 5. Il complète très bien l'environnement de santé. Pour ce qui est de l'appli, les comptes rendus sont très riches d'infos en combinaison avec le bracelet. Il y a quand même quelques soucis au niveau des types d'activités présents sur le bracelet et non repris dans la liste. Noter que la version du bracelet intègre une mesure du taux d'oxygène qui est maintenant vue par l'application, version 10.0.5.531. Je passe donc à 4 *",1,1,0,1,dataset_apia2022,1
Excelente,1,0,0,0,dataset_apia2022,1
Ne me propose plus la watch GT sur un Xiaomi. Donc ma montre ne me sert a rien...,0,1,0,0,dataset_apia2022,1
Impossible d'associer ma montre huawei watch fit. Le modèle ne fait pas partie de la liste et la mise à jour se plante. Essai effectué avec un Samsung A41.,0,1,0,0,dataset_apia2022,1
Mettre un version française quand on fait un déplacement ou un exercice,0,0,1,0,dataset_apia2022,1
Génial dommage que la voix soit anglaise,1,0,1,0,dataset_apia2022,1
Mediocre,1,0,0,0,dataset_apia2022,1
"Tracé gps inexistant et carte noire je n'ai plus mes tracé gps et du coup 
mes kms ne sont plus comptabilisés depuis la dernière maj",0,1,0,0,dataset_apia2022,1
Très bien pour les travailleurs qui marchent beaucoup.... pensais pas faire autant de pas dans la journée. Je conseil,0,0,0,1,dataset_apia2022,1
L'application demande une mise à jour mais pas de mise à jour disponible dans play store.☹️ Ne pas faire le Téléchargement à partir de Huawei apps car l'application ne fonctionnera pas. Sinon Très pratique.,0,1,0,0,dataset_apia2022,1
"J'adore votre application. Gros plus le suivi du parcours fait en running avec le suivi paramétrable au kms. Cependant, mon gros soucis c'est que l'on ne peut pas associer une montre connectée hormis votre marque... l'étoile manquante est sur ce point. Ouvrez votre système au autre fabricant, s'il vous plaît.",1,0,1,1,dataset_apia2022,1
Love it,1,0,0,0,dataset_apia2022,1
"Avec mon nouveau Samsung S10, impossible d'ouvrir l'application ! Il me demande systématiquement de mettre à jour Huawei Mobile services, ce que je fais sans succès ! Bug à corriger svp!!",0,1,0,0,dataset_apia2022,1
J'adore très utile,1,0,0,0,dataset_apia2022,1
"sur band 4 écran bon mais très mauvais fonctionnement des notifications (des fois marche). si appel manqué pendant que le bracelet est hors de portée bluetooth, à la re connexion pas de notification !! Alors que cela marche très bien avec ma xiaomi mi band 3. Vite une mise à jour pour corriger ça SVP. Band 5 , comptage longueurs bassin natation trop optimiste.",0,1,0,1,dataset_apia2022,1
"Impossible de télécharger l application erreur sans arrêt, ré démarrer le téléphone effectué mais rien n'y fait.",0,1,0,0,dataset_apia2022,1
"Très bonne application, mais il m'est impossible d'ajouter de nouveaux cadrans à ma montre, l'application n'affiche qu'un écran 🖥 blanc",1,1,0,0,dataset_apia2022,1
Plus accès au compte depuis la maj,0,1,0,0,dataset_apia2022,1
Bonne appli . une cartographie satellite serait la bien venue plutot qu'une vue plan.,1,0,1,0,dataset_apia2022,1
Depuis le week-end dernier il n'est plus possible d'accéder à l' historique des exercices sur l'application. Les autres fonctions répondent mais la touche d'exercice n'ouvre rien. La mise à jour d'hier matin n'a rien changé... Je ne comprends pas qu'il puisse y avoir autant de soucis entre une montre et une application.,0,1,0,0,dataset_apia2022,1
Application intuitive et épurée. Dommage pour la limitation des cadrans. Tres bonne réaction face au bug de changement d'année sur l'analyse du sommeil.,0,0,1,1,dataset_apia2022,1
Ne marche plus...,0,1,0,0,dataset_apia2022,1
Super service 👌🏻,1,0,0,0,dataset_apia2022,1
Super Envoyé depuis mon mobile,1,0,0,0,dataset_apia2022,1
Sur band 6 des améliorations depuis mais je ne peux pas contrôler la musique du tout si l'appli n'est pas En plus d'être ouverte carrément a l'avant plan de mon téléphone. D'autre part je ne peux pas acheter de fond d'écran je clique sur le prix rien ne se passe. Heureusement que les tablettes et ordinateurs de la marque marche niquel car la après 2 mise à jour depuis le lancement de la band 6 c'est toujours pas ça.,0,1,0,1,dataset_apia2022,1
Quelques défaillances de localisations,0,1,0,0,dataset_apia2022,1
"C'est une bonne application qui permet de voir ses activités sportives sur 
son téléphone. Suite à un erreur lors de la dernière mise à jour (mai 
2018), j'ai signalé le problème et celui-ci a été corrigé rapidement. Bonne 
réactivité des développeurs. Je recommande. 👍",1,0,0,1,dataset_apia2022,1
Je n ai plus affichage d heure de sommeil depuis le debut de l année !!,0,1,0,0,dataset_apia2022,1
Je n'ai même pas pu mettre à jour l'application en téléchargeant par playstore donc j'ai dû passer par un apk pour pouvoir connecter ma montre. Si vous avez des problèmes similaires faites comme moi.,0,1,0,1,dataset_apia2022,1
Pratique pour calculer simplement les distances autant à pied qu'à vélo.,0,0,0,1,dataset_apia2022,1
👍🏼✔️,1,0,0,0,dataset_apia2022,1
Il faudrait mettre une communauté comme sur Samsung health,0,0,1,0,dataset_apia2022,1
Ça marche pas pour moi,0,1,0,0,dataset_apia2022,1
"Impossible de se connecter à la huawei watch gt 2 pro. ""Appareil non pris en charge"" et la liste des montre intéligente échoue à se mettre à jour.",0,1,0,0,dataset_apia2022,1
"Depuis la Màj ma balance scale n'est plus connectée avec le wifi, je ne retrouve plus comment faire, et même le poids n'est pas synchronisé automatiquement",0,1,0,0,dataset_apia2022,1
"Bonjour,  Je trouve vraiment cette application complète  et facile d'utilisation. Seul bémol la voix sur les entrainements est en anglais. Peut on la mettre en français. Dans l'attente de votre retour . Bien à vous,",1,0,1,0,dataset_apia2022,1
Impossible de mettre a jour l application et donc de connecter la montre !!,0,1,0,0,dataset_apia2022,1
Quand sera la compatibilité avec un polar h10 ?,0,0,1,0,dataset_apia2022,1
Nul Je ne peux pas me connecter,1,1,0,0,dataset_apia2022,1
Dernière mise à jour défaillante : impossible d'accéder aux choix de cadrans,0,1,0,0,dataset_apia2022,1
"Faut inscrire le tel ? Bye-bye bonne application, j étais surpris de l avoir sur mon tel neuf, aujourd'hui demande de maj ? OK ! Je lance l application pour voir les nouveautés, demande d inscription pour identifier le tel ? Heu comment dire non merci, pas besoin d un traceur j ai ce qu'il faut... Je desinstalle, dommage je m étais habitué à vérifier après mes marches...",0,0,0,1,dataset_apia2022,1
Application qui n'est pas à jour sur Google play. Du coup synchronisation avec Google Fit impossible. :(,0,0,1,1,dataset_apia2022,1
"Après mise à jour, plus rien ne fonctionne, et pire, la montre n'est plus prise en charge suite à une désinstallation et réinstallation. Pas brillant tout ça. Je vais aller chez samsung, m'ont l'air moins nazes.",1,1,0,0,dataset_apia2022,1
J'aime bien,1,0,0,0,dataset_apia2022,1
Ne fonctionne plus comme Huawei Mobile Service ??? Mise a jour urgente,0,1,0,0,dataset_apia2022,1
L'application ne fonctionne plus depuis quelqie jours. Je ne sais plus voir les cadrans,0,1,0,0,dataset_apia2022,1
Exceptionnel,1,0,0,0,dataset_apia2022,1
MON SMARTPHONE AFFICHE UN MESSAGE D'ERREUR TOUT LE TEMPS ET DIT QUE Huawei mobile services S'ARRÊTE SYSTÉMATIQUEMENT DONC S'IL VOUS PLAÎT ENLEVEZ CE BOGUE MERCI DE VOTRE COMPRÉHENSION,0,1,0,0,dataset_apia2022,1
Cool app,1,0,0,0,dataset_apia2022,1
Super vraiment j adore cette application et la montre huawei gt2,1,0,0,0,dataset_apia2022,1
Svp langage en français serai suoer,0,0,1,0,dataset_apia2022,1
Mise a joir impossible,0,1,0,0,dataset_apia2022,1
"Manque de cadrans, ou plus de personalisables. Je ne reçois plus les SMS sur la montre alors que ça fonctionnait avant et que je n'ai pas changé les paramètres de notification",0,1,1,0,dataset_apia2022,1
Une excellente application pour un sportif professionnel,1,0,0,1,dataset_apia2022,1
Manque la langue en français,0,0,1,0,dataset_apia2022,1
Top pas besoin de plus,1,0,0,0,dataset_apia2022,1
Pas mal...,1,0,0,0,dataset_apia2022,1
Manque un peut daplication et detail precise,0,0,1,0,dataset_apia2022,1
"Ce serait bien qu'on puisse ajouter des programmes d'exercices d'abdo, squat, etc..",0,0,1,0,dataset_apia2022,1
Nul..,1,0,0,0,dataset_apia2022,1
Très intéressant j'aime bien le style Huawei,1,0,0,0,dataset_apia2022,1
Franchement cette application est super bien,1,0,0,0,dataset_apia2022,1
Simple d'utilisation,1,0,0,0,dataset_apia2022,1
Applications stable. Il manque dans les exercices la marche rapide en intérieur sur tapis. Il manque des installations d'applications tierces.,1,0,1,0,dataset_apia2022,1
Une mise à jour nulle qui a gâché un super logiciel,1,0,0,0,dataset_apia2022,1
Très bonne appli dommage qu'il n'y a pas plus de rubrique tel que le taux de glycémie en enregistrement manuel car cela nous permettra de tout suivre sur la même interface.,1,0,1,0,dataset_apia2022,1
"Comme beaucoup d'utilisateurs, je n'ai plus le suivi du sommeil depuis le 01/01/2020... J'ai acheté la montre il y a 1 semaine donc j'espère qu'il y aura rapidement un correctif de ce bug. Très déçue car marchait très bien jusque là",0,1,0,0,dataset_apia2022,1
Depuis le 1 janvier problème de suivi de sommeil quelle solution pour résoudre le problème merci,0,1,0,0,dataset_apia2022,1
"Ne fonctionne plus, la montre marche à merveille, malheureusement depuis le 22 mai impossible d'avoir ma graduation cardiaque, les autres jours restent vide, de même pour les pas qui sont à jour sur la montre mais pas sur l'application.. Je pense remettre mon autre montre connectée le temps que ça ce règle....",0,1,0,0,dataset_apia2022,1
Bug depuis la mise a jour,0,1,0,0,dataset_apia2022,1
Je ne sais quoi dire. Quand l'application marche c'est parfait. Mais depuis quelques temps impossible de connecter ma band 3 pro... Rien à faire... Très déçu,1,1,0,0,dataset_apia2022,1
"Fonctionne relativement bien, j'ai rien à dire, belle application",1,0,0,0,dataset_apia2022,1
Super avec Huawei watch GT 2 mais... Quand aurons nous les informations vocales du programme d'entraînement en français ???,1,0,1,0,dataset_apia2022,1
"Ne fonctionne pas correctement avec mon Oppo Reno 4 pro 5G lors de cessions de course, impossible d'accorder l'autorisation GPS et stockage... Il m'indique qu'il n'y a plus d'autorisation à accorder... Donc impossible de lancer la cession... J'ajouterais que l'ergonomie de l'interface de l'application n'est pas optimale. Dommage car Huawei ne m'avait pas déçu jusque là... J'espère que cela va s'arranger.",1,1,1,0,dataset_apia2022,1
Mauvaise sinchronisation je ne peux pas voir l'analyse de mon sommeil nul,0,1,0,0,dataset_apia2022,1
"Impossible de connecter ma montre,et les mise à jour ne ce font pas",0,1,0,0,dataset_apia2022,1
"Band 6. Reçois les notifications de SMS quand elle est décidée. Contrôle la musique si ça lui chante. La band 5 était super, la 6 une énorme déception sur ces points. J'espère la mise à jour qui résoudra tout... 😕",0,1,0,0,dataset_apia2022,1
Pour l'instant pas terrible,1,0,0,0,dataset_apia2022,1
Impossible le brassrlet ne se connecte pas au telephone,0,1,0,0,dataset_apia2022,1
"Frequently crash, even when not in use. On lineage os 17.1",0,1,0,0,dataset_apia2022,1
"Impossible de synchroniser mes données du bracelet sur l'application avec un nouveau smartphone et aussi depuis la dernière mise à jour , envisage de changer de marque de bracelet connecté",0,1,0,0,dataset_apia2022,1
"Je n'ai fait qu'une sortie course à pied pour le moment, dommage que les commentaires ne soit qu'en anglais. Suivi GPS pas trop mal. A voir à l'usage",0,0,1,1,dataset_apia2022,1
Je n'arrive pas à mettre à jour la liste des appareils du coup je ne peux pas synchroniser ma watch fit.....comment faire???,0,1,0,0,dataset_apia2022,1
Depuis la dernière MAJ j'ai perdu tout l'historique de mais activité et le suivi cardiaque ne fonctionne plus. Alors que pendant les deux premières années d'utilisation j'étais extrêmement content de l'application. J'ai la huawei watch gt. Je pensé à prendre la watch gt 2 mais maintenant c'est certain que je vais regarder vers d'autre marque pour ma prochaine montre connecté,1,1,0,0,dataset_apia2022,1
Bien mais la voix en anglais lorsqu'on court est insupportable. Ou est la voix française ????,0,0,1,0,dataset_apia2022,1
bien saauf que rythme cardiaque jai pas...,0,1,0,0,dataset_apia2022,1
"J'ai beau essayer d'installer cette application sur mon nouveau téléphone Honor 50, impossible 🤨",0,1,0,0,dataset_apia2022,1
Chaque 2 semaines cette application ne fonctionne plus et on ne reçoit plus de suivi du sommeil. Huawei fait du bricolage avec cette application de 500mo! Ils ne sont même pas capable d'appliquer cette application sur leur produit Mediapad quelle blague..,0,1,0,0,dataset_apia2022,1
Perte des cadrans de montres suite MAJ ! (Huawei watch fit). Merci de résoudre cela svp.,0,1,0,0,dataset_apia2022,1
"Je viens d'avoir la Huawei Watch GT 2 et impossible d'ouvrir la ""boutique"" de cadrans dans l'application, j'ai une page blanche. Comment résoudre ce problème ?",0,1,0,0,dataset_apia2022,1
"Great app, very functional.",1,0,0,0,dataset_apia2022,1
J'étais inscrit avec un autre téléphone avec le même numéro et j'ai perdu toutes les données,0,1,0,0,dataset_apia2022,1
"Les mises à jour ne sont plus disponibles..... N'achetez plus de montre Huawei ou Honor...... Ça craint L'appli beug, j'ai perdu toute les données, je n'arrive plus à me connecter à mon compte.... Etc",0,1,0,0,dataset_apia2022,1
Can't connect to my account (working via website but not on the app),0,1,0,0,dataset_apia2022,1
Montre watch gt 2 compteur et capteur cardiaque à la ramasse bon gadjet pour téléphoner mais c'est tous j'ose même pas la mettre sous la douche car nombreux ont eu des problème et aucune application tiers pour corriger le tir .! Déçu ?!!!☹️,0,0,0,1,dataset_apia2022,1
Très satisfait premier utilisation,1,0,0,0,dataset_apia2022,1
Ne fonctionne pas sur Oppo reno4 z,0,1,0,0,dataset_apia2022,1
Quel dommage de ne pas pouvoir renommer nos séances car il existe bien plus de sport que course nage et vélo !!!!!!,0,0,1,0,dataset_apia2022,1
Nettement moins bien que la version de appgalery de Huawei,1,0,0,0,dataset_apia2022,1
Depuis la mise a jour se deconnecte sans arret et ne se reconnecte qu apres de nombreuses tentatives pfffff quelle nullité cette appli,1,1,0,0,dataset_apia2022,1
"On m'a offert une belle GT2 à Noël. Tout allait bien jusqu'à mi-février et cette MàJ qui impose une autre appli que je n'ai pas sur mon Samsung. Celle-ci semble même ne pas être dispo sur les canaux officiels de Huawei. Ce n'est pas correcte. Edit: la montre n'a pas fait le changement d'heure !!! Il vous faut rectifier le tir, et vite SVP!! Peut-être en réactivant la version précédente, en attendant qu' une autre appli/version nous soit réellement mise à dispo !! 😡",0,1,0,1,dataset_apia2022,1
Pas mal du tout pour l'utilisation que j'en fais,1,0,0,0,dataset_apia2022,1
Pas d'interfaces avec des sites de suivi sport comme Strava. Impossible d'importer ou exporter des gpx,0,0,1,0,dataset_apia2022,1
Applications très utile,1,0,0,0,dataset_apia2022,1
Marche pas avec Google fit 👎👎👎👎👎👎,0,0,1,0,dataset_apia2022,1
Durée de vie de cette application est de un jour le deuxième il ignore vous identifiant et vous n arrivez plus à l utiliser,0,1,0,0,dataset_apia2022,1
Cet appli est très bien fait ! Merci ! Bonne soirée !,1,0,0,0,dataset_apia2022,1
"J'aimais bien l'appli mais depuis le changement d'heure, le contrôle du sommeil ne fonctionne plus, le suivi de la marche fonctionne quand il veut. Bref, à réparer très vite",1,1,0,0,dataset_apia2022,1
Impossible de se connecter avec téléphone Huawei p8 lite,0,1,0,0,dataset_apia2022,1
Intéressante,1,0,0,0,dataset_apia2022,1
Plein de beug avec l'application sur un téléphone Xiaomi,0,1,0,0,dataset_apia2022,1
Ces super mes on ne peut pas avoir le poid...Mais ça reste cool,1,0,1,0,dataset_apia2022,1
"Le calendrier menstruel ne fonctionne pas malgré l'installation de la dernière version de HMS core disponible sur le play store, la déconnexion pour la reconnexion à l'identifiant huawei ID.",0,1,0,0,dataset_apia2022,1
Je ne suis qu'au début de mon expérience mais ma première impression c'est le sentiment de trouver ce que je cherche.,1,0,0,0,dataset_apia2022,1
Le téléchargement des affichages de montres non accessible depuis la mise à jour.,0,1,0,0,dataset_apia2022,1
"J'ai un Bandpro2 Huawei et le nombre de pas est additionné avec celui du téléphone donc les valeurs sont erronées comment peut on ne pas compter celui du téléphone... En plus 8,7km calculer sur le Bandpro2 et 17,6km sur l'application.du gros n'importe quoi...Merci de vos réponses",0,1,0,0,dataset_apia2022,1
💪,1,0,0,0,dataset_apia2022,1
"Bonne appli en général, mais doit progressé surtout sur le temps de transfert des données et aussi sur la connexion .",1,0,1,0,dataset_apia2022,1
Super bien !!!,1,0,0,0,dataset_apia2022,1
Apps compliquée à synchroniser,0,0,0,1,dataset_apia2022,1
One plus 6 et impossible a jumeler un Huawei watch GT,0,1,0,0,dataset_apia2022,1
Simple et super motivant,1,0,0,0,dataset_apia2022,1
il est impossible de connecter ma montre Huawei watch GT c93,0,1,0,0,dataset_apia2022,1
Je n'arrive plus à voir toutes mes données,0,1,0,0,dataset_apia2022,1
"Depuis quelques temps j'ai beaucoup de problèmes avec l'application. Pour commencer je n'arrive pas à me connecter avec mon identifiant Huawei, ça me déconnecte et me propose sans cesse de me reconnecter. Impossible de synchroniser mes données de la montre sur l'application.",0,1,0,0,dataset_apia2022,1
C'est drôle quand on est pas sportif,0,0,0,1,dataset_apia2022,1
Bug je n'arrive plus à connecter ma Huawei smart 2 sport depuis 3 jours impossible de l'associer,0,1,0,0,dataset_apia2022,1
"L'application ne fonctionne plus car il faut une mise à jour,l'application beugue depuis la mise à jour de Samsung c est à dire depuis 15 jours Merci",0,1,0,0,dataset_apia2022,1
Bugwei,0,1,0,0,dataset_apia2022,1
J'ai plus accès à mes cadrans...,0,1,0,0,dataset_apia2022,1
C'est bien mais arrête sans raison.,1,1,0,0,dataset_apia2022,1
Très bonne appli.. Facile à utiliser,1,0,0,0,dataset_apia2022,1
Manque musculation,0,0,1,0,dataset_apia2022,1
"Impossible d'associer la balance Huawei scale 3 à cette application. Ni avec un Huawei, ni avec un Samsung depuis la dernière grande mise à jour de Huawei. Quelle déception ! Elle fonctionne avec l'Apple de la voisine... Ce n'est pas drôle ! Très déçue de Huawei.",1,1,0,0,dataset_apia2022,1
"Parce que l'on ne peut pas mettre 0 étoile Acheté avec une montre connectée pour le sport. Aucunes données gps. Recale la position toutes les 20mn et encore. Peut être si vous courez sur l'autoroute, la montre vous donnera votre performance. Moyenne 1km en 15 mn Ma grand mère fait mieux Malgré les 3 barres de réception gps, toujours pas de position Google Map me recale après 3secondes Toujours pas d'info de Huawei ,ils s'en f.....",1,1,0,0,dataset_apia2022,1
"Je viens d'installer l'application. Pour l'instant, pas grand chose à dire, elle a l'air très bien. Par contre, j'ai synchronisé mon bracelet connecté Huawei band 4 pro avec l'appli et le nombre de pas affichés est totalement différent entre le nombre affiché sur le bracelet et dans l'application (il y a 20 % d'écart quand même). Qu'est ce qui explique cet écart ???",1,1,0,0,dataset_apia2022,1
Tres satisfaite waw waw,1,0,0,0,dataset_apia2022,1
"Merci de sete montre Hij , ,wat ,2 !.",1,0,0,0,dataset_apia2022,1
Bugs,0,1,0,0,dataset_apia2022,1
"Suite à leur mise à jour, mes données se sont effacées plus aucunes traces et pas moyen de les récupérer.",0,1,0,0,dataset_apia2022,1
Extraordinaire Huawei,1,0,0,0,dataset_apia2022,1
Mise à jour nulle la précédente version était simple mais plus facile à utiliser,1,0,0,1,dataset_apia2022,1
À quand un coach en français ?,0,0,1,0,dataset_apia2022,1
"Utilisation depuis 18 mois... Mais de plus en plus de bugs... Données sommeil exactes au début mais complètement erronées maintenant, exercice difficile à récupérer après mise en pause, mauvaise connection avec mon téléphone !!!",0,1,0,0,dataset_apia2022,1
"La aplicación excelente, solo que me come 400 metros siempre de lo que hago",1,0,0,1,dataset_apia2022,1
Très utile surtout les interprétations des données,0,0,0,1,dataset_apia2022,1
Impossible de se connecter sur Samsung. Le vendeur m'a pourtant dit que l'on pouvait se connecter sur tous les mobiles. Montre acheter pour rien .,0,1,0,0,dataset_apia2022,1
Les heures de début de sommeil sont systématiquement en retard de 2 à 4 heures. Un peu gênant pour l'analyse de la qualité du sommeil. Sinon pour le reste c'est top.,1,1,0,0,dataset_apia2022,1
"Après 3 semaines d'utilisation en mode ""exercice"" et bien je suis très déçu de l'application ; elle ne prend pas les données de la montre. par ex, j'ai un ""exercice"" de 20 minutes et bien systématiquement l'appli n’enregistre pas la fonction Sp0², je suis obligé de prendre une mesure après chaque exercice, et là, l'appli la prend en charge. Idem pour la durée de l’exercice, l'appli ne prend jamais, j'ai bien dit jamais, la durée de l’exercice. Donc évidement je suis très déçu, d'autant plus que je suis développeur web. Donc imaginez, ( cela ne devrait pas être trop dur pour vous ;-) ) si de je donnais à mes clients des applis ou des sites web qui ne fonctionnent pas, à votre avis, le client demanderait un remboursement ou pas ? Je mets deux étoiles, pour l'utilisabilité et je suis gentil, car votre appli ne fonctionne pas. J'oubliais : BRACELET HONOR Band 5-CA4",1,1,1,1,dataset_apia2022,1
Fait très bien le job. Les détails sont pertinents et très visibles,1,0,0,0,dataset_apia2022,1
Je vous conseil,1,0,0,0,dataset_apia2022,1
Pas si simple à utiliser. Je suis déçue !,1,0,0,0,dataset_apia2022,1
"Mériterait ses 5 étoiles SI on pouvait synchroniser l'application avec des appareils d'autres marques. Dans mon cas, la balance Mi. J'aimerai aussi pouvoir synchroniser l'application avec Mi fit. Pensez vous l'effort possible ? Merci",1,0,1,0,dataset_apia2022,1
"Toutes les 15 minutes, j'ai un message d'erreur qui s'affiche, j'ai desinstallé et réinstallé l'appli, problème toujours présent... rien n'est fait malgré l'envoi des rapport d'erreurs...",0,1,0,0,dataset_apia2022,1
Car on peut pas réanimer notre mot de passe,0,1,0,0,dataset_apia2022,1
"Excellente appli en complément de la montre Huawei GT2. Fonctionnement intuitif et agréable. GPS très précis, suivi d'activités impeccable. Petit bémol : n'a pas de mode Pause automatique durant un entraînement quand on s'arrête.",1,0,1,1,dataset_apia2022,1
"Je l utilise en fonction podometre et apres avoir testé d autres applis 
podometre qui sont fantaisistes dans le comptage de pas, celle ci est 
magnanime....",0,0,0,1,dataset_apia2022,1
Pour l'instant paraît fiable au niveau des données santé et exercices,0,0,0,1,dataset_apia2022,1
Pratique et complet. Très bon produit,1,0,0,0,dataset_apia2022,1
GPS pas toujours réactif pour démarrer une course ou une marche. Un peu décevant...,1,1,0,0,dataset_apia2022,1
"Seul bémol , ne pas pouvoir synchroniser avec strava",0,0,1,0,dataset_apia2022,1
"Vraiment entraînante avec possibilité de fixer des objectifs comme nombreuses applications mais chose sympa, des petits défis entre connectés (ées). J'adore",0,0,0,1,dataset_apia2022,1
"Suite à dernière màj, plus possible de synchroniser les données",0,1,0,0,dataset_apia2022,1
Devrait pouvoir changer la langue,0,0,1,0,dataset_apia2022,1
Nul :Je ne peux pas connecter ma montre,1,1,0,0,dataset_apia2022,1
"Application devenu inutile depuis la suppression des dénivelés... Les informations deviennent inutiles (calcul de l'énergie dépensé sans le dénivelé c'est juste faux...) Dommage elle était super... Grosse déception, et surtout grosse incompréhension : pourquoi enlever l'information essentielle ????",1,0,1,0,dataset_apia2022,1
Impossible de faire la mise à jour des appareil donc je peux pas connecté ma Huawei band 4,0,1,0,0,dataset_apia2022,1
Impossible d ouvrir l appli depuis la dernière mise à jour. Il demande de télécharger l app huawei service 4.0.0 qui est déjà installé !!!! Et l appli se referme automatiquement. Et très compliqué de synchroniser des fois cela fonctionne et d autre fois non,0,1,0,0,dataset_apia2022,1
ni,1,0,0,0,dataset_apia2022,1
"Bonjour, Très bien, mais erreurs sur la boussole et l'altitude. M'indique le nord au nord-est M'indique altitude 1200m, alors que j'habite à 1434m. Utilisations très limitées aux rares applications incluses... Cerises sur le gâteau, maintenant les cadrans de montre sont payants !!! Ne pas acheter Huawei, c'est nul !!!!",1,1,1,0,dataset_apia2022,1
Magnifique,1,0,0,0,dataset_apia2022,1
Pas moyen de connecter la montre,0,1,0,0,dataset_apia2022,1
"Donnez complètement erroné, ne reflète pas du tout l'exercice que de vient de faire. Est-ce peut être un problème de réglage. Cordialement",0,1,0,0,dataset_apia2022,1
Problème gps,0,1,0,0,dataset_apia2022,1
"Super, ça fonctionne à nouveau et je n'ai pas perdu mes donnés ça fait plaisir.",1,0,0,1,dataset_apia2022,1
Je ne peux pas connecter ma montre ça ne me met pas le pop up pour l'appairer merci de m'aider,0,1,0,0,dataset_apia2022,1
Comment passez sur le Dark Mode? Est il possible d'exporter un parcours au format GPX ?,0,0,1,0,dataset_apia2022,1
Pas à jour pour montre GT 3,0,0,0,1,dataset_apia2022,1
"Pas mal, manque juste le lien avec d'autres applis : google fit, strava etc",1,0,1,0,dataset_apia2022,1
Elle bloqué mon tel. Ai obligation de redémarrer mon tel pour le débloquer et fermer cette application qui refuse de ce fermer normalement. Une mise à jour va venir?,0,1,0,0,dataset_apia2022,1
Excellente application. Top.,1,0,0,0,dataset_apia2022,1
Superbe application mais ne fonctionne plus depuis que j'ai changé de téléphone Ne fonctionne pas avec MI 10 de xiaomi Je ne peux plus profiter de ma montre et balance connectée Merci de remédier à ce problème,1,1,0,0,dataset_apia2022,1
!!!PouRqUoi lE gPS nE MaRCHe PLus !!! ( sur ma band 3 pro avec et sans mon tel ),0,1,0,0,dataset_apia2022,1
Très bon suivi des activités. Fonctionne dans bug. Très précis.,0,0,0,1,dataset_apia2022,1
nul,1,0,0,0,dataset_apia2022,1
Je ne peut lancer l'application avec mon one plus donc je ne peut utiliser la montre alors je vais devoir la renvoyer et prendre une autre marque,0,1,0,0,dataset_apia2022,1
Bien dans l'ensemble ^^ Dommage pas plus de sport en sélection.,1,0,1,0,dataset_apia2022,1
"Vous pourriez faire une mise à jour, pour qu'on puisse enlever les cadran préenregistré svp. Car du coup, ça laisse pas beaucoup de place pour mettre des nouveaux. Pas suffisamment de place. Merci",0,0,1,0,dataset_apia2022,1
Au top très complet simples d'usage,1,0,0,0,dataset_apia2022,1
"Toutes les données perdues ! Et la ''nouvelle'' application de change quasiment rien, mis à part qu'on a tout perdu. Vraiment déçu d'avoir perdu quasiment un an de données !!",0,1,0,0,dataset_apia2022,1
"Très bien avec pas mal de point faible, lorsqu'on démarre un exercice marche ou autre ne se compte pas dans l'événement journalier, sans montre le téléphone à bien le GPS et il ne calcule pas l'altimètre donc ne prend pas en compte lorsqu'on gravie une pente. Récompense par médaille calcul de pas et plus... avec un objet connecté. Sinon bon programme aussi bien que d'autre programme sur d'autre portable. Il y a bien des majrs mais le programme semble à l'abandon, je n'ai rien vue de nouveau.",1,0,1,1,dataset_apia2022,1
Dernière mise à jours on ne sais plus recevoir de notification ou de SMS ou des appels sur la montre,0,1,0,0,dataset_apia2022,1
Impossible de connecter la Huawei watch GT 2!! Alors que tout allait bien depuis un an aujourd'hui un gros bug! Réagissez !,0,1,0,0,dataset_apia2022,1
"J avais cette appli sur mon huawei, et mnt sur mon samsung. Genial le comptage des pas s'est encourageant. Par contre voilà quelques jours que sa fonctionne plus on me marque "" vous n'avez pas encore enregistré de pas aujourdhui "" je pense a un beug savez vous corrige merci",0,1,0,1,dataset_apia2022,1
Impossible de trouver et d'appairer ma Scale 3,0,1,0,0,dataset_apia2022,1
Les cadrans sont devenus payant avant c'était gratuit......,0,0,1,0,dataset_apia2022,1
"L'application marchait bien mais depuis quelques jours le comptage des pas 
ne se fait plus en temps réel et intervient de manière aléatoire.",1,1,0,0,dataset_apia2022,1
Parfaite 👌🏻,1,0,0,0,dataset_apia2022,1
"Bonne application. Mais il y a un bug, il considère mes activités et mon poids en femme alors que mon profil et indiqué homme.",1,1,0,0,dataset_apia2022,1
Application pas super se déconnecte souvent,0,1,0,0,dataset_apia2022,1
"Nul ! Depuis que j'ai changé de téléphone, je n'arrive soit pas à me connecter à ma montre, soit je n'arrive pas à récupérer mes anciennes données",0,1,0,0,dataset_apia2022,1
Très intuitive,1,0,0,0,dataset_apia2022,1
Manque le sauvegarde des activités dans un cloud,0,0,1,0,dataset_apia2022,1
J aime beaucoup cette appli et je ne mets que 3 étoiles car impossible de l associer à mes autres appli genre Googlfit ou d autres de rééquilibrage alimentaires,1,0,1,0,dataset_apia2022,1
Incroyable,1,0,0,0,dataset_apia2022,1
"Bonjour je possède une montre watch gt active , depuis que j'ai changé de téléphone il m'est impossible de la connecter car impossible de trouver ma montre quand j'arrive sur associer !!! Pouvez vous m'aider?",0,1,0,0,dataset_apia2022,1
"Très bonne application pour courir, même si elle peut être complété par quelques fonctionnalités",1,0,0,1,dataset_apia2022,1
Je débute mais je trouve ça super cool,1,0,0,0,dataset_apia2022,1
l'app en soit est OK mais la synchronisation avec Google fit ne marche pas correctement du coup je manque des challenges de mon assurance maladie et perds des points inutilement. les rappels pour faire de l'activité ne se sont jamais enclenchés mais ils auraient du. bref il reste des choses a améliorer,1,1,1,0,dataset_apia2022,1
La fonction sommeil ne fonctionne plus depuis plusieurs mois..,0,1,0,0,dataset_apia2022,1
"Une appli assez complète (manque peut-être la possibilité de saisir manuellement les données de masses musculaire, hydrique et graisseuse pour ceux qui n'ont pas d'impédancemètre connecté). Hélas, depuis quelques mois, l'appli plante de façon aléatoire mais fréquente au démarrage, bloquée sur l'onglet ""exercices"" avec ""recherche GPS en cours"". Ce plantage ne se résout pas avec un redémarrage. Il faut attendre parfois plusieurs dizaines de minutes avant que l'appli ne se débloque toute seule.",1,1,1,0,dataset_apia2022,1
Huawei au top comme d'habitude 👍💯😁,1,0,0,0,dataset_apia2022,1
Ne sert à rien on ne peut pas avoir accès à l'historique,0,0,1,0,dataset_apia2022,1
"Comment justifier le poids de cette application (385 mo) alors que Huawei interdit l'installation des applications sur carte SD selon les téléphones ?! L'appli est bien, je m'en sers tous les jours comme podomètre, mais elle est beaucoup trop lourde par rapport aux autres applications du même genre.",0,0,1,1,dataset_apia2022,1
Pour que l'application soit parfaite et mérite les 5 étoiles mettre l'option d'exportation des tracés en . Gpx,1,0,1,0,dataset_apia2022,1
Manque de possibilité d'ajouter d'autre exercices,0,0,1,0,dataset_apia2022,1
Pendant les exercices comment mettre les commentaires vocaux en français svp ?,0,0,1,0,dataset_apia2022,1
"Super appli, mais je ne trouve que course intérieur extérieure, marche et cyclisme dans les activités...Ou se trouve les autres ? MEeci",1,0,1,0,dataset_apia2022,1
Bonne application dans l'ensemble. Il arrive quelques fois que la synchronisation soir un peut laborieuse....mais rien de grave. Mises à jour régulières et belles variétés d'écrans,1,1,0,1,dataset_apia2022,1
il manque juste le coach en langue française et un peu plus de sports disponibles,0,0,1,0,dataset_apia2022,1
Je peut pas connzcte ma montre huawei watch vu que j ai un smartphone avec android 10? La solution svp,0,1,0,0,dataset_apia2022,1
J ai deux sources de compteurs de pas. Mon téléphone et mon bracelet comptabilise doublement les pas!,0,1,0,0,dataset_apia2022,1
Comment avoir l'option watch face,0,0,1,0,dataset_apia2022,1
Très bonne application pour les montre connecter huawei,1,0,0,1,dataset_apia2022,1
"Je suis très satisfait de cette application dans l'ensemble. Le seul problème est qu'à chaque fois qu'elle me propose une mise à jour téléchargeable directement en apk, je perds toutes mes données. Je suis obligé de désinstaller l'application et réinstaller à partir du play store.",1,1,0,0,dataset_apia2022,1
missing roller skating activity,0,0,1,0,dataset_apia2022,1
"Impossible d'apairer une Honor Magic Watch 2 sur l'Android de mon père, tandis que c'est possible sur mon iphone. Je ne vais pas changer de téléphone pour ça... je renvoie la montre et désinstallé cette m****",1,1,0,0,dataset_apia2022,1
Application assez complète Il faudrait mettre les courbes pour mois et semaines pour toutes les mesures dans le suivi du poids (il n'y a que la masse graisseuse et le poids),1,0,1,0,dataset_apia2022,1
Impossible d installer l application,0,1,0,0,dataset_apia2022,1
À quand plus d'activités sportives sur montre svp ?,0,0,1,0,dataset_apia2022,1
Tes bonnes applications j'adore.,1,0,0,0,dataset_apia2022,1
Meilleur application,1,0,0,0,dataset_apia2022,1
Très bonne application. L essentiel est là.,1,0,0,0,dataset_apia2022,1
"Si ça peut aider des personnes , j'ai dû désinstaller l'application et je l'ai réinstaller et ça fonctionne cette fois ci 👍 Perte de temps mais au moins on peut l'utiliser 👍",0,0,0,1,dataset_apia2022,1
Super explique tres bien,1,0,0,0,dataset_apia2022,1
No GPX export... F******,0,0,1,0,dataset_apia2022,1
"Impecable, formidable et pratique.",1,0,0,0,dataset_apia2022,1
Application correcte. Quelques fois données diff par rapport à la montre. Moins que ludique que fitbit jtrouve.,1,1,0,0,dataset_apia2022,1
Impossible de connecter une montre huwai watts 3 pro Jvais la rendre au magasin,0,1,0,0,dataset_apia2022,1
"Bonjour, J'ai pu utiliser l'application qu une demi journée est depuis elle se referme immédiatement que faire ?",0,1,0,0,dataset_apia2022,1
"Bonne application, il manque juste un choix plus important pour les activités (fitness par exemple) sinon elle mérite les 5 étoiles.",1,0,1,0,dataset_apia2022,1
"Trés bonne application. J'utilise en parallèle une montre Tom-Tom, et le 
nombre de km est identique. Donc GPS, et Kilométrage parfaits. J'emettreai 
quelques doutes sur les calories consommées.",1,0,0,1,dataset_apia2022,1
Cela ma beaucoup aider,1,0,0,0,dataset_apia2022,1
Déçu reçu incompatible avec mon note 10 plus Samsung j'ai trouvé la solution problème il faut aller sur le site directement de Huawei à télécharger l'application Galerie ensuite télécharger l'application Service Mobile 4 0 0 et ensuite cette application fonctionnera ça a pour but de prélève un max d'informations code téléphone mail des vrais petit espion.,0,1,0,0,dataset_apia2022,1
No watch faces with my huawei p30 pro!!!but in other mobiles i can see watch faces!!!so strange..someone has the solution please ??!!,0,1,0,0,dataset_apia2022,1
Soucis avec l'application pour l'installation des cadrans sur ma montre... Je n'arrive plus à mettre des cadrans de montre sur l'application ! J'ai tout essayé.....mais rien.... J'ai une montre Huawei Watch GT2 depuis 15 jours seulement.... J'ai téléphoné au service Huawei mais au bout de 40mn ça à raccrocher....et mon problème est toujours là.....,0,1,0,0,dataset_apia2022,1
Impossible d'installer la montre de mes enfants. Ça ne veux pas mettre la liste à jour . Ça nous indique qu'il y a un problème avec le réseau . Quelqu'un aurait une solution ? Je désespère,0,1,0,0,dataset_apia2022,1
Impossible d'accéder aux cadrans de montre sur l'application... cette partie de l'application (sur les appareils connectés) est vraiment délaissée.. elle ne fait que de buguer,0,1,0,0,dataset_apia2022,1
Je regrette l'ancienne version et j'aimerais bien pouvoir la recharger,0,0,1,0,dataset_apia2022,1
Super j'ai eu également une autre marque....bit ben ce model pro est parfait,1,0,0,0,dataset_apia2022,1
"Le bracelet ne s'allume que lors des appels entrants. Pour toutes les autres notification, elle vibre, c'est tout. Tout est pourtant autorisé. Ça fait 1 semaine que je cherche. J'ai un téléphone Xiaomi et le problème est le même sur 1 Samsung. Si quelqu'un peut m'aider, merci d'avance. J'ai réinitialisé le bracelet au moins 10 fois, désinstallé et réinstaller l'appli autant de fois. Rien à faire. Merci pour votre aide",0,1,0,0,dataset_apia2022,1
"L'application est plutôt bien conçue, facile d'emploi et offre des informations interressantes. Mais il faut considérer que votre montre est une extension de votre téléphone et cette application va tout faire pour maintenir la connection avec elle en s'appropriant la connection Bluetooth. Il est impossible d'utiliser cette liaison depuis votre telephone pour autre chose. Plus moyen d'appairer votre téléphone à votre voiture ou un casque Bluetooth.",1,0,1,1,dataset_apia2022,1
Top j'adore. Il ne manque que l'évaluation de nutrition calories,1,0,1,0,dataset_apia2022,1
Impossible de renisialise la monte,0,1,0,0,dataset_apia2022,1
"Bug, plus de synchronisation avec la watch gt depuis la dernière mise à jour.",0,1,0,0,dataset_apia2022,1
Pratique pour la marche et le maintien physique pour activité quotidienne mais actuellement l'appli deconne demande information personnel est elle payante maintenant ?,0,0,0,1,dataset_apia2022,1
"Abusé les cadran était gratuit et il decide de fair payé franchement, c'est ma dernière montre connecté heawei merci 👍😠",1,0,1,0,dataset_apia2022,1
Je n'arrive pas à télécharger l'application sur mon honor 50lite pour pouvoir connecter ma montre. Comment puis-je faire ?,0,1,0,0,dataset_apia2022,1
"très bonne application, elle est tres utile pour mes long trajets en vélo, elle est compatible avec une montre pour suivre les rytmes cardiaque. je recommande.",1,0,0,1,dataset_apia2022,1
Nice cool,1,0,0,0,dataset_apia2022,1
"Faites une mise à jour svp, l'application est beaucoup buger sur mon portable.",0,1,0,0,dataset_apia2022,1
"Tres bonne application, assez complete facile d'utilisations. Je l'utilise avec une huawei watch gt la synchro est tres bien. La lecture du sommeil est assez prescise. La retranscription des exercices est tres bien. La seule chose que je regrettte est qu'il n'y ai pas d'export vers Strava. Et pour ma part si huawei ne fait pas d'effort a ce niveau la ma prochaine montre ne sera pas une huawei.",1,0,1,1,dataset_apia2022,1
"Depuis mon avis du 28.09 j'ai eu confirmation de l'obligation de s'inscrire sur id huawei avec synchronisation de nos données sur le cloud. Donc contrairement à ce qu'indique le CGU a l'installation de l'application, nos données ne restent pas en Europe mais sont désormais en Chine. Après 9 mois d'utilisation sans cette obligation, me voilà contraint d'abandonner cette montre qui ne donne même plus l'heure sans cette inscription. Vraiment une grosse arnaque. J'imagine la 5G....",0,0,1,1,dataset_apia2022,1
Mise a jour ne marche pas pour la GT3,0,1,0,0,dataset_apia2022,1
"Moyen, impossible d'ajouter des photos de la gallerie sur une Huawei watch GT...",1,0,1,0,dataset_apia2022,1
"Le suivi du sommeil ne fonctionnait plus depuis le passage à l'année 2020. Le bug a été corrigé rapidement via une mise à jour, merci pour votre réactivité.",0,1,0,1,dataset_apia2022,1
Plus de cadran pour la Watch GT et la ce serait parfait. sinon RAS.,0,0,1,0,dataset_apia2022,1
Utilisatrice depuis peu et pour l'instant tout va bien,1,0,0,0,dataset_apia2022,1
Il m'encourage à faire la marche,0,0,0,1,dataset_apia2022,1
Il manque le ski de fond,0,0,1,0,dataset_apia2022,1
Impossible à ouvrir depuis hier soir....,0,1,0,0,dataset_apia2022,1
Application assez complète et plutôt agréable à utiliser. Dommage que les mises à jour ne soient pas automatiques depuis le Play store alors que Huawei en sort presqu'une par mois ! A installer manuellement...,1,0,1,0,dataset_apia2022,1
Je supprime cette application franchement la elle sert plus à rien c'était mieux avant remettez la comme avant et je la remettrai peut être 😒 je suis très déçue car l'ancienne version est amplement mieux 😔😔,1,0,0,1,dataset_apia2022,1
Avant top depuis mise à jours plus rien fonctionne,1,1,0,0,dataset_apia2022,1
Un atout pour tous les jours.,1,0,0,0,dataset_apia2022,1
Impossible d'ouvrir quoi que ce soit depuis la dernière mise à jour qui semblait sympa. Plus rien ne s'ouvre !#!!,0,1,0,0,dataset_apia2022,1
Perte de signal à chaque sortie donc tout est faux... très déçu.,1,1,0,0,dataset_apia2022,1
"J'utilise cette application avec ma huawei GT 2. J'en suis extrêmement content. Je ne mets que 4 étoiles car pour ma part, je trouve qu'il manque un compteur de vitesse. Je trouve cela indispensable et je pense qu'il serait facilement réalisable étant donné qu'il y a une connexion GPS. Au niveau du sport le ski serait super. Il y a déjà l'altitude, le baromètre il ne manque plus que la vitesse, la distance effectuée et le nombre de descente. N'hésitez pas je vous la conseil.",1,0,1,1,dataset_apia2022,1
Très bien !!😀,1,0,0,0,dataset_apia2022,1
Nice !!,1,0,0,0,dataset_apia2022,1
Impossible de l'installer,0,1,0,0,dataset_apia2022,1
Toujours aussi nul au niveau du GPS,0,0,0,1,dataset_apia2022,1
Le seul défaut c'est quand vous mettez en cardio pour le sport le coach parle en anglais,0,0,1,0,dataset_apia2022,1
Impossible de changer les cadrans de ma montre Huawei watch GT via l'application,0,1,0,0,dataset_apia2022,1
"Tout les jours, cela indique toutes les activités que l'on fait.",0,0,0,1,dataset_apia2022,1
"Quelques bug, suivi course à pied correct. Suivi du sommeil imprécis.",0,1,0,0,dataset_apia2022,1
Bien mais impossible d'exporter ses traces en format gpx,1,0,1,0,dataset_apia2022,1
Très bien il manque d'autres des chose comme glycémie et autre...... dommage,1,0,1,0,dataset_apia2022,1
"Rempli de bug : 1° ma montre et l'appli se déconnecte sans arrêt. 2° la synchronisation marche 1 fois sur 10. 3° L'appli crash très souvent. 4° Mon compte est souvent déconnecté. Je crache jamais sur une appli buggé mais là, c est de l'abus, avant d'ajouter des choses et des nouvelles fonctionnalité, corrigez les bugs, nan ?",0,1,0,0,dataset_apia2022,1
Bonne application. Bemole pour le nombre de pas comptés avec le tel comparé au bracelet honor connecté qui me compte environ 3000 pas de moins. Lequel a juste ?? ...,1,1,0,0,dataset_apia2022,1
Merci de votre confiance envers moi,1,0,0,0,dataset_apia2022,1
"Bonne appli avec ma huawei band 2 pro, mais depuis la mise à jour je ne reçois plus les notification sur ma montre....",0,1,0,1,dataset_apia2022,1
"Problème, impossible de mettre à jour la liste des appareils à associer.. donc impossible d'associer ma honor band 6",0,1,0,0,dataset_apia2022,1
"Ne fonctionne pas, vient de m'offrir la Huawei watch GT2, et je ne peux rien faire actuellement. L'application ne se lance même pas. La version de l'application à plus d' 1 an... J'ai trouvé par un autre moyen la dernière version de l'application.",0,1,0,1,dataset_apia2022,1
Bug total,0,1,0,0,dataset_apia2022,1
Depuis la dernière MAJ de l appli plus rien ne marche. Je n arrive plus à accéder au paramètres de la montre depuis l application. Rien n est fait par Huawei pour régler le problème malgré plusieurs avis concernant le même problème. C insupportable d avoir une montre connectée mais qui n est pas connectée...,0,1,0,0,dataset_apia2022,1
Dommage que l'on peut pas ajouter d'autre montre connecter autre que les huawei... Tout le monde n'a pas les moyen d'acheter une montre huawei...,0,0,1,0,dataset_apia2022,1
ne fonctionne pas bien depuis la mise à jour. je me réveille le matin avec 15000 pad de fait..,0,1,0,0,dataset_apia2022,1
Goood,1,0,0,0,dataset_apia2022,1
Problème de poid plus diabète 2 .,0,1,0,0,dataset_apia2022,1
Pas connectable à une montre ou bracelet autre que la marque Huawei. Très dommage....,0,1,0,0,dataset_apia2022,1
Très bonne gestion,1,0,0,0,dataset_apia2022,1
Nice,1,0,0,0,dataset_apia2022,1
"Ça fonctionne, compteur des marchés est correct mais le compteur de temps inactif depuis mise à jour.",0,1,0,0,dataset_apia2022,1
L'application fonctionne bien Mon seul problème c'est avec ma balance connecté huawei j'ai 5 enfants je peux suivre leur poids mai uniquement en utilisant la fonction invité je ne peux donc pas leur crée un profil dans l'application pour avoir un suivi de plus quand je précise leur age l'application me dit quil sont trop jeunes pour que les résultats soit précis peut être un jour huawei ajoutera cette fonction avec une mise à niveau en attendant pour mes enfants ça reste une blance basic....,1,0,1,0,dataset_apia2022,1
Application sympa!,1,0,0,0,dataset_apia2022,1
"Très bonne appli, marche mieux si vous avez un portable Huawei (perso j'ai un Honor et sa marche très bien)",1,0,0,1,dataset_apia2022,1
"Bonne appli. Sur les montres, les libellés français des exercices ne sont pas toujours très bien traduits et mériteraient une documentation plus fournie en ligne. Les montres de sport Huawei ont un rapport qualité/prix excellent et cette appli permet plutôt bien de consulter les historiques d'exercice et de paramétrer la/les montres. Si on en a plusieurs, c'est très simple de se connecter au choix à l'une ou l'autre monté. -1* pour les permissions insensées que l'appli demande.",1,0,1,1,dataset_apia2022,1
Bravo,1,0,0,0,dataset_apia2022,1
"L'appli nage eau libre pas au point. Pas de détection type nage, une segmentation (100m mimimum) arbitraire (doit être faite manuellement avec bouton pause pour détection). L'algorithme doit être totalement réécrit!. Sur un quelconque exercice: affichage heure trop petit, peut pas revenir á écran principal (ou autre appli) pour voir heure en grand, sans devoir mettre fin à l'exercice!. Sinon, pour le prix: il y a tous les capteurs induspensables. Seul problème: logiciel à améliorer et réécrire.",0,0,1,0,dataset_apia2022,1
Ne fonctionne plus correctement depuis début novembre 2021,0,1,0,0,dataset_apia2022,1
Super application santé ! Très ludique avec des bonnes informations,1,0,0,1,dataset_apia2022,1
Je n'arrive pas a me connecter a mon compte ! Quand je reçois le SMS de validation pour confirmé mon identité et que je le valide ca ne me connecte pas et ca me demande de refaire la même chose! Demander un autre SMS pour me connecter,0,1,0,0,dataset_apia2022,1
Resynchroniser part en galère,0,1,0,0,dataset_apia2022,1
Cool mais se pas forcément neseser lap la montre marche aussi sans mais se trep pratique et je peux conecter m'a montre et mon ansinte ou me airpode ... Lap ne prand pas de place se prati si quommen moi vous an avais pas beaucoup sur votre tel.,1,0,0,1,dataset_apia2022,1
Friendly........,1,0,0,0,dataset_apia2022,1
"M'a été offert à Noël. Bon fonctionnement jusque fin annee 2019. Depuis bug sur le sommeil. Après mise à jour, cela recommence depuis quelques jours. Mise à jour faite. Montre et telephone redémarres plusieurs fois. Grosse déception pour moi mais aussi pour la personne qui me l'a offerte. Nos sommes juillet 2020, depuis le 30 juin inclus, le problème du sommeil recommence de nouveau. C.est lassant car rien n.est corrigé. Il faut sans arrêt etre à l'affût et réclamé.",0,1,0,1,dataset_apia2022,1
Pas compatible avec d'autres marques de téléphones,0,0,1,0,dataset_apia2022,1
"seem user friendly. Easy sync. Strange however that access to photos, contacts and files is requested",0,0,1,1,dataset_apia2022,1
"Toujours pas de synchronisation strava. Au vu du prix des montres, c'est quand même un gros point négatif d'être limité autant avec cette application très moyenne.",1,1,0,0,dataset_apia2022,1
Obliger de créer un compte pour utiliser l'application. Pas envie de partager toutes mes infos avec une société chinoise !,0,0,1,0,dataset_apia2022,1
"Parfait, complet, précis, je l'utilise tout les jours",1,0,0,0,dataset_apia2022,1
"Bonjour, depuis la MAJ de la montre band 6 d'hier, elle se déconnecte du téléphone si l'application n'est pas en arrière plan ! Ce qui épuise la batterie du téléphone 😕et n'est pas très pratique Ce problème n'existait pas avant cette MAJ... Merci de régler ce problème Cordialement",0,1,0,0,dataset_apia2022,1
Très bonne app,1,0,0,0,dataset_apia2022,1
A nouveau acces au différent fond écran et plus de déconnexion avec mon téléphone one plus 8t,0,1,0,0,dataset_apia2022,1
Ravie de cette application connectée à la montre seul bémol le fait que l'on puisse pas appairer avec n'importe quelle balance connectée,1,0,1,0,dataset_apia2022,1
"Impossible de connecter la montre car l'app Huawei n'est pas à jour. Il faut que Huawei mette la version 10.1.2.553 sur Google Play. Par contre, cela fonctionne parfaitement sur IOS.",0,1,0,0,dataset_apia2022,1
"J'ai changé de téléphone je me suis acheté un oppo find X 3 pro, et bien sûr j'ai changé aussi de numéro de téléphone, plus mon adresse Hotmail qui est devenu une adresse Gmail. impossible de récupérer mon compte Huawei Health😩 je veux m'envoyer un code à chaque fois sur mon ancien numéro qui n'existe plus !!! Que puis-je faire ?",0,1,0,0,dataset_apia2022,1
Difficile à synchroniser avec le téléphone LG,0,1,0,0,dataset_apia2022,1
"Il m'a suffit d'une montre pour me convertir à cette technologie du connecté. Mais aujourd'hui, changé de téléphone et impossible d associer la montre et le téléphone",0,1,0,0,dataset_apia2022,1
Application utile et facile d'usage,1,0,0,0,dataset_apia2022,1
Vos cadrans pour la honor magic watch 2 sont pourri pour la plupart,0,0,0,1,dataset_apia2022,1
"Ne changer pas téléphone ! J'ai acheté une montre honor watch 2 Quand j'avais encore le smart 2019 de chez Huawei c'était impeccable, tout fonctionnait et puis .. je suis passé chez Xiaomi avec le 11 pro 5G et depuis c'est la cata avec mise à jour de l'application ... Je ne peux plus lire les messages sur ma montre et ni recevoir les appels ... Ma fréquence cardiaque prise tout les deux matin .. que ce passe t'il ?",0,1,0,0,dataset_apia2022,1
"I'll raise to 5 stars when I get : - dark mode !!!! - better GPS stability of my watch GT - automated pause/resume of activity of my watch GT - automated detection of activity of my watch GT - capability to edit / enter activites (elevation, etc...)",1,0,1,0,dataset_apia2022,1
Je pratique la course à pied et cette application est parfaite pour suivre son evolution et le rythme de ses entraînements. Elle est complète et simple d'utilisation.,0,0,0,1,dataset_apia2022,1
"C'est bien quand ça marche mais l'appli ne démarre pas une fois sur deux. Information envoyée régulièrement à Huawei, aucun retour. Bref : à éviter, essayer autre chose!",1,1,0,0,dataset_apia2022,1
Aimerai pouvoir connecte toute autre appareil qui na pas la marque,0,0,1,0,dataset_apia2022,1
"Je viens de faire la mise à jour, et depuis je ne peux plus connecter mon bracelet à mon téléphone... pouvez-vous m'aider ?",0,1,0,0,dataset_apia2022,1
Bonne application gratuite et facile d'usage,1,0,0,0,dataset_apia2022,1
Utiliser avec une montre connectée Huawei tout marche pour le mieux,0,0,0,1,dataset_apia2022,1
Super Application ❤ je l'ai trop aimé ❤,1,0,0,0,dataset_apia2022,1
Inutile,1,0,0,0,dataset_apia2022,1
L application n'a calculer que mon sommeil le premier jour. Puis ne le calcule pas. Le reste fonctionne dommage on peut pas voir les graphique en détail,0,1,1,0,dataset_apia2022,1
"A vélo, à pieds en randonnée, je m'en sers toujours, pour moi c'est Super.ouioui",0,0,0,1,dataset_apia2022,1
Déçue de la mise jour plus possibilité d'arrêter les règles...,0,1,0,0,dataset_apia2022,1
nul l'application fait buger la connexion avec ma montre la Huawei watch gt. je ne reçois plus mes messages depuis mars et deux changements de montre.,1,1,0,0,dataset_apia2022,1
Me permet de suivre mes activités en VTT,0,0,0,1,dataset_apia2022,1
Bonne application jumelée a une montre connectée,1,0,0,0,dataset_apia2022,1
"Dommage l'application ""Programme"" que j'avais sur la montre Huawei Fit n'est pas sur la Honor Magic Watch ce qui fait que je ne peux pas injecter mes programmes de sport sur la montre( Honor Magic Watch).",0,0,1,0,dataset_apia2022,1
"Suite à l'achat d'une GT2, la connection avec le téléphone à été compliqué. Mise à jour de l'application à faire avec des messages de sécurité et depuis des désynchronisation régulière ce font dans la journée, de la perte de temps de resynchroniser régulièrement alors que c'est censé être plus pratique.",0,1,0,1,dataset_apia2022,1
"Génial. Superbe application. Il serait temps de faire une mise à jour avec d'autres cadrans avec des thèmes (GOF, Disney, star wars)",1,0,1,0,dataset_apia2022,1
"Cette application est bien mais pour moi un des défauts, c'est qu'il n'est pas possible d'enregistrer un entraînement autre que des cours (ex: machine de musculation, sport de combat, etc.) De plus, il serait cool d'avoir un liens réel avec l'application fitify (enregistrement automatique des entraînements)",1,0,1,0,dataset_apia2022,1
"Application super, juste une étoile en moins car j'aurais aimé que le vocal soit en français, et que, par exemple, pour chaque changement de rythme de course, la montre vibre.",1,0,1,0,dataset_apia2022,1
Peut pas connecter ma montre et ma balance. Car ne les conner pas.,0,1,0,0,dataset_apia2022,1
Je n'arrive pas à trouver d'autre montre que celle proposé dans l'application. Quand je clique pour mettre à jour pour trouver d'autre montre il me noté que je doit vérifié ma connection réseau alors que je suis connecté à internet,0,1,0,0,dataset_apia2022,1
Perte fréquente de la synchronisation avec la montre.,0,1,0,0,dataset_apia2022,1
"Top, facile d'utilisation, juste dommage qu'il n'y ait pas le suivi dynamique pour les appareils qui ne sont pas de marque huawei. C'est mon seul regret, sinon c'est top!!",1,0,1,0,dataset_apia2022,1
Application très bien..cependant impossible d'installer de nouveaux cadrans (l'installation a échouée).. dommage.. sur Samsung Galaxy Note 10,1,1,0,0,dataset_apia2022,1
"Bonjour, Pourquoi la mise a jour de l'application est bloqué sur la version 10.1.1.312 ??? Merci",0,1,0,0,dataset_apia2022,1
Mal fait ! Sommeil est fausse(avec ses couleurs difficile à distinguer). Xiaomi beaucoup mieux.,1,1,0,0,dataset_apia2022,1
"Suite à un Changement de téléphone j'essaie de réinstaller l'application mais je n'arrive pas à mes fins, il y a bien le chargement à 100% puis retour au point de départ... J'ai vérifier le cache.. Les autres appli s'installent... Pas celle ci...",0,1,0,0,dataset_apia2022,1
"Précise ! , détaillée ! , ergonomique ! , esthétique ! , quoi de plus ?",1,0,0,0,dataset_apia2022,1
"Note to developer : it would be great to be able to change at what time we went to sleep.. beacause it said that i went to sleep at 9:30 PM but in reality i went to sleep at 11:30, so the data collected for my sleep is not good. please add an option to change at what tjme we went to sleep and what time we woke up. Thank you.",0,0,1,0,dataset_apia2022,1
"Concernant la mise à jour, il faut désormais se tourner vers Huawei gallery. Dernière mise à jour le 15/05/21.",0,0,0,1,dataset_apia2022,1
"Super pratique, je ne peux plus m'en passer.",1,0,0,0,dataset_apia2022,1
Très pratique et fournit beaucoup de renseignements,1,0,0,1,dataset_apia2022,1
peux d exercices proposé.,0,0,0,1,dataset_apia2022,1
c'est pratique mais je n'arrive plus q voir le padometre dans l'ecran de verrouillage,0,0,1,0,dataset_apia2022,1
Tri Bon application,1,0,0,0,dataset_apia2022,1
A l'usage beaucoup de problèmes de connexion avec le smartphone sans réseau alors que la connexion est par bluethooth,0,1,0,0,dataset_apia2022,1
"Depuis mise a jour impossible de le reconnecter sur l application , page introuvable",0,1,0,0,dataset_apia2022,1
Nul !!!!! Des codes partout à demander et à redemander ....pas de simplicité. Nul . Je change de montre et téléphone,1,1,0,0,dataset_apia2022,1
La montre a du mal à se connecter. L'application fait planter le téléphone.,0,1,0,0,dataset_apia2022,1
"Application correcte. C'est par contre bien dommage qu'il n'y ait que des récompenses et exercices pour les pas et la course. Que fait on de ceux qui font du vélo, du rameur et de l'elliptique par exemple. Ça ne me paraît pas si compliqué à rajouter. L'application fait le job mais il y a une bonne marge de progression encore. Pouvez vous ajouter davantages de médailles et d'exercices lié au rameur et vélo elliptique ? De plus ma Huawei band 4 pro-d82 reste en anglais...",1,0,1,0,dataset_apia2022,1
Impossible à connecter la montre huwai band 6. Il faut faire une recherche mais celle ci ne ce fait pas et met un message d erreur. Essayer sur 2 téléphone différents. 😡😡😡,0,1,0,0,dataset_apia2022,1
Bien rien à dire,1,0,0,0,dataset_apia2022,1
Parfait fiable,1,0,0,0,dataset_apia2022,1
Bug régulièrement et pert des données.,0,1,0,0,dataset_apia2022,1
Très bien. Recommande,1,0,0,0,dataset_apia2022,1
Tres bonne application. Il es triste toutefois de ne piuvoir récupérer la trace en format GPX d où ma note moyenne,1,0,1,0,dataset_apia2022,1
"Impossible de connecter mon bracelet Honor Band 5-675 à l'application depuis le changement d'heure. L'appli me propose de connecter un appareil mais ne le trouve pas quand je fais la recherche, ni après mise à jour. J'ai pourtant éteint et rallumé le bracelet et désinstaller et réinstaller l'appli... Que faire ?",0,1,0,0,dataset_apia2022,1
J arrive pas à me contacter ya mon compte,0,1,0,0,dataset_apia2022,1
Plus de mise à jour Fait régulièrement des misaires à mon téléphones en s'arrêtant régulièrement. La montre watch gt fonctionne bien mais je dois m'en séparer car plus de suivi logiciel,0,1,0,1,dataset_apia2022,1
Impossible pour l'application de mettre à jour la liste des appareils connectés. Du coup ma honor 5 ne peut pas être reconnue.,0,1,0,0,dataset_apia2022,1
"Impossible de se connecter au compte Huawei, l'application plante !!",0,1,0,0,dataset_apia2022,1
ajouter les contrats du portable sur ma montre,0,0,1,0,dataset_apia2022,1
"Je ne peux plus transférer mes exercices sur mon téléphone. Le mois dernier, tout fonctionnait correctement.",0,1,0,0,dataset_apia2022,1
"J'utilise l'application avec honor 6x + watch GT pour la course à pied, et c'est parfait. J'ai une suggestion d'amélioration sur le graphique cardio, est-il possible de mettre en ordonnée les plages de zone d'intensité cardiaque personnalisée. Et, sur les historiques d'exercices de course trouver un moyen de superposer les graphiques cardio/allure/dénivelé. Sinon, bravo pour le travail effectué.",1,0,0,1,dataset_apia2022,1
"Très sympa, mais ça manque d activités. Rajouter du ski/snowboard de la musculation ou autre serait très sympa.",1,0,1,0,dataset_apia2022,1
"Mi8 lite fonctionne très bien, mi10T lite plus moyen de connecter ma GT 58 🤬🤬🤬🤬🤬🤬",0,1,0,1,dataset_apia2022,1
Très précis,1,0,0,0,dataset_apia2022,1
"Application très intéressante, mais la dernière mise à jour contient bcp de bug. Je suis revenu à la version disponible dans la playstore",1,1,0,0,dataset_apia2022,1
Très bonne application seul problème j'ai un nouveau téléphone et et avec le même compte je n'est pas pus récupérer les cadrans que j'ai acheté.,1,1,0,0,dataset_apia2022,1
Il manque beaucoup de sports dans l'application correspondants à ceux de la montre honor magic watch 2. Vraiment dommage !,0,0,1,0,dataset_apia2022,1
Mise à jour impossible pour trouver la honor watch GS pro A8F,0,1,0,0,dataset_apia2022,1
Dommage que le coach vocal n'est pas en français,0,0,1,0,dataset_apia2022,1
"Pourquoi la durée n'apparaît pas ? Il est bien noté ""min"", mais le compteur reste à zéro ?",0,1,0,0,dataset_apia2022,1
Application bien faite sauf quand on fait un exercice ce n'est pas en français quel dommage surtout que c'est vendu en France,1,0,1,0,dataset_apia2022,1
.n est pas pigeon ',1,0,0,0,dataset_apia2022,1
Depuis fin 2021 je n'ai plus de challenge sportif je trouve ça très très dommage et ça enlève un vrai plus à la montre,0,0,1,0,dataset_apia2022,1
Simple and effective,1,0,0,0,dataset_apia2022,1
"Fait son office, une bonne marge de progression néanmoins.",1,0,0,0,dataset_apia2022,1
Fiable et simple d'utilisation,1,0,0,0,dataset_apia2022,1
Extra,1,0,0,0,dataset_apia2022,1
Pourquoi les commentaires vocaux qui accompagne les exercices de marche ne sont pas en français... Ou comment faire pour que je puisse faire les réglages.... Merci pour vos infos... Après je mettrai 5 étoiles...,1,0,1,0,dataset_apia2022,1
❤,1,0,0,0,dataset_apia2022,1
Application tres cool,1,0,0,0,dataset_apia2022,1
je préfère que l'on me parle en français merci,0,0,1,0,dataset_apia2022,1
Impossible de se connecter. Depuis la nouvelle mise à jour plus rien ne fonctionne.,0,1,0,0,dataset_apia2022,1
Impossible de reconnecter mon bracelet honor band 5 avec mon téléphone depuis que j'ai du desintaller l'application qui ne fonctionnait plus... pouvez-vous m'aider ?,0,1,0,0,dataset_apia2022,1
Petit gros problème sur mon huawei p8 Lite l'appli ne marche plus du tout alors que avant elle marcher superbe bien,0,1,0,0,dataset_apia2022,1
Super merci beaucoup,1,0,0,0,dataset_apia2022,1
J'adore. Sauf il n'y a pas de statistiques avec l'altitude...je trouve sa vraiment dommage qu'il n'est pas cette fonction dans l'application.Jabite Sherbrooke et ces montagneux alors j'aimerai voir ces informations avec mon bpm et vitesse sa donne des stats intéressantes .il pourrais le faire ces sa le pire... prochain défi pour les Dev ???? Deadline la fin de l'été !! Hahaha,1,0,1,0,dataset_apia2022,1
"Depuis le 1 janvier 2020,bug sur le.sommeil .",0,1,0,0,dataset_apia2022,1
"Très bonne application, son seul petit défaut est la précision sur les trajets",1,1,0,0,dataset_apia2022,1
"Depuis la dernière mise à jour, tout l'historique a disparu et les activités ne sont pas enregistrées. Montre honor",0,1,0,0,dataset_apia2022,1
Rien à dire fonctionne très bien,1,0,0,0,dataset_apia2022,1
"Appli plutôt satisfaisante dans son ensemble. Couplée à une montre Honor magicwatch 2. Malgré des données qui semblent fiables, un bug récurrent parasite toutes les stats : le compteur de pas ne se réinitialise pas toujours correctement d'un jour sur l'autre, et repart avec les données de pas de la veille. Si j'ai atteint par exemple 10 000pas le lundi, il arrive que le mardi, j'atteigne 13000 pas alors que je n'en ai réellement fait que 3000. Ma montre me compte correctement les pas. Dommage !",0,1,0,0,dataset_apia2022,1
"Bjr à tous Impossible de me reconnecté mon bracelet au téléphone . Ça devient pénible ,",0,1,0,0,dataset_apia2022,1
"Efficace, exacte.",1,0,0,0,dataset_apia2022,1
après le formatage de mon telephone suite a quelques bug et la reinstallation huawei health ne veut plus m'envoyer les notifications sms et internet une deception pour moi,0,1,0,0,dataset_apia2022,1
"Asser complet et précis, facile d'utilisation.",1,0,0,0,dataset_apia2022,1
quelques fois ça bug,0,1,0,0,dataset_apia2022,1
Très pratique. Infos détaillées et exploitables,1,0,0,1,dataset_apia2022,1
Nul coach en anglais,0,0,0,1,dataset_apia2022,1
"Je trouve que cette appli est plutôt bien faite mais il y a un problème dans le calcul de temps d'efforts d'intensité modérée à élevée. En fait, il y a de nombreuses minutes qui ne sont pas comptées. Et depuis la dernière mise à jour c'est bien pire",1,1,0,0,dataset_apia2022,1
"Franchement déçu.... L'appli était top il y a un mois mais depuis quelques temps impossible d'ouvrir l'appli... J'ai du télécharger l'apk de Huawei app galery sur internet pour que Huawei Health s'ouvre correctement. De plus, j'ai des problèmes de notifications qui n'apparaissaient pas avant",1,1,0,0,dataset_apia2022,1
"Très décevant, je n'ai plus accès au cadran depuis la mise à jour !! Pouvez-vous remédier à ça ? Merci.",1,1,0,0,dataset_apia2022,1
"Je ne peux plus me servir de l'application sur mon Samsung Galaxy A50 concernant la balance Body Fat Scale AH100 que j'ai acheté il y a 1 mois alors que tout fonctionnait bien jusque-là. Cela m'indique ""Huawei Health a besoin de Huawei Mobile Service 4.0.0 ou ultérieur pour fonctionner correctement"". En gros, vous vendez des produits sans assurer le fonctionnement derrière... une belle arnaque ! 😡",1,0,0,1,dataset_apia2022,1
"L appli est simple, rapide Offre des données bien précises.",1,0,0,1,dataset_apia2022,1
"J'ai une Huawei watch GT Quand je choisie une activité par exemple velo extérieure, elle me parle en anglais. Pourtant ma montre et bien configuré en français. Que faut il faire comme manip ? Merci",0,0,1,0,dataset_apia2022,1
Application simple d'utilisation,1,0,0,0,dataset_apia2022,1
impossible de connecter ma montre dessus malgré les indications,0,1,0,0,dataset_apia2022,1
Not Orking since last update of my band 3 pro.,0,1,0,0,dataset_apia2022,1
"Depuis juin que j'ai cette montre et l'application, il n'y a toujours 
aucune données d'enregistrement du dénivelé, et ca n'est pas faute d'avoir 
été en rando en montagne... Il y a eu l'apparition avec la MAJ de 
l'activité marche qui est un bon point puisque on ne fait pas que courir 
(rando par ex). MAIS impossible de la lancer et gérer via la montre, il 
faut à tout prix avoir son téléphone, où est l'utilité de la montre alors ? 
L'interface de l'ancienne version était à mon goût bien meilleure, les 
données de sommeil sont illisibles avec ces pointillés et retrouver les 
données des activités de la journée n'est pas une mince affaire... Bref, 
Trop de choses décevantes pour être ravis de cette application.",1,1,1,1,dataset_apia2022,1
No data export available,0,0,1,0,dataset_apia2022,1
OK,1,0,0,0,dataset_apia2022,1
"L'application ne fonctionne plus du tout depuis environ 3 semaines. Toutes mes données sont perdues. Message d'erreur à chaque démarrage. Finalement, réinstallation et ça refonctionne. Super",0,1,0,1,dataset_apia2022,1
"Sur mon S9, ça m'affiche tous le temps.""vérifier votre appareil"". A pars cela, l'application fonctionne bien.",1,1,0,0,dataset_apia2022,1
Je viens d acquérir une Huawei GT 2 Pro et je n arrive pas à m'inscrire pour avoir un ID. Ma montre est inutilisable. Le système est occupé veuillez ressayer ultérieurement. Cela fait plus d une heure que j essaie. Grr,0,1,0,0,dataset_apia2022,1
Pas très précis,1,0,0,0,dataset_apia2022,1
Très déçu connection impossible entre Samsung Galaxy s7 edge et bracelet huawei band 4 pro-450 le bracelet n'est même pas visible et mise à jour impossible il me dit de vérifier ma connexion que je sois connecté en 4G ou en wifi bref passez votre chemin c'est de la piètre qualité une grosse arnaque,1,1,0,0,dataset_apia2022,1
"Depuis la dernière mise à jour, impossible de désactiver le pouls en continu !",0,1,0,0,dataset_apia2022,1
C est bien,1,0,0,0,dataset_apia2022,1
Pas de traduction française pour les exercices vraiment dommage,0,0,1,0,dataset_apia2022,1
"Ne fonctionne plus avec Google, donc si vous avez un Samsung, Sony, Xiaomi ou autres, cela ne vous servira à plus rien. Dommage. J'ai du désinstallé l'application. J'adorais Huawei jusqu'à today.",1,1,0,0,dataset_apia2022,1
"Bonjour, l'application me stimule pour me surpasser tous les jours., et atteindre les objectifs que je me suis fixée. Les fonctions de l'application sont faciles à comprendre, et fait pour plusieurs disciplines. +parcours vos",0,0,0,1,dataset_apia2022,1
"Manque de éléments, la statistique depuis le mois de septembre à disparu, je n'ai le courage de la maintenir.",0,1,0,0,dataset_apia2022,1
Coole,1,0,0,0,dataset_apia2022,1
"Affligeante de pauvreté par rapport aux applications des constructeurs concurrents : impossible de faire autre chose que de courir, ne gère aucune autre activité sportive, pas plus que la nourriture ou le sommeil... Et Samsung Health a tout l'air d'être bloquée sur les smartphones huawei...",0,0,1,1,dataset_apia2022,1
Ce logiciel donne de mauvaise information quand je marche 1heure l appli marque 3minutes et pour le reste c est pareil Vu le prix de la montre Huawei devrais faire des mises a jours,0,1,0,0,dataset_apia2022,1
"Très bonne application, seul problème c'est que ma montre qui a déjà été connecté à l'application marché très bien mais maintenant que j'ai changé de téléphone, l'application le dit que ma montre n'est plus compatible. Pourquoi ?",1,1,0,0,dataset_apia2022,1
"Bonjour depuis la mise à jour de l'application je ne peux plus accéder à mon historique d'exercices j'ai accès à toutes les autres fonctions ( coeur, sommeil, poids, stresse et SPO2 ! Merci de régler le problème!",0,1,0,0,dataset_apia2022,1
Données intéressantes sur sa santé. Suivi des activités diverses avec détails et possibilités de programmes d'entraînement.,0,0,0,1,dataset_apia2022,1
Running distance not logged anymore since last update. No more announce each kilometers.,0,1,0,0,dataset_apia2022,1
App installée sur 2 appareils sous Android 11. Mise à jour de la liste des appareils (bracelet connecté honor bande 6) impossible (message d'erreur - connexion réseau) donc bracelet inutilisable car association impossible ! Veuillez apporter vite une solution... merci,0,1,0,0,dataset_apia2022,1
Pratique et ludique!,1,0,0,0,dataset_apia2022,1
Jm,1,0,0,0,dataset_apia2022,1
Application motivante et satisfaisante. La fréquence cardiaque à l effort par contre n est pas juste.,1,1,0,0,dataset_apia2022,1
Bonjour je voulais retirer l'anglais et ça m'a supprimer le fonctionnement de santé avec le logos alors que c'est mon' objectif de marche merci de pouvoir maider,0,1,0,0,dataset_apia2022,1
L'application ne se connecte pas avec la Huawei band 3,0,1,0,0,dataset_apia2022,1
"Un peu déçue par l'appli, pas assez personnalisable (on ne peut pas modifier les noms des entrées...). Je souhaiterais également avoir plus de détails et de configurations avec les calories brûlées notamment, que ça tienne compte du métabolisme de base en plus... Pas mal quand on pratique le running ou la marche, je trouve un peu pauvre concernant la pratique du crossfit, hiit, musculation, sachant qu'on ne peut rien ajouter ou modifier 😕. Dommage je suis très contente de la montre elle même.",0,0,1,1,dataset_apia2022,1
Tres bien sécurisé,0,0,0,1,dataset_apia2022,1
Bein 😎,1,0,0,0,dataset_apia2022,1
Très content,1,0,0,0,dataset_apia2022,1
"Cette application est superbe sauf que depuis quelques semaines, l'application me compte des milliers de pas qui ne sont pas réalisés. Par exemple, ce matin au réveil, elle me comptait 80 000 pas alors que j'étais toujours couché ??? Peut-on voir ce bug au plus vite Sinon pour le reste, cette application est correcte",1,1,0,0,dataset_apia2022,1
"Impossible de connecter à Google Fit, très décevant pour le suivi d'activité. Google et Huawei devraient se mettre d'accord sur les paramètres de sécurité afin d'améliorer l'expérience utilisateurs.",0,0,1,1,dataset_apia2022,1
La montre se déconnecte régulièrement du téléphone pour les notifications,0,1,0,0,dataset_apia2022,1
espionnage,1,0,0,0,dataset_apia2022,1
Très cool,1,0,0,0,dataset_apia2022,1
Bien mais ne fonctionne plus depuis une mise à jour. J'ai cette application depuis trois ans et je l'adore. Seulement depuis quelques jours sur mon Oppo plus moyen qu'elle se lance alors j'ai désinstallé réinstallé mais on a plus moyen de se logger est ce possible de rétrograder une màj ? Merci aux dev.,1,1,0,0,dataset_apia2022,1
Impossible de connecter mon bracelet band 4 pro quand je veux pr l associer à mon tel sa beugue j'appuie 50fois sur associer mais rien y fait du coup le bracelet me sert pas,1,1,0,0,dataset_apia2022,1
Nul impossible de réglé le coach vocal en français et je ne la trouve pas fonctionnel,0,0,1,0,dataset_apia2022,1
"Très mauvais calcul des distances (calculé 0,47Km au lieu de 1,2Km sur un trajet à pied). Pas très bon à compter les pas. Qu'est ce que ""autre"" que courrir, marcher ou élévation? Mais surtout, je ne trouve pas correct de devoir activer le GPS partout. Y compris pour du sport en salle!",0,1,1,0,dataset_apia2022,1
Dommage que le graphique de suivi de la fréquence cardiaque ne soit pas plus précis( nombres de pulsations lors de chaque relevé).,0,1,0,0,dataset_apia2022,1
👏👏,1,0,0,0,dataset_apia2022,1
"Bien mais un bug important. Il m'est impossible de changer de cadran, la page reste blanche (vide). Visiblement il faut faire une maj dans l'appli, installant un apk... Comportement très suspect... Est ce pour eviter de passer par la protection du play store ? Qu'est-ce qui se cache derrière ?",0,1,0,0,dataset_apia2022,1
Vraiment très fiable s'adapte aux plusieurs appareils,0,0,0,1,dataset_apia2022,1
Elle est top qd ça fonctionne .. mes courses ne sont pas tjs mémorisees ...,1,1,0,0,dataset_apia2022,1
C'est une nécessité extrêmement importante pour les personnes sportives,0,0,0,1,dataset_apia2022,1
Tout bonnement génial 😄,1,0,0,0,dataset_apia2022,1
"Depuis la dernière mise à jour, les résultats remontés après séance de marche sur tapis sont incohérents.... Fonctionnait correctement avant. Pour info :matériel synchronisé huawei band 3 pro",0,1,0,0,dataset_apia2022,1
Super bien,1,0,0,0,dataset_apia2022,1
"Super application. Je l'utilise avec mon bracelet honor band 4. J'en suis très satisfait. Pour le sommeil, il me dit tout par rapport à mon sommeil. Pendant le sport, cyclisme ou marche... Nombre de pas par jour. Ma montre me dit de bouger lorsque je reste longtemps assis... J'en suis vraiment très satisfait. Je le recommande.",1,0,0,1,dataset_apia2022,1
Superbe montre. Mais application à revoir impossible d'acheter des écrans cela bug. Support client n'a pas réussi à trouver la raison et Juste ce qui serait bien c est une mise à jour pour pouvoir laisser l'écran de la montre toujours allumé et améliorer la précision de la mesure du rythme cardiaque,1,1,1,0,dataset_apia2022,1
J'aimerais connecter l'application santé avec ma FITBIT charge 4. Serait-il possible ?,0,0,1,0,dataset_apia2022,1
Erreur lors de l'installation des cadrans de la montre,0,1,0,0,dataset_apia2022,1
J'adore cette mise à jour,1,0,0,0,dataset_apia2022,1
Excel,1,0,0,0,dataset_apia2022,1
"Très bonne application, fonctionnel et précis",1,0,0,0,dataset_apia2022,1
Se déconnecte tout le temps de xiaomi. J'attend une mise à jour ... Pas la possibilité d'avoir les traces GPX de ce que l'on a fait en course ou rando.,0,1,1,0,dataset_apia2022,1
C bien,1,0,0,0,dataset_apia2022,1
"Très bonne application, facile d'utilisation. Ergonomique, claire et multiples informations ℹ",1,0,0,0,dataset_apia2022,1
"De mal en pis, après un gros bug fin décembre avec mon smartphone Huawei ne fonctionne pas sur les smartphones autres que les Huawei ce qui rend les bracelets obsolètes. Demande d'installer Huawei Mobile Services qui bugue avec le message d'erreur : Huawei Mobile Service s'arrête systématiquement. Mon bracelet Huawei Band 3 pro n'est plus qu'une simple montre. Inadmissible !",0,1,0,0,dataset_apia2022,1
"Je viens de changer de téléphone toujours un honor mais le honor 50, et je n arrive pas a installer l appli ! Ça me met échec installation alors que je l avais sur l autre honor, quelqu un aurait il ce problème pour m aider ?",0,1,0,0,dataset_apia2022,1
I cannot link my talk band B2,0,1,0,0,dataset_apia2022,1
Bien j aime,1,0,0,0,dataset_apia2022,1
"L'application est très bien réalisée. Cependant, aucun moyen de partager les données avec Strava et même Google Fit. Le logiciel est trop ferme et pour une montre sportive, ce n'est pas un bon point.",1,0,1,0,dataset_apia2022,1
"Pas  de connexion  avec ma Huawei  watch 2 elle  ne  veut pas  s'associer, vraiment  dommage  je désinstalle  ...",1,1,0,0,dataset_apia2022,1
"J'ai pris ce bracelet en remplacement d'un Fitbit qui au bout d'un an m'a lâché. Je pensais que la natation et l'aquagym seraient mesurées puisque ce bracelet va dans l'eau et présente la fonction nage, mais pas moyen de l'activer. Essayer de répondre aux attentes des utilisateurs. Merci.",0,0,1,1,dataset_apia2022,1
Not Bad. 5 stars when we can create our own faces.,1,0,1,0,dataset_apia2022,1
"Ma montre Huawei GT 2e n'est pas reconnue par l'application (sur Android comme apple). Une montre connectée non connectable, je regrette l'achat de cette montre.",1,1,0,0,dataset_apia2022,1
Pas de mise à jour des bands,0,0,1,0,dataset_apia2022,1
Super application simple et efficace.👍👍👍,1,0,0,0,dataset_apia2022,1
"Bien, en français c'c'est mieux",1,0,1,0,dataset_apia2022,1
Pas ce que je recherche dans ce domaine....,1,0,0,0,dataset_apia2022,1
Je l utilise depuis 1 an c est au top !,1,0,0,0,dataset_apia2022,1
Appli à chiers Impossible de connecter ma montre GT2 pro NEUVE sur cette app corriger moi ça tout de suite,1,1,0,0,dataset_apia2022,1
"Trop de bugs depuis la mise à jour (détecte un sommeil profond quand je ne 
le porte pas, 10 mn d'activité quand j'en ai fait 30 ...)",0,1,0,0,dataset_apia2022,1
Le GPS ne fonctionne plus comme avant,0,1,0,0,dataset_apia2022,1
"Très bonne application pour suivre sa qualité de sommeil, l'évolution de son poids et ses paramètres corporels lors de mes randonnées (activité physique). Elle est complète.",1,0,0,1,dataset_apia2022,1
"Les valeurs de calories sont très en dessous de celles données par d'autres applications , à paramètres égaux. ( Ex Adidas).L'exercice ergomètre ne permet pas de rentrer les kms parcourus ni d'indiquer les calories consommées données par l'appareil qui tient compte des exercices et de la charge réelle. L'application se contente du temps et du rythme cardiaque. Application trop rigide !",1,1,1,1,dataset_apia2022,1
Facile à l'utilisation,1,0,0,0,dataset_apia2022,1
Nullissime!!!! Impossible de se connecter...l'appli demande sans cesse une vérification d'identité pour nous balancer sur une page introuvable. Résultat la montre ne s'appaire pas...,0,1,0,0,dataset_apia2022,1
Une bonne application mais dommage qu'on ne peut pas changer la langue d'annonces de distance parcouru.,1,0,1,0,dataset_apia2022,1
"Ne fonctionne pas avec android, dommage",0,1,0,0,dataset_apia2022,1
J'ai eu une nouvelle montre et l'application n'arrive pas à associer je pense que c'est un bug j'espère que ça sera résolue,0,1,0,0,dataset_apia2022,1
Je n'arrive pas à prendre le poul Est ce qu'il faut une montre connecter ou simplement avec le tel,0,1,0,0,dataset_apia2022,1
"Impossible de configurer mon Honor Band 5, malgré le téléchargement du dernier Huawei mobile service en date. J'ai redémarré le bracelet, désinstallé/réinstallé les deux apps, lu les retours et conseils des utilisateurs. Pour zéro résultat. Je souhaite avoir une aide rapidement. En fonction de quoi, ma note changera.",0,1,0,0,dataset_apia2022,1
Le dernier update bloquait mon app qui fonctionnait à merveille. Réinstaller ne m´est réussi. Est-ce un bloccage de Huawei par Google? Je remarque que plusieurs utilisateurs se plaignent. A quand des excuses et surtout une version qui marche?,0,1,0,0,dataset_apia2022,1
Même problème que les autres utilisateurs..,0,1,0,0,dataset_apia2022,1
je n'arrive pas à recevoir mon code pour m'inscrire !!!!!,0,1,0,0,dataset_apia2022,1
Pourquoi ne peut-on pas sélectionner qu une seule source pour les pas. la fusion des sources fausse les résultats car on porte généralement le bracelet et le smartphone en même temps. 5 étoiles si cela est fait,1,0,1,0,dataset_apia2022,1
"La montre demande tout les jours une mise à jour, c'est bizarre !!",0,1,0,0,dataset_apia2022,1
Super ça m'aide à perdre du poids,0,0,0,1,dataset_apia2022,1
"Le suivi GPS est lamentable, à chaque sortie j'ai beau faire 7 ou 8 km il me retourne une distance inférieur à 1 km 😠😠",0,1,0,0,dataset_apia2022,1
"Depuis la mise à jour, les donnés profil et historique ont disparu..",0,1,0,0,dataset_apia2022,1
Dommage que ce ne soit pas en français,0,0,1,0,dataset_apia2022,1
Le langage n'est pas français,0,0,1,0,dataset_apia2022,1
Pas très intuitif sur Samsung,1,0,0,0,dataset_apia2022,1
Je viens d'acheter un bracelet connecté honor band 6. J'ai installé l'application Huawei Health mais impossible à la faire démarrer...même après plusieurs tentatives. J'ai un Samsung S20. Sais plus quoi faire...vraiment dommage,1,1,0,0,dataset_apia2022,1
"Ne connecte que les montre et outils Huawei et rien d'autre... Dommage, je mettrai plus d'étoiles si débridé pour toutes marque de montres connectées",1,1,0,0,dataset_apia2022,1
"Bonne application, par contre, il semble y avoir un bug dans le calcul (la combinaison) du nombre de pas de mon bracelet et celui de l'application... Il cumul les deux !",1,1,0,0,dataset_apia2022,1
Très efficace pour la course à pieds Suivi exact du temps au km,0,0,0,1,dataset_apia2022,1
Excellent et très simple,1,0,0,0,dataset_apia2022,1
Application très bien détaillé simple d'utilisation avec des objectifs bien précis. Le tout est magnifiquement bien fonctionnel.,1,0,0,1,dataset_apia2022,1
C'est magnifique,1,0,0,0,dataset_apia2022,1
Je n'arrive pas à l'utiliser sur mon Xperia xz3 car il me met tout le temps Huawei mobile service à systématiquement cessé de fonctionner. Alors que sur mon ancien téléphone Xperia xa1 marche très bien. J'ai une montre honor band 5.,0,1,0,1,dataset_apia2022,1
Très bien 😊,1,0,0,0,dataset_apia2022,1
Pour le moment tout fonctionne. On verra dans le temps. Par contre ça serait bien qu'il parle en français et non en anglais pour les chrono. Merci,1,0,1,0,dataset_apia2022,1
"Il serait bien de laisser la possibilité de choisir l'ordre des titres pour la musique stockée sur la montre (GT 2), car écouter un album dans le désordre c'est déjà pas top, mais quand on veut faire une playlist en fonction de l'ordre des exercices que l'on souhaite effectuer, c'est un peu plus gênant... Intégrer également la possibilité du choix du poignet (gauche ou droite) serait vraiment bien.",0,0,1,0,dataset_apia2022,1
Perte d'informations régulières si la montre n'est pas synchronisee tous les jours avec l'application,0,1,0,0,dataset_apia2022,1
bien mais dommage que l'elevation n'est pas pris en compte sans objet style montre,1,0,1,0,dataset_apia2022,1
Génial merci,1,0,0,0,dataset_apia2022,1
Impossible d'actualiser la lister des montres connectées et donc de trouver la montre FitWatch New. Produit inutilisable,1,1,0,0,dataset_apia2022,1
"Impossible de trouver ma montre et d'accéder à la liste des montre huawei. Nul et impossible de mettre à jour l'application, faite vite le nécessaire.",0,1,0,1,dataset_apia2022,1
Fiable et agréable à utiliser en course à pied et en vélo. Très utile pour suivre l'évolution de niveau physique.,0,0,0,1,dataset_apia2022,1
"Reçois les appels mais pas les messages sur ma honor watch 2 Magic,toutes les autorisations sont effectués, téléphone redmi note 7",0,1,0,0,dataset_apia2022,1
Application qui ne semble plus compter les kilomètres et les calories de la même façon depuis 2 jours pour la même distance et au même rythme faite sur 2 jours différents le comptage n'est pas le même. Donc je pense que le comptage ne se fait pas écran éteint ou autre chose. Je ne comprends toujours pas pourquoi les mises à jour sont rendent cette application inutilisable et non fiable au lieu de l'améliorer. J'en ai téléchargé une autre.,1,1,0,0,dataset_apia2022,1
"Depuis début du mois de MAI 2018 plus aucune localisation GPS. impossible 
de suivre son trajet il n'y a que l'écran noir !! J'ai rebooté mon 
téléphone, mis à jour l'application et rien n'y fait !! Pourtant la 
captation GPS est verte ! C'est frustrant !!",0,1,0,0,dataset_apia2022,1
Ne s'ouvre pas !,0,1,0,0,dataset_apia2022,1
C tro top,1,0,0,0,dataset_apia2022,1
"Scandaleux ! J'ai offert la fit à Noël et impossible ajouter 7 montre à cause du crash de leur serveur ! Qd on veut compter ds le monde des OC, on s'en donne les moyens. Le serveur est au fond d'1 garage? De +en+ cher et de -en- fiable. Aucune info sur leur site ni inet à part ici. Je renvoie cette nazerie d'incompétents et vais commander Samsung ou fitbit.Noël gâché. Plus jamais Huawei",1,1,0,0,dataset_apia2022,1
Application très complète,1,0,0,0,dataset_apia2022,1
super thank you,1,0,0,0,dataset_apia2022,1
Super pratique mais pas en Français dommage,0,0,1,0,dataset_apia2022,1
Ne partage plus avec Google Fit !! Les activités et les temps de sommeil n'apparaissent plus dans Google Fit depuis le 22 mai 2021 !,0,1,0,0,dataset_apia2022,1
J'ai une montre connectée et je suis très déçue de l'appli au niveau du sport la distance se bloque à 270 m. Je suis obligée de mettre mon appli Decathlon coach en route pour avoir ma distance réelle parcourue. 😡,1,1,0,0,dataset_apia2022,1
Gros beug depuis 3 semaines aucune synchronisation disponible une vraie galère,0,1,0,0,dataset_apia2022,1
Défaut de fonctionnement de l application avec Samsung grand prime?,0,1,0,0,dataset_apia2022,1
Impossible d avoir les cadrans malgré la mise à jour.....,0,1,0,0,dataset_apia2022,1
Obligé de donner mon numéro de téléphone et mon email pour utiliser une montre???? Et la vie privée tu connais?,0,0,1,0,dataset_apia2022,1
"Dommage qu'on ne puisse pas mettre d'autres balances comme la marque unotec, du coup obligé d'avoir 2 appli qui ne communiquent pas ensemble",0,0,1,1,dataset_apia2022,1
"Bonjour, depuis la mise à jour je peu connecter mon bracelet honor band 3 
sans passer par Huawei wear mais le truesleep ne se s'incronise pas avec 
healt pourquoi ?",0,1,0,0,dataset_apia2022,1
Malheuresement les cadran de montre ne sont pas tres stylee jai pas trouver mon bohneur je les ai tous fait,0,0,1,0,dataset_apia2022,1
Application très correcte et simple d'utilisation. Dommage qu'un bug sur le suivi du sommeil entre le 30 Juin et le 30 Aout ne permettait plus de suivre l'historique ? Heureusement qu'il a été résolu après cette dernière mise à jour (faite le 6 septembre 2020)👍.c'est pour ce bug d'une durée de 2 mois que je n'ai pas mis 5 étoiles...,1,1,0,0,dataset_apia2022,1
Huawei WATCH non compatible avec cette application !,0,0,1,0,dataset_apia2022,1
"Impossible de mettre à jour la liste de bracelet,donc impossible de connecter band 4 pro avec mon téléphone",0,1,0,0,dataset_apia2022,1
Je teste l'application. Il faudrait une détection automatique comme sur Shealth de Samsung.,0,0,1,0,dataset_apia2022,1
Utilisateur novicea a l utilisation de cette montre mais volontaire maigres mes 70 ans,0,0,0,1,dataset_apia2022,1
"Au top pour l'appli,les statistiques Me convient parfaitement",1,0,0,1,dataset_apia2022,1
Rédhibitoire : impossible d'installer de nouveaux écrans depuis mon Samsung Note 9 Android 10 sur la Huawei Watch Fit connectée : ça plante toujours à la fin de l'installation... Impossible de mettre un écran à partir de photos ça plante aussi... Impossible de reconnecter ma montre si je n'active pas le GPS du téléphone (même si ma montre possède un GPS)... Pas d'export...,0,1,0,0,dataset_apia2022,1
marche quand il veut c'est pénible.,0,1,0,0,dataset_apia2022,1
Bienvenue dans la application,1,0,0,0,dataset_apia2022,1
Impossible de connecter ma montre huawei,0,1,0,0,dataset_apia2022,1
"Fonctionne bien avec la honor band 5. Il faut prendre la dernière version de l'application sur un autre market, celle là n'est pas à jour pour toutes les montres ou bracelet. J'ai pris sur aptoide.",0,0,0,1,dataset_apia2022,1
Impossible de l'utiliser avec weward,0,1,0,0,dataset_apia2022,1
Impossible d'ouvrir l appli. J ai acheté une montre honor bande 5 que je peux utiliser... 😡 Après vérification... Il faut la version 4.0.0 et celle qui est sur playstore est la version 3.0.0 Prendre celle de Huawei directement.,0,1,0,0,dataset_apia2022,1
Est il possible de garder nos stats quand on change de téléphone ?,0,0,1,0,dataset_apia2022,1
"Bonne application, mais depuis la dernière mise à jour, impossible d'associer ma Watch Gt à mon téléphone...",1,1,0,0,dataset_apia2022,1
Progrès après plusieurs mise a jour l'application fonctionne mieux. Par contre la mise à jour ne passe plus par le play store il faut télécharger un apk sur le site de Huawei. Depuis août 2021 Du coup je ne mets pas à jour.,0,0,0,1,dataset_apia2022,1
"De nouveau problème pour reconnecter mon bracelet honor band 4-C06,depuis la dernière mise à jour de l'application plus moyen de me connecter ,faite quelques choses .j'en aie marre. Simplifiez pour la reconnecter sinon je change de marque et je vais vous faire de la publicité",0,1,0,0,dataset_apia2022,1
I Love this app,1,0,0,0,dataset_apia2022,1
"Impossible d'installer l'application sur le Honor 50, un message d'erreur s'affiche. J'ai acheté la montre Huawei Band 6 qui nécessite d'être appairée avec l'application.... Donc je ne peux pas m'en servir. Comment faire ?",0,1,0,0,dataset_apia2022,1
Bug au 1 janvier 2020 ! Enregistre bien le temps et les phases de sommeil sur mon bracelet mais ne transmet rien à l'application !!,0,1,0,0,dataset_apia2022,1
Dommage que la voix est en anglais,0,0,1,0,dataset_apia2022,1
Gros soucis impossible de rester connecter depuis que j'ai changé de téléphone.,0,1,0,0,dataset_apia2022,1
J'adore ☺️,1,0,0,0,dataset_apia2022,1
"1ere expérience, pour une mise en route. Dans les exercices en extérieur il n'y a que vélo ou course. Pourquoi ne pas ajouter la MARCHE NORDIQUE. J'ai une application en français, alors pourquoi ai-je un entraîneur anglais, s'il avait l'obligeance de parler la 👅 du sportif cela serait positif.",0,0,1,0,dataset_apia2022,1
"Difficile d'ajouter certaines montres, un vraie galère :-(",0,0,1,0,dataset_apia2022,1
Facile à utiliser,1,0,0,0,dataset_apia2022,1
Je ne peux pas faire les mises à jour Donc utiliser ma montre connectée,0,0,1,0,dataset_apia2022,1
Ça ne fonctionne plus !!!! Comment faire ????,0,1,0,0,dataset_apia2022,1
C est génial et facile à consulter,1,0,0,0,dataset_apia2022,1
Fonctionne pas sous android 10,0,1,0,0,dataset_apia2022,1
"Je viens d'acheter la montre huawei watch fit et sur l'application santé je ne trouve pas les applications Facebook, Instagram et WhatsApp afin d'activer les notifications... Pas cool sachant que ce sont des applications que j'utilise régulièrement...",1,0,1,0,dataset_apia2022,1
Je n arrive pas a connecter ma montre huawei watch 2. Mise à jour trop ancienne ..,0,1,0,0,dataset_apia2022,1
Je n'arrive pas à mettre l'appli à jour Une solution,0,1,0,0,dataset_apia2022,1
Mise à jour inexistante pour connecter ma montre,0,1,0,0,dataset_apia2022,1
Obligation de créer un compte depuis fin mai 2020.,0,0,0,1,dataset_apia2022,1
Trop compliqué,1,0,0,0,dataset_apia2022,1
Bien pour l'instant juste une question comment faire pour le calendrier,1,0,1,0,dataset_apia2022,1
Satisfe Satisfaction,1,0,0,0,dataset_apia2022,1
Très peu de balances connectées référencées et impossible d'en connecter d'autres. C'est vraiment dommage,1,0,1,0,dataset_apia2022,1
Le suivi d'activité cardiaque avec le band 3 pro ne fonctionne pas du tout. Il se désactive tout seul du coup le bracelet connecté n'a plus aucun intérêt à part donner l'heure -_-,0,1,0,0,dataset_apia2022,1
Très fonctionnelle !,1,0,0,0,dataset_apia2022,1
Année antérieure à 1940 oubliez... Toutes personnes âgées de plus de 80ans n est pas referencées ! Discriminatoire... Dommage car les appli etaient simple et efficaces.. Pour moi ça sera le dernier huawei... A bon entendeur,1,0,1,0,dataset_apia2022,1
Excellent sauf que la montre devait vibrer quand elle retrouve le contact avec le satellite GPS,1,1,0,0,dataset_apia2022,1
Ça fait 2 semaines que mes pas ne veulent plus se synchroniser avec l'application pfff Merci les nouvelles mise à jour. Avant tout fonctionner correctement 😩,0,1,0,0,dataset_apia2022,1
Bonne et très utile Application,1,0,0,0,dataset_apia2022,1
De la 💩 surtout ne téléchargez pas cette application elle vous prête le téléphone ou l'ordinateur et toutes vos données sont perdues,1,1,0,0,dataset_apia2022,1
Impossible d'afficher la liste des bracelets connectés depuis déjà 5 jours.... Impossible donc de me servir pleinement du produit,0,1,0,0,dataset_apia2022,1
"Sympa mais il manque des activités par exemple vélo intérieur, elliptique etc...",0,0,1,0,dataset_apia2022,1
N'a pas fonctionné 6 jours ?,0,1,0,0,dataset_apia2022,1
C praticable,1,0,0,0,dataset_apia2022,1
A fonctionné qq jours et pas de possibilité de mettre à jour,0,1,0,0,dataset_apia2022,1
Le rythme cardiaque ne marche pas ???,0,1,0,0,dataset_apia2022,1
"Je suis mitigé, j'ai connecté ma huawei gt2 à mon oneplus 6 mais lorsque je reçois des notifications, ces dernières sont dupliquées sur la montre",0,1,0,0,dataset_apia2022,1
inutilisable avec mon Samsung. ma honor bande 5 n'est pas détecté,0,1,0,0,dataset_apia2022,1
J'ai acheté le bracelet honor band 5 .j'ai donc installé cette application .pour moi qui suis sportif je la trouve parfaitement adaptée. Super application,1,0,0,1,dataset_apia2022,1
"Application inutilisable depuis mon changement de téléphone, je tente désespérément de tout réinstaller et rien ne fonctionne. Je ne recommande pas du tout !",1,1,0,0,dataset_apia2022,1
Les infos ne remontent pas de la montre au téléphone vua l appli. Quel intérêt !,0,1,0,0,dataset_apia2022,1
Mercii,1,0,0,0,dataset_apia2022,1
C trop bien,1,0,0,0,dataset_apia2022,1
"Très bonne appli, mais ne fonctionne plus depuis trois jours déjà. J'ai essayé de la réinstaller mais rien n'y fait.",1,1,0,0,dataset_apia2022,1
Application simple d'utilisation et très précise,1,0,0,0,dataset_apia2022,1
Super pratique et fournies les informations adéquates j'adore,1,0,0,1,dataset_apia2022,1
Ne fonctionne pas sur mon Huawei p20 lite sa a marché une semaines et plus rien,0,1,0,0,dataset_apia2022,1
faite quelque chose votre application ne trouve pas les montre Huawei sur le one plus,0,1,0,0,dataset_apia2022,1
"Application vraiment très agréable, facile d'utilisation, très encourageante, très sympa avec les nombreuses médailles à décrocher",1,0,0,1,dataset_apia2022,1
Serait bien d'affichager avec des couleurs différentes la vitesse au long du parcours,0,0,1,0,dataset_apia2022,1
Slt sa va l'applique bient mai s'en plus ?!!,1,0,0,0,dataset_apia2022,1
"Ce qui serait génial c est une appli qui permette de connecter d autres marques : samsung gear, withings, lenovo et centraliser nos données sur une seule app. Serait meme prêt à l acheter...",0,0,1,0,dataset_apia2022,1
J'ai réussi a ouvrir l'application et maintenant message d'erreur....Huawei a besoin de HMS core 4.0.0 ou ultérieure pour fonctionner correctement.....pouvez vous faire le nécessaire,0,1,0,0,dataset_apia2022,1
L'application ne marche toujours pas faudrait ptr penser à faire quelque-chose et la réparer cette application car c'est bien de faire une application pour une montre pour qu'au final des qu'on fait les mises plus rien ne marche bravo et sa fait le 2eme commentaire que je met et je suis pas la seule à me plaindre donc sa serait bien de se bouger avant que je vous signale a des services plus performants,1,1,0,0,dataset_apia2022,1
L'application ne fctn plus..,0,1,0,0,dataset_apia2022,1
"Super App Très content mais le transfert de données ne se fait plus sauf pour le rythme cardiaque maintenant impossible d'avoir le détail du sommeil , stress etc. j'ai tou essayé, redémarrer la montre , téléchargement manuel et bien sûr la fonction est activée. Très dommage.",1,1,0,0,dataset_apia2022,1
Très bien conçu et rapide.,1,0,0,0,dataset_apia2022,1
"Fonctionne très bien. Je l'utilise sans montre connectée. Il manque l'indication du dénivelé, qui serait intéressante pour la marche en extérieur.",1,0,1,0,dataset_apia2022,1
L'application ne parle pas français comment faire pour résoudre ce problème merci !,0,0,1,0,dataset_apia2022,1
"J'ai un Xiaomi Redmi Note 9 pro. Et impossible de connecter ma montre a l'appli car il faut ""mettre à jour l'application"" et rien n'y fait. J'ai tout essayer. Une catastrophe",1,1,0,0,dataset_apia2022,1
Superbe appli mise à part un manque de fond d'écran il y a 0 fond d'écran animé je suis déçu si vous en mettez plusieurs j'augmenterai bien évidemment ma note,1,0,1,0,dataset_apia2022,1
Je ne sais pas pourquoi il ne marche pas correctement avec mon huawei mate8,0,1,0,0,dataset_apia2022,1
Je n'ai plus accès à l'application donc je ne peut pas connecter ma honnor magic watch.. Peut on m'aider ?,0,1,0,0,dataset_apia2022,1
Je suis un peu déçue car on ne peut pas enregistrer son alimentation comme samsung health. Auriez-vous une application compatible pour voir l'évolution alimentaire avec déduction des exercices type myfitness pal car cette dernière n'est pas compatible. Ce qui est bien dommage car elle est compatible avec pleins d'autres concurrents.,1,0,1,1,dataset_apia2022,1
Je n ai pas Music dans recommandations sur l appli pour ma montre watch gt2 huawei... Que faire ?,0,1,0,0,dataset_apia2022,1
"Fiable, lisible et complete. Customisation possible. Manque juste le coach vocal en français....dommage !",1,0,1,0,dataset_apia2022,1
"Dommage qu'il n'y ait pas la tension artérielle, sinon vraiment bien.",0,0,1,0,dataset_apia2022,1
J'aime beaucoup mais pour une raison x le suivis du rythme ne marche pas du tout alors le avoir un p20 pro est la montre watch gt 2 qui sont de model assez coûteux est que un truc qui était cool c'était le rythme cardiaque mais qui marche pas alors que tout marche est il peux me le calculer mais il s'active jamais ses juste chiant,0,1,0,1,dataset_apia2022,1
"N'enregistre pas tous les déplacements, ni le temps d'exercice.. Dommage.",0,1,0,0,dataset_apia2022,1
"Impossible de connecter ma montre bande pro 2 alors que tout est huawei, montre, téléphonez et appli.",0,1,0,0,dataset_apia2022,1
Je souhaite réinitialiser et remettre les comptes à zéro en janvier... Je ne sais pas comment faire,0,0,1,0,dataset_apia2022,1
J arrive ps avec sommeil et cardio faut il mettre autre applications,0,1,0,0,dataset_apia2022,1
Pas de synchronisation avec Strava. Bof...,0,0,1,0,dataset_apia2022,1
Nouvelle application pour moi sympa,1,0,0,0,dataset_apia2022,1
"Très bien au début, puis j'ai fait l'erreur de faire des mises à jours. Les pas enregistrés par le téléphone et la montre s'additionnent, ce qui fausse complètement le décompte. Impossible également de faire la mise a jours des différents appareils qu'il est possible de connecter sur l'application. Dommage car la montre est très bonne.",1,1,0,0,dataset_apia2022,1
"Changement de smartphone et impossible de mettre à jour , seul honor bande 3 est répertorié , déçu",1,1,0,0,dataset_apia2022,1
Bouffe la batterie pour rien,0,1,0,0,dataset_apia2022,1
No Strava support or data export !,0,0,1,0,dataset_apia2022,1
"Bonne appli pour faire du vélo ou de la course à pieds. Très pratique grâce 
aux indications sonores qui nous alerte à chaque kilomètre. Serait il 
possible de mettre les indications sonores en français ?",1,0,1,1,dataset_apia2022,1
Impossible de connecter ma montre et de mettre l'application a jour,0,1,0,0,dataset_apia2022,1
En attente de la résolution du bug pour le passage à l'année 2020. (la synchronisation des données du sommeil fonctionne plus) Mais impeccable par rapport à d'autres applications /,1,1,0,0,dataset_apia2022,1
"Le logiciel me dit que ma montre ""Honor Magicwatch 2-D20 "" n'est pas compatible..un comble..mon téléphone est un poco X3 pro. En espérant un maj qui corrige ce problème de compatibilité avec ma montre...😭",0,1,0,0,dataset_apia2022,1
"Plus de suivis gps et cela depuis un bon moment aucunes mise à jour satisfaisante qui réglerait le problème, très déçu",1,1,0,0,dataset_apia2022,1
"Soi disant compatible avec Android à partir de Android 4.4, je suis sur un Wiko Y81 et il est impossible de faire la mise à jour des appareils donc je ne peux pas connecter ma montre. Extrêmement déçu de ce mensonge et de leur prestation de la part de Huawei. J'espérais pouvoir trouver une solution à mon problème mais personne ne répond alors plus que déçu, dégouté",1,1,0,0,dataset_apia2022,1
"Application qui s'ouvre pas et reste bloqué sur télécharger la dernière version 4.0.0 où ultérieure ! Du coup, impossible de faire fonctionner la montre HONOR Magic Watch 2 !!! Problème qui doit VITE être réglé.",0,1,0,0,dataset_apia2022,1
Déçue qu'il n'y ait pas un module sur alimentation comme sur Samsung health... Faites cela et je la télécharge de suite,0,0,1,0,dataset_apia2022,1
"depuis la dernière mise a jour plusieur bug de fonctionnement, surtout les pas qui s'accumulent de jour en jour ils sont bien compté dans la barre d'état horaire mais pas au cumul, j'ai Huawei Watch2",0,1,0,0,dataset_apia2022,1
Application simple à utiliser et suffisamment complète.,1,0,0,0,dataset_apia2022,1
Dommage que le coach ne soit pas en Français.,0,0,1,0,dataset_apia2022,1
"C'est ma première expérience, je viens juste de l'installer et de faire mes premiers exercices, je trouve juste dommage de ne pas trouver en gym d'options. Je voudrais juste répondre à Kelly car j'ai u le même problème et avec 3 smartphone différents, je suis donc retourner où je l'ai acheté et il s'on réussi à l'associé, chez Boulanger pour ne pas les sités, quand c'est positif il faut le dire aussi.",0,0,1,1,dataset_apia2022,1
Impossible de se connecter à santé,0,1,0,0,dataset_apia2022,1
"Pas évident pour le début, mais intéressant...",1,0,0,0,dataset_apia2022,1
"Pas content, il ne permet pas de changer le cadran du bracelet connecté",1,0,1,0,dataset_apia2022,1
Gros problème je n'arrive pas à connecté mon bracelet bande 6 à mon tél (Samsung) n'apparaît pas dans le matériel lors de la recherche des périphéries,0,1,0,0,dataset_apia2022,1
Excellent app and band it changed both my life and health. I love it.,1,0,0,1,dataset_apia2022,1
Gps ne fonctionne pas,0,1,0,0,dataset_apia2022,1
"Problème de connection entre la montre et le portable. Fonctionnait très bien il y a encore qqjours et la obligé d'apairer la montre à chaque fois que je veux avoir les messages , appels ou notification sur la montre",0,1,0,0,dataset_apia2022,1
"Fonctionne bien avec ma watch GT 2 pro, appli bien faite",1,0,0,1,dataset_apia2022,1
Impossible de changer le cadran du bracelet honor 5,0,1,0,0,dataset_apia2022,1
L'appli manque d'information au niveau sante de la balance😔,0,0,1,0,dataset_apia2022,1
La meilleure des toutes les applications odomètres,1,0,0,0,dataset_apia2022,1
Dommage qu il parle pas en francais,0,0,1,0,dataset_apia2022,1
"La course sur tapis est considéré comme des ""pas"" et non pas comme un ""exercice modéré à élevé "". La transmission à myfitnesspal est plus que douteuse. Complètement fausse sur les calories 500000 calories pour 30min de tapis, je suis efficace !",0,1,1,0,dataset_apia2022,1
"Je suis mitigé, le bracelets semble ne pas discuté avec l'application du smartphone. Le bracelet est le band 4 pro. Et le smartphone un mate 20. Quand a l'appli il lui manque la nutrition comme celle de son concurrent Samsung. En espérant que les développeurs travaillent dessus. Bon je test encore histoire de remettre les étoiles perdu.",1,1,1,0,dataset_apia2022,1
"Depuis quelques jours plus de synchronisation possible même manuellement, j'ai mes données sur la montre mais plus sur l'application. Résolvez ce problème rapidement.",0,1,0,0,dataset_apia2022,1
"Depuis quelques jours, impossible d'ouvrir l'application et donc une montre qui ne sert à rien... Merci de corriger le bug rapidement",0,1,0,0,dataset_apia2022,1
"Tous va bien, merci d' ajouter des New cadran assez souvent, par contre serai t'il possible de faire de même avec les écran de veille?",0,0,1,0,dataset_apia2022,1
"Pratique, efficace",1,0,0,0,dataset_apia2022,1
Depuis le 1er janvier je ne peux plus faire la mise à jour du sommeil entre la montre et l'application. Donc impossible de vérifier la qualité du sommeil,0,1,0,0,dataset_apia2022,1
Bien 😏,1,0,0,0,dataset_apia2022,1
Formidable bracelet connecté...qui ne se connecte plus depuis la mise à jour du 19 !,0,1,0,0,dataset_apia2022,1
Donne accès à de multiples données sur notre activité sportive ! L'unique bémol c'est qu'elle ne prend pas en compte le ski,0,0,1,1,dataset_apia2022,1
Ne s'ouvre plus depuis la dernière mise à jour... Dommage,0,1,0,0,dataset_apia2022,1
cela aurait pu être 5 étoiles si j'avais le menu nouveau cadrande montre afin de télécharger de nouveau cadran pour ma honor band 5 malheureusement comme ça n'y est pas et je n'ai pas trouvé le moyen de l'ajouter même en réinstallant l'application alors ce sera 2 étoiles et même une désinstallation le mois prochain si je ne trouve pas de solution je me tournerai vers la solution Xiaomi,1,0,1,0,dataset_apia2022,1
Obligé de garder l application ouverte pour avoir les notifications sur la montre Honor watch GS pro et pas de commande photo sur la montre sur le Xiaomi black shark 3 ....,0,0,1,0,dataset_apia2022,1
Depuis la dernière mise à jour quand je retire le bracelet c'est considéré comme un temps de sieste.. Gros bug..,0,1,0,0,dataset_apia2022,1
le rythme cardiaque via lempreinte serai pas mal,0,0,1,0,dataset_apia2022,1
"Pour ceux qui ne le savent pas, Huawei et Google ne travaille plus ensemble. Si vous n'arrivez pas a mettre a jour votre appli Huawei Health c'est normal. Vous devez telecharger l'appli Appgalerie de Huawei via le net. Et là vous trouverez les mises à jour pour Huawei Health qui ne sont plus disponible sur Playstore.",0,0,0,1,dataset_apia2022,1
Très bonne aplis,1,0,0,0,dataset_apia2022,1
Impossible d'associer mon bracelet band 5. L'application ne veut pas mettre à jour la liste des matériels,0,1,0,0,dataset_apia2022,1
"Oblige l'installation d'une app inutile (Huawei mobile services) si l'on veut utiliser l'app. Permission téléphone obligatoire alors que pas indispensable. Dommage, la band 3 pro est une bonne montre assez fiable pour la course à pied, surtout vu son prix . Problème résolu en installant une vieille version de l'app et en bloquant toutes les permissions ça marche après un message d'avertissement à chaque lancement.",0,0,1,1,dataset_apia2022,1
Pas mal mais je pense que c'est pas fiable c'est juste une simulation pour voir nombre de pas compter mets l'appli marche,1,0,0,1,dataset_apia2022,1
"Bonne application, sauf pendant mon exercice de marché le GPS m'envoie dans la mer, pas au point. Ça serait bien une mise à jour pour les repas. Merci.",1,1,1,0,dataset_apia2022,1
Bien dans l'ensemble mais nombre de pèse-personnes intelligents compatibles très limité.,1,0,1,0,dataset_apia2022,1
"après beaucoup de galére g désinstallé l appli g téléchargé Huawei app g téléchargé l'application Huawei health dessus et visiblement cela fonctionne bien.... bon c'est mieux mais pas top .....Avant ma manip voilà ce qui se passait :Depuis la dernière mise jour Plus aucun historique plus de connections avec ma montre rapport d'erreur il faut éteindre mes deux appareil pour se reconnecter ,impossible de garder en mémoire mon compte Huawei..... Ma montre est une Huawei gt et mon tél un Poco x3",0,1,0,1,dataset_apia2022,1
Pas de suivi correct avec un tel xaomi mi 10t lite. Que des lignes droites,0,1,0,0,dataset_apia2022,1
"Nuul, Impossible de se connecter au compte",1,1,0,0,dataset_apia2022,1
J'arrive pas à ce connecter avec Huawei band 4 pro,0,1,0,0,dataset_apia2022,1
Gros bug à chaque fois que je vais sur l'application elle se ferme direct,0,1,0,0,dataset_apia2022,1
meilleur apk pourquoi ne pas ajouter le nombre de calories brulés en utilisant la corde a sauter,1,0,1,0,dataset_apia2022,1
Appli complète 👍,1,0,0,0,dataset_apia2022,1
Les échanges pour le sommeil ne fo ctionne toujours pas malgré l'amuse à jour de la nouvelle année !! Très déçue..,1,1,0,0,dataset_apia2022,1
"Génial pour compter les pas. Possibilité de mettre sur l'écran de verrouillage très pratique car pas besoin d'ouvrir l'application !! Après, dans le détail très précis. Comprend e quand on monte les escaliers ou quand on cours! Fabuleux. Marche même si on le met dans le sac✌🏽",0,0,0,1,dataset_apia2022,1
Application qui ne fonctionne pas. Impossible de connecter m'a montre et d accéder aux services,0,1,0,0,dataset_apia2022,1
Dommage que l'on puisse pas exporter les parcours...,0,0,1,0,dataset_apia2022,1
Apk française mais audio en anglais,0,0,1,0,dataset_apia2022,1
"Très bon design.... Application complète... Pensez à balayer le menu pour 
accéder au rythme cardiaque.",1,0,1,0,dataset_apia2022,1
Je ne peut plus me connecté a mon compte vraiment déçu,1,1,0,0,dataset_apia2022,1
serait-il possible que l’application Huawei Health comptabilise les marches (escalier)?,0,0,1,0,dataset_apia2022,1
Bonne appli fonctionne très bien,1,0,0,0,dataset_apia2022,1
Crash depuis maj septembre 21,0,1,0,0,dataset_apia2022,1
J'aurais mis 5 étoile mais un mise à jour en apk pas sur le Google play store je trouve ça honteux,1,0,1,0,dataset_apia2022,1
Cette appli n'est pas pratique du tout. Je ne comprends strictement rien à cette application. Je trouve ça difficile comment la gérer.,0,0,0,1,dataset_apia2022,1
Bonne application et très intuitif,1,0,0,0,dataset_apia2022,1
Pas en français,0,0,1,0,dataset_apia2022,1
Mon bracelet Huawei band 4 pro n est plus pris en charge dans l application. Je viens de changer de téléphone. C est une mauvaise surprise. Car je ne peux plus connecter ma montre.,0,1,0,0,dataset_apia2022,1
J'aime. Cette application m'encourage dans la reprise de l'activité physique que j'avais abandonné.,1,0,0,1,dataset_apia2022,1
Pas mal pour la course,0,0,0,1,dataset_apia2022,1
"Application simple d'utilisation, tellement simple qui n'y a pas grand chose à ce mettre sous la dent, un peu plus de de fonctionnalités d'applications supplémentaires et là on pourrait parler de montre connectée parce-que j'ai l'impression d'avoir un joué aux poignets face à Android Wear qui regorge de possibilités. Un effort s'il vous plaît avoir un Ferrari et pas de moteur c'est frustrant Au bout d'un moment.",0,0,1,1,dataset_apia2022,1
Bonjour je ne sais pas quoi faire ni comment m'en servir,0,0,1,0,dataset_apia2022,1
T. Bien,1,0,0,0,dataset_apia2022,1
Magnifique application 💖💖💖💖💖💖💖,1,0,0,0,dataset_apia2022,1
Pourquoi ma VO2max n'est elle pas disponible avec mon honor band 5 ???,0,1,0,0,dataset_apia2022,1
Ne fonctionne plus depuis quelques jours. Impossible de démarrer une activité.,0,1,0,0,dataset_apia2022,1
Je ne peux pas connecté ma montre honor band 5 à l 'appli car il n'y a pas la montre dans l'appli pour l'associé. Je suis très déçu. Pourtant je fais les mises à jour dans l'appli.,1,1,0,0,dataset_apia2022,1
J'utilise l'application pour le VTT ainsi que pour le suivi de ma santé je trouve que l'application est bien faite point j'utilise la GT2 de Huawei,0,0,0,1,dataset_apia2022,1
"J utilise cette applicarion depuis un moment mais et j en étais satisfait mais Plus de synchronisation avec ma montre connectée depuis le 1 janvier , très très embêtant. Je viens de supprimer et de réinstaller et tout est rentré dans l'ordre",0,1,0,0,dataset_apia2022,1
Il y a toujours un bug avec one plus 8,0,1,0,0,dataset_apia2022,1
Depuis la dernière mise à jour on lève le matin et le pédomètre est déjà à 32000 ou 50000,0,1,0,0,dataset_apia2022,1
Je n arrive plus à connecter ma montre honor band 5-EAE elle ne s affiche même plus dans les montres disponibles alors qu avant j arrivais a me connecter,0,1,0,0,dataset_apia2022,1
"Décevant - à peine quelques mois d'utilisation, et on ne peut déjà plus changer l'affichage de l'écran.",1,1,0,0,dataset_apia2022,1
J'adore parce que ça me renseigne en détails sur mes activités sportives quotidiennes.,1,0,0,1,dataset_apia2022,1
Ne fonctionne plus avec mon nouveau téléphone xaomi 11 lite.,0,1,0,0,dataset_apia2022,1
Superbe appli. Me sert tant pour la marche que pour juger la qualité de mon sommeil étant accouplée à ma montre connectée .,1,0,0,1,dataset_apia2022,1
Elle ne marche pas sur mon appareil,0,1,0,0,dataset_apia2022,1
Bonne application santé. Seul défaut le dénivelé n'apparaît pas sur les parcours de course à pieds et de vélo,1,0,1,0,dataset_apia2022,1
Impossible d associer ma GT 2 pro a ce jour...,0,1,0,0,dataset_apia2022,1
Données effacées. Depuis la dernière mise à jour de mon téléphone tout mon historique d'activité ou de nombre de pas a été effacé 🤬,0,1,0,0,dataset_apia2022,1
"cette montre est utile can tu veux savoir l'heure ,le distance parcourue ,les notifications sur ton téléphone Message..... et les sommeil sur la montre mais can on reste assis sans bouger la montre crois con dort cest le petit problème qu'elle a donc voilà",0,1,0,1,dataset_apia2022,1
Incompatibilité partielle avec Xiaomi Redmi Note 8 Pro....surtout pour la maîtrise du rythme cardiaque...très ennuyeux./ En simulant une mise à jour...tout est devenu normal👍🏾,1,1,0,0,dataset_apia2022,1
"La dernière mise à jour qui n'est pas disponible sur le play store seulement qur le qite Huawei est totalement beuguée. (Pas de prise en compte du rythme cardiaque, impossible de synchroniser avec les données sauvegardées dans le cloud) Merci de corriger",0,1,0,0,dataset_apia2022,1
bon application,1,0,0,0,dataset_apia2022,1
L'application ne reconnait pas mon bracelet,0,1,0,0,dataset_apia2022,1
Bonne appli. Il y a encore de la marge de progression.,1,0,0,0,dataset_apia2022,1
Connection impossible a Huawei band 4,0,1,0,0,dataset_apia2022,1
Ma montre ne se connecte pas (honor band 6),0,1,0,0,dataset_apia2022,1
Ne pas ce mettre à jour,0,1,0,0,dataset_apia2022,1
Manque de simplicité. A revoir,0,0,1,0,dataset_apia2022,1
"Pas mal avec une Honor mais impossible de sauvegarder la plage de rythme cardiaque ou le rythme cardiaque maxi, en fonction de l'âge. Il revient toujours à 190, donc 30 ans. Tous les calculs concernant les calories,.... sont donc toujours faux !!",0,1,1,1,dataset_apia2022,1
Elle ne marche pas. Et j'ai une montre connectée de chez eux.... Nulissime,0,1,0,0,dataset_apia2022,1
"Impossible de renseigner mon sexe ou d'ajouter une photo dans mon profil : j'ai un écran tout vide (blanc), avec une barre noire en haut et une croix pour quitter",0,1,0,0,dataset_apia2022,1
Exelante pour la course en extérieur mais la voix est en anglais sur Android et en français sur iphone... Impossible de metre en français,0,0,1,1,dataset_apia2022,1
Nombre de pas et km sous estimés (énormément),0,1,0,0,dataset_apia2022,1
Bonjour je viens d'avoir la honor band6 l'application n'est pas compatible avec ce bracelet à quand la mise à jour Android,0,1,0,0,dataset_apia2022,1
"Bonjour, Il est impossible d'installer l'application sur le Honor 50. Pourriez-vous remédier à ce problème ? Merci.",0,1,0,0,dataset_apia2022,1
Je n arrive pas a connecter ma montre avec mon téléphone le message de config n arrive pas,0,1,0,0,dataset_apia2022,1
Nul je comprends rien j arrivé pas à mettre ma ville pour savoir combien de kilomètres j ai couri dépenses etc....,0,1,0,0,dataset_apia2022,1
Ne prends pas en charge la balance Huawei scale 3 !!!,0,0,0,1,dataset_apia2022,1
"La dernière mise à jour de l'application, est très jolie et pratique, mais elle a supprimé toutes mes données 😓 Je ne sais pas comment je peux les récupérer.",1,1,0,0,dataset_apia2022,1
Impossible d'accéder aux cadrans depuis la maj. Un peu casse pied,0,1,0,0,dataset_apia2022,1
Bug pour connecter la montre,0,1,0,0,dataset_apia2022,1
"Impossible de connecter ma honor 5, une honte j'ai payer mon bracelet mais Impossible de la mettre sur mon samsung s9+. L'application healther ne peut pas mettre à jour la liste des appareils a associés car cela me dit que je n'ai pas de connexion internet.. heureusement ont peut pas mettre 0 etoile",1,1,0,0,dataset_apia2022,1
De pire en pire...changement de smartphone et impossible de reconnecter. Le comble : devoir passer par appgallery de Huawei pour réinstaller une montre Honor sur une app Huawei... Alors que ces 2 marques sont censées être dissociées .,1,1,0,1,dataset_apia2022,1
Simple et efficace. Depuis Aout 2021 je n'ai plus les photos prises sur le parcours et insérées dans le suivi dynamique ? cela à très bien marché avant mais avant quoi ? Montre huawei Band4 Pro et mobile Mate20 Pro,1,1,0,0,dataset_apia2022,1
Appli qui ne s ouvre plus depuis 2 jours,0,1,0,0,dataset_apia2022,1
"Je ne comprend pas pourquoi je ne peux plus depuis quelques temps visualiser les parcours de mes exercices, télécharger de nouveaux cadrans et d'autres fonctionnalités telles que gérer le compte !!! ... en gros ça ne s'arrange pas. Par contre la pub pour acheter la Watch 3 fonctionne parfaitement... 😒😒",0,1,0,0,dataset_apia2022,1
"Problème de mise à jour enfin régler après mise à jour depuis appareil, j'adore cette montre.",0,1,0,0,dataset_apia2022,1
Félicitations pour la réactivité concernant le bug de l'an nouveau... Cette application répond à ce que l'on lui demande...,0,1,0,0,dataset_apia2022,1
Complète mais de nombreux bugs. Ne reste pas ouverte lors d'un exercice physique. Le temps de sommeil se transfère mal. Dommage.,0,1,0,0,dataset_apia2022,1
Top appli qui permet d'obtenir des informations sur fréquences cardiaques mini et maxi gestion de l'activité physique / poids / séance d'entraînement / rythme cardiaque sommeil etc........,1,0,0,1,dataset_apia2022,1
"Bonne application mais j'ai trop le seum qu'on peut se connecter seulement qu'à des montres huawei. J'ai un Gear wach et je peux pas le connecter dessus. C'est vraiment dommage, moi qui suis quelqu'un qui prête attention à ma santé, le sport est super important dans ma vie. Et c'est un des grands critères qui décidera du choix de mon prochain smartphone. Donc j'espère qu'on pourra se connecter sur n'importe quelle montre, soit par une maj ou sur soit sur les prochains modèles.",1,0,1,0,dataset_apia2022,1
Do not work with recent devices,0,1,0,0,dataset_apia2022,1
"L'application ne fonctionne pas, elle ne détecte pas mon bracelet huawei band 4 pro. Très déçu de ne pas pouvoir utiliser mon bracelet ... totalement inutilisable",1,1,0,0,dataset_apia2022,1
"Fonctionne très bien, est beaucoup plus précis et donne bien plus d'info que les applications concurantes de mes proches. Je suis quelqu'un d'actif et je l'utilise presque chaque jours avec mon téléphone et ma montre Huawei!",1,0,0,1,dataset_apia2022,1
Perfect,1,0,0,0,dataset_apia2022,1
Sa marche pas sur mon Galaxy S10e ! J'ai acheté une montre Huawei GT2 mais vu que votre application ne marche pas même après avoir installé Huawei service.. Une solution ?,0,1,0,0,dataset_apia2022,1
"bonne application, je regrette cependant de ne pas recevoir mes SMS sur mon honor band 4 alors que je reçois bien les accusés de réception des SMS envoyés (pas de soucis avec whatsapp). intéressant pour suivre son évolution en natation",1,1,0,1,dataset_apia2022,1
Manque de précision dans les exercices.,0,0,1,0,dataset_apia2022,1
J ai un problème j ai un nouveau pixel 6et une montre GT 2 impossible de me connecter a mon compte .... De télécharger la musique ni les cadrans de montre....svp essayé de corriger merci,0,1,0,0,dataset_apia2022,1
très bien,1,0,0,0,dataset_apia2022,1
"Comme beaucoup de personnes des forces close de l'application, la perte de mes données,..  Il serait bien aussi d'avoir plus de détails au niveau de la fréquence cardiaque, pouvoir zoomer sur le graphique ou avoir une réglette que l'ont peut glisser et voir à un instant T la valeur de la fréquence cardiaque",0,1,1,0,dataset_apia2022,1
Je viens de faire 4 km et l'application me met 0.34 km avec 504 pas!!! Je ne peux plus l'utiliser car les données sont fausses...,0,1,0,0,dataset_apia2022,1
J'adore Super,1,0,0,0,dataset_apia2022,1
"Au début cette application était très bien, je l'utilise depuis le 24 décembre avec mon bracelet connecter pro 3, je m'en sert surtout pour le podometre et l'analyse du sommeil. Mais depuis 3 jours elle ne se synchronise plus du tout avec mon bracelet. Elle dit que j'ai dormis 16 min au lieu de 8h10, et que je n'ai pas dormis du tout au lieu de 8h de sommeil. J'ai beau faire la synchronisation rien ne marche. S'il est possible de faire quelque chose pour ce bug, ça serait bien merci.",1,1,0,0,dataset_apia2022,1
Voix interlocuteur très faible.,0,0,0,1,dataset_apia2022,1
Très bien. l'App est associée à ma watch fit. Très bon pour le prix.,1,0,0,1,dataset_apia2022,1
Plus de mise à jour du GPS depuis des mois. J'ai sollicité le service client qui ne répond pas,0,1,0,0,dataset_apia2022,1
Problème de cadrans. Je n'arrive plus à télécharger de nouveaux cadrans depuis l'appli. La redirection vers le choix des cadrans ne se fait plus...dégoûtée...,0,1,0,0,dataset_apia2022,1
"J'utilise cette application en complément de la montre Huawei GT 2. Elle est très complète et le couplage des données avec la montre est parfait. Sur les prochaines évolutions je trouverais pratique de centraliser les records dans un même lieu pour les visualiser facilement, d'avoir sur l'application et sur la montre un chronomètre pour le kilomètre en cours dans les programmes de course et de pouvoir disposer dans la montre des programmes d'entraînement définis sur l'application.",0,0,0,1,dataset_apia2022,1
Why is not possible to have the date name localised ? Sam. Dim. Lun. Mar. Mer. Jeu. Ven. for exemple in french Why the horrible date name in english !,0,0,1,0,dataset_apia2022,1
"Super application.,par contre il serait possible d.'avoir une voix en français ?",1,0,1,0,dataset_apia2022,1
C'étais bon mais ça ne fonctionne plus depuis la dernière mise à jour. Dommage.,1,1,0,0,dataset_apia2022,1
"Appli qui fonctionnait pas trop mal jusqu'à la dernière Maj ou il devient impossible de désactiver le suivi permanent du rythme cardiaque, l autonomie de la Huawei watch GT est de ce fait bien impactée",0,1,0,0,dataset_apia2022,1
L'application marchait super bien et la nouvelle Màj plus rien ne fonctionne il me demande Huawei mobile servie 4.0 je l'ai mais ça change rien... J'espère que ça sera vite corrigé..,0,1,0,0,dataset_apia2022,1
Aucune notification n'apparaît sur ma montre. Application d'une totale inutilité dans ce cas.,1,1,0,0,dataset_apia2022,1
Cathartique,1,0,0,0,dataset_apia2022,1
"Bonjour, j'ai l'application santé pour ma montre Magic watch 2, tout va bien, sauf en ce qui concerne la météo et plus particulièrement la température,qui peut varier de plus de 5° en moins...selon les moments... j'ai voulu trouver un réglage pour la localisation, pour vérifier,..mais en vain... j'espère avoir un retour à ma question.. merci par avance...",0,1,0,0,dataset_apia2022,1
Depuis la mise à jour de ma montre modèle GT 6f9 l'application ne me l'a prend plus en charge impossible de la connecter malgré une désinstallation de l'appli des redémarrage et j'en passe. Suite à une mise à jour de l'application faîte manuellement. Ma montre est à nouveau reconnue et de ce fait connectée. Problème résolu je tenais à le signaler.,0,1,0,0,dataset_apia2022,1
"Simple et efficace. C'est surtout la montre qui est super watch GT2 avec 2 semaines d'autonomie sans concession. L'application est fiable, notifie tout ce que vous souhaitez en provenance du téléphone. Seul bémol: il faut installer les Huawei Mobile Services et est parfois complexe.",1,0,0,1,dataset_apia2022,1
Tout simplement c'est parfait,1,0,0,0,dataset_apia2022,1
Super et précise,1,0,0,0,dataset_apia2022,1
"Très bonne application, très complète, m'encourage à poursuivre mes activités physiques",1,0,0,1,dataset_apia2022,1
C est un très bon site,1,0,0,0,dataset_apia2022,1
Je m'en sers à chaque sortie. Facile d'utilisation.,0,0,0,1,dataset_apia2022,1
"Expérience décevante, demande toujours une maj plus jamais une Huawei.",0,0,0,1,dataset_apia2022,1
"L'application fait un bon suivi et rend les informations très lisibles. Il y a des bugs, des approximations. Cependant les équipes sont disponible pour écouter et résoudre ces problèmes. Je déplore cependant le manque de certaines infos comme la VMA ou le calcule claire du dénivelé cumulé. Gros bug sur la nouvelle fonctionnalité : corde à sauter, fait planter l'application au bout de 1000 sauts.",0,1,1,1,dataset_apia2022,1
Application fiable je recommande,1,0,0,0,dataset_apia2022,1
Application très utile,1,0,0,0,dataset_apia2022,1
Genail!,1,0,0,0,dataset_apia2022,1
bug pas possible de regarder le ritme cardiaque durant la journée,0,1,0,0,dataset_apia2022,1
"J'apprécie tout ce que Huawei healt me transmet sur mon activité physique, sommeil et autres. Toutefois, il arrive qu'il omette d'enregistrer des sections.",0,1,0,1,dataset_apia2022,1
Bien appart fonction météo,0,0,0,1,dataset_apia2022,1
⛔ATTENTION CETTE APPLI NE FONCTIONNE PLUS. 📵 NE PAS FAIRE DE MISE À JOUR ICI ET SURTOUT NE PAS RÉINITIALISER VOTRE MONTRE SINON ELLE NE FONCTIONNERA PLUS DU TOUT 🚯. FAIRE LES MISES À JOUR DEPUIS APP GALLERY DE HUAWEI ET TOUT RENTRERA DANS L'ORDRE !,0,1,0,0,dataset_apia2022,1
Impossible de l'installer sur un Honor 50...,0,1,0,0,dataset_apia2022,1
Génial!!!,1,0,0,0,dataset_apia2022,1
Première utilisation. Super,1,0,0,0,dataset_apia2022,1
"Super application mais le dénivelé ne fonctionne pas... J'enlève donc une 
étoile",1,1,0,0,dataset_apia2022,1
Cette application ne fonctionne pas . Il faut rentrer plusieurs de codes et sa ne sers à rien . Je déconseille cette application,1,1,0,0,dataset_apia2022,1
Pratique assez ergonomique Rien a redire ..... .,1,0,0,0,dataset_apia2022,1
L'application fait le travail et est plutôt précise. Bon point sur la sauvegarde cloud qui permet de retrouver facilement ses données. Malheureusement impossible d'utiliser des montres d'autres marques ni de lier à des applications comme Sleep as Android pour le sommeil. Le format d'export des données est assez rude aussi mais a le mérite de bien fonctionner.,0,0,1,1,dataset_apia2022,1
Best health app thank you Huawei for the great app and mobile you are the best with or without GMS we can do it HMS is the future,1,0,0,1,dataset_apia2022,1
Cet outil est magnifique,1,0,0,0,dataset_apia2022,1
Largement suffisant,1,0,0,0,dataset_apia2022,1
Gros problème depuis l'achat d'un Samsung galaxy s20 impossible de l'utiliser. HELP HELP .....,0,1,0,0,dataset_apia2022,1
Depuis aujourd'hui un écart entre le nombre de pas sur la montre et et ceux sur le téléphone. Comment résoudre le problème svp ?,0,1,0,0,dataset_apia2022,1
"Bien. Manque beaucoup de fonctions. J'arrive pas à paramètrer en français quant il me donne le nombre de km, la vitesse que je fait en exercice il me les donne en anglais dommage !",1,0,1,0,dataset_apia2022,1
Bonne application de remise en forme,1,0,0,0,dataset_apia2022,1
Application plante tout le temps.Il faut a chaque fois redémarrer la montre et le gsm.Pénible a la longue.Communication avec la GT2 laborieux.Vite une mise a jour efficasse!,1,1,0,0,dataset_apia2022,1
"Est-il possible d'avoir on la voix en français, lors de l'exercice SVP. Ou sinon comment le programmer",0,0,1,0,dataset_apia2022,1
Je n'arrive plus à avoir les différents cadrans. La page reste blanche. Que se passe t'il ? Merci,0,1,0,0,dataset_apia2022,1
Bonne application dans l'ensemble Très motivante,1,0,0,0,dataset_apia2022,1
"Peu mieux,.taux d oxygène, tension",0,0,1,0,dataset_apia2022,1
"L application est très bien et largement suffisante pour moi. Beaucoup de paramètres sont pris en compte, c'est top. MAIS POURQUOI N'Y A-T-IL PAS LE SKI DE PISTE COMME SPORT D'ENTRAÎNEMENT ?? C'est une discipline essentielle pour moi et certainement que je ne suis pas là seule. Merci d'avance pour votre retour et d'envisager sérieusement d'ajouter cette discipline de sports d'hiver.",1,0,1,0,dataset_apia2022,1
Je ne vois plus du tout le suivi de mes heures de sommeils. Cela n'apparaît plus du tout.,0,1,0,0,dataset_apia2022,1
Je comprends pas l'anglais......,0,0,1,0,dataset_apia2022,1
Réponds à mes attentes,1,0,0,0,dataset_apia2022,1
"Application plutôt bonne dans l'ensemble, surtout le ""suivi dynamique"" qui est un gros + pour ma pratique. Dommage que mon dernier parcours ait un tracé GPS erroné par contre ( de plusieurs dizaines de mètres), je ne sais pas si ça vient de la montre ou de l'appli. Très dommage aussi qu'on ne puisse pas avoir un tracé GPS en sport nautique type voile car c'est mon utilisation principale et je suis obligé de rester en mode cyclisme pour avoir l'historique de mon circuit ☹️",1,1,1,1,dataset_apia2022,1
"sur un smartphone installé d'origine, il fonctionne de suite, en téléchargement, ol faut un compte Huawei ou donner toutes les données compte Google....",0,0,0,1,dataset_apia2022,1
"L'application fonctionnait très bien jusqu'à il y a quelques mois, depuis, impossible de voir mes pas, par jour où par mois. Plus non plus accès aux autres données. Je suis très triste parce que jusque là j'en étais très satisfaite. J'attends désespérément une mise à jour qui résolve ces problèmes qui commencent à devenir sérieusement pesants, à tel point que je recherche d'autres applications de ce type, afin d'en changer si rien ne vient à changer dans les mois qui viennent.",1,1,0,0,dataset_apia2022,1
"Il faut s'inscrire, je ne sais où pour pouvoir connecter sa montre. Prétendre que l'on se préoccupe des la confidentialité nécessite un minimum de transparence, un accès web depuis n'importe quel ordinateur en fait partie. Je n'ai pas réussi à m'inscrire à ce truc en utilisant mon ordinateur. Une application santé sans le site web accessible depuis un ordinateur, de mon point de vue ne sert à rien.",0,0,1,0,dataset_apia2022,1
Nul impossible de créer un compte huawei depuis la Réunion. Demande un numéro de GSM mais ne prend pas en compte l'indicatif de la Réunion +262 Donc achat inutile de la watch fit,1,1,0,0,dataset_apia2022,1
Très bonne application 👍,1,0,0,0,dataset_apia2022,1
"Bonne appli. Il manque quand même quelques activités. Rajouter une activité de musculation serait pas mal, ou la possibilité de créer soit même une activité. Le fait de modifié les détails après une activité serait bien aussi, je suis utilisateur de la huawei band 3 pro et je ne peux pas rajouté la distance ou la vitesse moyenne lors d'une séance de vélo d'intérieur par exemple. Avec certaines modifications cette appli pourrait avoir 5 étoiles 😉",1,0,1,0,dataset_apia2022,1
"Bonjour,J'ai une huawei watch gt active orange.Toujours marché super bien, l'application est au top ! Mais il y a quelques chose qui me dérange légèrement un peux, c'est que l'on peux pas rajouter de programme à la montre quand ton veux faire du sport, je m'explique. Si je veux faire du vélo et que je veux être à certains moment à 135bpm pendant 15 min et juste après à 165bpm pendant 7min etc. Serait bien t'intégrer une vibration au moment où il vaudrai changer de rythme cardiaque... Cordialement",1,0,1,0,dataset_apia2022,1
La montre se déconnecte de l'application et impossible de se reconnecter,0,1,0,0,dataset_apia2022,1
Pourquoi aucune mise à jour depuis le Store Google ???,0,0,1,0,dataset_apia2022,1
"Bonne appli pour le sport et la santé bravo pour les nombreuses améliorations . les skin de cadrans supplémentaires il en faudrait plus et qu on puisse supprimer plus de préinstallés manque encore la possibilité de piloter les lecteurs médias du tel ( spotify lecteur audio,...) et plus de details meteo du jour sur la montre et ce serait parfait . et je n'ai jamais eu d'enregistrement du stress...",0,0,1,0,dataset_apia2022,1
Bonne application mais les fonctions tombent en panne au fur et à mesure au bout de18 mois impossible de les reconnecter avec le bracelet dommage,1,1,0,0,dataset_apia2022,1
"Très bonne application, mais fonctionne quand ça veut depuis la dernière maj... C'est-à-dire très rarement xD",1,1,0,0,dataset_apia2022,1
Cool!,1,0,0,0,dataset_apia2022,1
Super Très bien...,1,0,0,0,dataset_apia2022,1
Application qui fait ce que l'on désire,1,0,0,0,dataset_apia2022,1
Il est super mais depuis 2 jours je ne peux plus ouvrir l'application 😢,0,1,0,0,dataset_apia2022,1
Ki zebbi,1,0,0,0,dataset_apia2022,1
"L'application s'arrête lorsque je passe sur l'onglet ""exercice""",0,1,0,0,dataset_apia2022,1
Impossible de connecter la montre,0,1,0,0,dataset_apia2022,1
Un vrai régale,1,0,0,0,dataset_apia2022,1
App inutile sur mon mate 20 pro... Il ne reconnaît pas ma galaxy watch... Nul toutes ces app compatible qu'avec les objets de leur firme !!!,0,0,1,0,dataset_apia2022,1
Bonjour au 23/03 après mise à jour de mon téléphone P30. 2 ne s'ouvre plus ?,0,1,0,0,dataset_apia2022,1
Appli pas mal. Juste à titre indicatif,1,0,0,0,dataset_apia2022,1
Je ne suis plus capable de connecter mon bracelet honor Band 5-E8C. L'application ne la reconnais plus....,0,1,0,0,dataset_apia2022,1
J'apprecie vraiment cette appli. Je ne suis qu'à mon premier essaie en sport mais je suis vraiment satisfait,1,0,0,1,dataset_apia2022,1
"Parfait, rien à redire. Fait le travail, sans pub",1,0,0,0,dataset_apia2022,1
Nis,1,0,0,0,dataset_apia2022,1
Good appps,1,0,0,0,dataset_apia2022,1
Je n'arrive toujours pas à écouter la musique via mon téléphone malgré une mise à jour.,0,1,0,0,dataset_apia2022,1
L'application fonctionne parfaitement. Simple d'utilisation.,1,0,0,0,dataset_apia2022,1
"Nouveau téléphone, un Samsung A72. La dernière appli disponible est 10.1.1.312. Mon bracelet Huawei band 3 pro n'est plus dans ka liste et n'est donc plus reconnu !!!!!!!!",0,1,0,0,dataset_apia2022,1
Très facile d utilisation 👍😁,1,0,0,0,dataset_apia2022,1
Toujours obligé d avoir le Gps activé pour recuperation les données de la montre...,0,0,1,0,dataset_apia2022,1
Très bonne application qui me donne Satisfaction. 1 étoile en moins car ma montre se déconnecte souvent mais ne se revonnecte pas toute seule. Je dois à chaque fois ouvrir l'appli puis elle se reconnecte. Si quelqu'un a une solution cela m'arrangerait. Le système bluetooth n'est pas très puissant mais je ne comprends pas pourquoi elle ne se reconnecte pas systématiquement.,1,1,1,0,dataset_apia2022,1
Pas sur sur le temps de sommeil mais le reste est parfait,1,0,1,0,dataset_apia2022,1
Très bien mes niveau cardiaque je me demande si vraiment fiable on me vu ce pour me dire coeur très bas et la inverse trop haut contacté moi,0,1,0,0,dataset_apia2022,1
Sympa mais... perd des données de tps en tps et ne fait pas l'altitude... Dommage...,1,1,0,0,dataset_apia2022,1
C'est une bonne aplication,1,0,0,0,dataset_apia2022,1
Information sur la marche régulière en temps en distance super.,0,0,0,1,dataset_apia2022,1
Ces bien null,1,0,0,0,dataset_apia2022,1
Impossible de mettre à jour les références de bracelets connectés dans l'espoir de voir apparaître la Band 6. Je corrigerai le nombre d'étoile lorsque ce sera amélioré.,1,1,0,0,dataset_apia2022,1
Super aplication 😉,1,0,0,0,dataset_apia2022,1
"Peut-être bien pour la marche à pied, mais pas pour le vtt...",0,0,0,1,dataset_apia2022,1
"Bonjour, l'application très bien montre honor bande 6 reconnu tout suite affichage clair mais quand on connecte une balance Huawei Scala 3 dans l'application les explications pas très clair",1,0,1,0,dataset_apia2022,1
Application assez complète mais il manquerait la prise en compte du dénivelé,1,0,1,0,dataset_apia2022,1
Obligé de faire la mise à jour pour avoir toutes les fonctionnalités. Et depuis je dois sans cesse reconnecter à mon compte Huawei et ça ne fonctionne pas bien. Je suis vraiment déçu.,0,1,0,1,dataset_apia2022,1
"Cle indique que le GPS ne fonctionne pas alors que sur les autres applications cela fonctionne nickel ! De plus l'application a besoin d'énormément d'autorisation pour accéder au microphone par exemple ou bien meme a l'appareil photo. Si l'on refuse ces autorisations on ne peut pas utiliser l'application. A éviter, c'est triste d'avoir aussi peu de qualite pour une grande marque comme celle ci",1,1,1,0,dataset_apia2022,1
"Application très lourde sur smartphone Xiaomi, après la dernière mise à jour avec perte de tout l'historique.",1,1,0,0,dataset_apia2022,1
Nul ancienne version beaucoup mieux,1,0,0,1,dataset_apia2022,1
"L'application est vraiment très bien, plutôt complète. Je mets la note de 3 seulement car les cadrans dans l'onglet ""appareils"" ont disparu, je n'y ai eu accès que le premier jour!",1,1,0,0,dataset_apia2022,1
Très bien. Je recommande,1,0,0,0,dataset_apia2022,1
Super application marche tres tres bien .pour la marche c'est super . je vais l'essayer sur les autres services mais pour moi il n'y aurra aucun probleme merci huawei.,1,0,0,1,dataset_apia2022,1
J'aime beaucoup elle se connecte bien à ma montre le seul bémol j'aimerai davantage de choix en terme d'activité sportive par exemple en plus de courir je fais de la Zumba mais cette activité n'est pas dispo sur l'appli ou alors au moins fitness ce serait top!,1,0,1,0,dataset_apia2022,1
Suivis du sommeil nul. Impossible d'utiliser le niveau de stress...,0,1,0,1,dataset_apia2022,1
Je peut pas connecté la honor band 5,0,1,0,0,dataset_apia2022,1
Pas d'information sur les dénivelés qui serait bien utile Pas de possibilité de préparer un itinéraire Il serait intéressant de pouvoir exporter les parcours au format GPX,0,0,1,0,dataset_apia2022,1
"J'avais le bracelet Band 2, j'avais + d'informations qu'avec la Band 5... du coup c'était mieux avant, 3 modèles pour perdre des informations, vive le progrès.",0,1,0,0,dataset_apia2022,1
N'arrive pas a changer les cadrans et à mettre à jour dans l'application comme le dit D G,0,1,0,0,dataset_apia2022,1
"fonctionne très bien. juste un problème piur régler la longueur des pas et 
aussi le problème d'élévation. je fais beaucoup de marches en montagnes et 
ça met tout le temps 0% de dénivelé... juste ça a améliorée",1,1,0,0,dataset_apia2022,1
Je comprends pas pourquoi mon historique d entraînement n est plus enregistré sur mon téléphone Ça fait 3 entraînements qui ne sont pas sauvegardés.. Merci de votre aide,0,1,0,0,dataset_apia2022,1
Me force à me dépasser !!,1,0,0,0,dataset_apia2022,1
Me prend plus en compte mes pas.. En 1 journée complète j'ai fait au total 5 pas.. Et ça depuis le 20 août..,0,1,0,0,dataset_apia2022,1
Super je l'utilise pour toutes les activités,0,0,0,1,dataset_apia2022,1
Je suis dans la même position que Vanessa AUBERT. Je vous en prie faites vite pour résoudre ce problème. C'était si bien avant cette mise à jour. Vous ne pouvez pas revenir en arrière ?,0,1,0,0,dataset_apia2022,1
"Pas moyen de désinstaller. Cette application, imposée par Huawei , ne me sert à rien. Et je n'arrive pas à la",0,1,0,0,dataset_apia2022,1
"Bracelet huawei band 4 incompatible, mise à jour de la liste impossible car serveur bug",0,1,0,0,dataset_apia2022,1
Aucun soucis pour le moment la liaison avec la montre c'est faite sans aucun soucis,0,0,0,1,dataset_apia2022,1
Très satisfaite je recommande,1,0,0,0,dataset_apia2022,1
Y'a deux appareils qui calcule le nombre de pas donc du coup sur le tél j'en ai 45 000 et pour la montre j'en ai 1000,0,1,0,0,dataset_apia2022,1
L'application ne veut pas se démarrer sans connexion a Internet,0,1,0,0,dataset_apia2022,1
"Après plus d'un mois d'utilisation (p20 lite) je me rends compte que 
l'application n'est pas reliée à mon Huawei ID donc aucune médaille aucune 
statistique juste un compteur de pas énergivore qui ne sert à rien... J'ai 
beau réinstaller l'application vider les caches et configurer les 
autorisations rien n'y fait. Bref 0/10 et aucun support.",1,1,0,0,dataset_apia2022,1
Manque d exercices comme velo en intérieur,0,0,1,0,dataset_apia2022,1
Bug de connexion depuis la dernière mise à jour vers le Band 3 pro plus moyen de connecter,0,1,0,0,dataset_apia2022,1
Application claire explicite,1,0,0,0,dataset_apia2022,1
"Excellente application, connectée à ma montre Huawei GT 2, tout fonctionne parfaitement.",1,0,0,1,dataset_apia2022,1
Très facile à installer mais hier j'ai rechargé mon téléphone portable et mon bracelet n'était plus connecté . Il a fallu tout recommencer et mon sommeil de cette nuit n'a pas été enregistré .,0,1,0,1,dataset_apia2022,1
Perfect app,1,0,0,0,dataset_apia2022,1
"Utile et pratique, elle ne me quitte plus",1,0,0,0,dataset_apia2022,1
Très bien et motivant,1,0,0,0,dataset_apia2022,1
Ne calcule jamais le dénivelé pourtant proposé...,0,1,0,0,dataset_apia2022,1
Application fiable et complète,1,0,0,0,dataset_apia2022,1
"depuis la mise à jour, il n'y a plus les sessions d'entraînements recommandées et ça manque cruellement",0,0,1,0,dataset_apia2022,1
Moyennne,1,0,0,0,dataset_apia2022,1
Parfait pour moi (GT2),1,0,0,0,dataset_apia2022,1
"Je consulte l'application quotidiennement pour avoir un œil surtout sur mon rythme cardiaque, mon niveau de stress et la qualité de mon sommeil. De plus, le suivi pour la course et la marche me sont très utiles. Avoir des données là-dessus me motive et me fixe des objectifs.",0,0,0,1,dataset_apia2022,1
"Super application précise pour le coeur et même dans tous les paramètres qu' elle gère. Les conseils donnés sont appropriés. La fonction sommeil permet de connaître les différentes phases, on peut dormir 8 heures et avoir un sommeil profond insuffisant ou fractionné ce qui explique la fatigue la journée. Les apnées sont visible sur les fréquences cardiaque. Voilà super application.",1,0,0,1,dataset_apia2022,1
Seems promising...,1,0,0,0,dataset_apia2022,1
"Suite à dernière mise à jour version 12.0.12.320 proposé par app Huawei,toute la partie exercice est maintenant en anglais !",0,0,1,0,dataset_apia2022,1
conteur de pas pas précis,0,0,1,0,dataset_apia2022,1
"Bonjour, serait il possible à l'occasion de faire une mise à jour pour inclure un objectif de nombre de pas à effectuer par mois comme Samsung health ? Ça ferait un défi amusant parce que je trouve qu'on s'ennuie sur cette application, bonne journée",0,0,1,0,dataset_apia2022,1
Je n'arrive même pas à connecter ma montre et mon téléphone..ca me dit appareil non pris en charge...g un galaxie s20,0,1,0,0,dataset_apia2022,1
Super application connectée a une montre et un pèse personne Suivi très précis,1,0,0,1,dataset_apia2022,1
"Bonjour, je n'arrive pas à connecté l'application à mon comité Google. Il est indiqué que cette application est bloquée, qu'elle a tenté d'accéder à des informations sensibles de Google et que Google a bloqué l'accès. Comment résoudre le problème ?",0,1,0,0,dataset_apia2022,1
"Bonne application qui fonctionne bien, par compte je suis sur un HTC U11 et j'ai plus de la moitié de celle-ci est en japonais, une idée pour résoudre le problème 😁",1,1,0,0,dataset_apia2022,1
Idem,1,0,0,0,dataset_apia2022,1
Veut pas s'ouvrir.!,0,1,0,0,dataset_apia2022,1
Ca ne fonctionne pas,0,1,0,0,dataset_apia2022,1
"App excellente, gagnerais mieux à détailler la carte du trajet (parcours) comme sur Google maps.",1,0,1,0,dataset_apia2022,1
Bonne,1,0,0,0,dataset_apia2022,1
Montre fonctionnelle.Je m en sert pour le vélo en appartement et c est génial.le cardio est fiable ainsi que l o2.,0,0,0,1,dataset_apia2022,1
Au départ je pensais à un gadget mais cette montre est très utile et m'apprend beaucoup d'informations sur ma santé,0,0,0,1,dataset_apia2022,1
Dommage que l'on ne peut pas utilisé avec autre matériel que la même marque,0,0,1,0,dataset_apia2022,1
Bonjour la mise à jour c´est bien passée. Mes deux montres Huawei marchent parfaitement. Ainsi que la balance. Vos montres sont magnifiques,0,0,0,1,dataset_apia2022,1
À quand l'exportation des données ? Impossible de synchroniser avec Strava par exemple. C'est bien dommage car sinon tout fonctionne très bien,0,0,1,0,dataset_apia2022,1
👍👍👍,1,0,0,0,dataset_apia2022,1
Manque d'activités sportives. Et ne se connecte pas avec garmin😢,0,0,1,0,dataset_apia2022,1
Impossible de charger les écrans de montre.. Merci corriger Cdt,0,1,0,0,dataset_apia2022,1
ne fonctionne pas bien,1,0,0,0,dataset_apia2022,1
Très explicite,1,0,0,0,dataset_apia2022,1
Je suis toujours déçu que en 2020 cette appli n enregistre toujours pas l altitude et le dénivelé à partir des points GPS comme le propose les applis concurrentes. C est tout ce qui manque et m oblige à passer par une autre app avec les mêmes résultats mais l altitude et le dénivelé en plus...,1,0,1,0,dataset_apia2022,1
problème aussi avec le suivi cardiaque qui ne se désactive plus,0,1,0,0,dataset_apia2022,1
Impossible d'exporter une seule donnée correctement. Le transfert vers Google Fit ne fonctionne que pour les pas et sporadiquement pour les données de someil. Aucun moyen d'envoyer les informations de course vers d'autres applications comme Stravia. Ma prochaine montre ne sera pas Huawei...,0,1,1,0,dataset_apia2022,1
Watch fit se connect difficilement apres la mise a jour du novembre 2021,0,1,0,0,dataset_apia2022,1
"Très bonne application, mais je mettrai 5 quand on pourra exporter les traces en GPX ! Autre souci concernant la montre, impossible d'utiliser les fonctionnalités boussole, appel, lampe etc quand on est en mode activité physique. Obligé d'arrêter l'enregistrement de l'activité. Par contre, bonne surprise sur la dernière mise à jour, l'obturateur à distance fonctionne avec mon Honor 9 sous EMUI 9.1.0 et Android 9, alors qu'il fallait avant avoir EMUI 10...",1,0,1,1,dataset_apia2022,1
c'était une bonne application mais maintenant les distances sont fausses.,1,1,0,0,dataset_apia2022,1
"Pouvoir connecter plus de balances serait vraiment bien, et pas que des honor ou huawei....",0,0,1,0,dataset_apia2022,1
"Bien mais peux mieux faire ! Il me manque une option ""sports divers"" qui permettrait de faire n'importe quelle activité sportive tout en ayant un suivi cardiaque précis durant tout l'exercice. Et pas uniquement pour de la course a pied ! Sinon, ajouter le cyclisme en intérieur pour les vélos d'appartement ! 💪🏻",1,0,1,1,dataset_apia2022,1
Le jour et la date sont en Anglais ainsi que la recherche du téléphone. Application moyenne.,1,0,1,0,dataset_apia2022,1
Elle plante tout le temps sur mon S20+ c'est dommage.,0,1,0,1,dataset_apia2022,1
Cette aplication n'est pas inutiles.,1,0,0,0,dataset_apia2022,1
Comment activer HUAWEI TruSleepTM Impossible de trouver sur l'application. Merci d'avance,0,0,1,0,dataset_apia2022,1
"Bonne application, continuez.",1,0,0,0,dataset_apia2022,1
Impossible d'appairé ma montre fossil !,0,1,0,0,dataset_apia2022,1
L'application n'arrive pas à faire les mises à jour des appareils. Elle me met problème de réseau alors qu'il est bon. L'application fonctionnait avec mon ancien bracelet (honor band 3) mais ne trouve pas le nouveau ( honor band 5). Merci de faire le nécessaire pour que je réévalue mon avis.,0,1,0,1,dataset_apia2022,1
très bonne expérience mais à quand une mise à jour qui nous permettrait d'avoir le nom du contact ou l'identifiant de notre correspondant sur notre montre watch GT et aussi des nouveaux sport comme le badminton merci,1,0,1,0,dataset_apia2022,1
Ne fonctionne pas sur Xiaomi 11 lite 5G,0,1,0,0,dataset_apia2022,1
"Possedant un huawei, j'ai cette application incrsutee au telephone. Comme j'ai une montre connectee Fossil avec wear os, dommage que l'on ne puisse synchroniser que les montres huawei..... J""espere par la suite",0,0,1,0,dataset_apia2022,1
Très bonne application.,1,0,0,0,dataset_apia2022,1
Problème depuis peu ma montre envoie plus les donnees à application donc j ai plus information sur mon someil sur mes pas... Merci de régler le problème,0,1,0,0,dataset_apia2022,1
Encore un gros bug! Depuis le 1er janvier 2020 plus rien sur les nuits mais que des siestes 😬😣😣😣😣 Vite une mise à jour !,0,1,0,0,dataset_apia2022,1
Dommage qui n'est que si peut de style de fond écran :( pour la montre,0,0,1,0,dataset_apia2022,1
"Application très facile d'utilisation, parfaite pour mon usage. Une remarque au développeur, dans le module sommeil, une variable est mal utilisée, exemple: ""la nuit derniere, vous vous êtes endormi à 8h10"" et non pas 11h30 la variable pour l'endormissement, n'est pas celle du réveil, essayer de corriger, Merci",1,1,0,0,dataset_apia2022,1
"Incroyable, comme d'habitude Huawei fait mieux que toute la concurrence. C'ets tout simplement sensationnel les montres et leur changement de look, téléchargement de musiques. C'est vraiment sensationnel",1,0,0,1,dataset_apia2022,1
"Widget devenu inactif, encore une mise à jour bien pourrie 👎",1,1,0,0,dataset_apia2022,1
Incapable d'associer la montre au téléphone,0,1,0,0,dataset_apia2022,1
Bonne malgré quelques bugs,1,1,0,0,dataset_apia2022,1
Les données de sommeil ne fonctionnent plus depuis la dernière version avec la gt sport,0,1,0,0,dataset_apia2022,1
Pas mal je trouve. Simple mais bien,1,0,0,0,dataset_apia2022,1
Belle application. Manque un export gprx,1,0,1,0,dataset_apia2022,1
"Je ne trouve pas comment faire pour avoir les médailles sur mon profil. Je 
n'arrive pas à synchroniser l'application avec mon compte",0,0,1,0,dataset_apia2022,1
"تطبيق رائع فيه كل ما تحتاجه، شكراً هواوي Excellente application, a tous que t'as besoin.",1,0,0,0,dataset_apia2022,1
"Ne peux pas fonctionné car il demande la version 4.0.0 sauf que celle-ci n'existe pas enxore, moi qui avait acheter une montre pour ma mere je suis très déçu car elle ne poirra pas sens servir pour le moment... en espérant que les développeurs face quelque chose.",0,1,0,0,dataset_apia2022,1
Bonjour je sais pas si vous avez ce problème sur huawei p 20 avec santé tout fonctionne sauf les minutes le compteur reste à zéro. Après plusieurs coup de fil au service desactivation mise à jour deparaillage de ma montre honor 5 est toujours pas.... Le reste fonctionne. Si quelqu'un a l'astuce je suis preneur.,0,1,0,0,dataset_apia2022,1
J'ai perdu la moitié de mon parcours car l'appli a bugger je suis trop decu,1,1,0,0,dataset_apia2022,1
Pratique petit bémol dommage pas de fond de carte ign et qu'on puisse pas s'en servir sur pc pour suivre de façon plus précise la progression,0,0,1,0,dataset_apia2022,1
Gooood,1,0,0,0,dataset_apia2022,1
"Calcul de longueur de pas très approximative, 159cm et je ferais des pas de 90cm ? Du coup distance complètement fausse. On ne peux pas modifier la longueur de pas. 😕",0,1,1,0,dataset_apia2022,1
"Impossible d'installer les mises à jour pour ma honor band 5 car il y a toujours une erreur de mise à jour . Enfin SA MARCHE , en insistant la mise à jour a fonctionné et reconnu mon bracelet honor 5 , maintenant je profite pleinement de la montre ! 5 étoiles ! 😁👍",1,1,0,0,dataset_apia2022,1
"Ça ne fonctionne plus depuis la dernière mise à jour, j'ai perdu mon historique et la synchronisation ne se fait plus 😡",0,1,0,0,dataset_apia2022,1
"Bonne application pour le nombre de pas, calories. Très bonne pour voir nos progrès en courses. Mais on ne peut pas synchroniser l'appli avec d'autre appli de sport. Ajouter nos apports caloriques, repas seraient vraiment top !",1,0,1,1,dataset_apia2022,1
"Gros plantage: les services Huawei ne s'installent pas bien, et je n'ai plus accès à l'application. Corrigez rapidement svp!!!! Correction, ça remarche, le problème était du à un profil VPN pro qui bloquait tout. Nouveau problème : transférer les données dans Strava, complexe !",0,1,0,1,dataset_apia2022,1
Quelle horreur cette mise à jour,0,0,0,1,dataset_apia2022,1
Pas assez complète,1,0,0,0,dataset_apia2022,1
Je n'arrive pas à synchroniser la montre avec l'application comment dois-je faire rien ne s'affiche sur la montre à part le nom de la montre,0,1,0,0,dataset_apia2022,1
"Dommage, l'application ne prend plus en compte mes siestes.. Ai désinstallé et réinstallé l'application, le bug persiste n'enregistre plus mes siestes. Pouvez-vous faire un correctif. D'avance MERCI",0,1,0,0,dataset_apia2022,1
"On ne sait pas comment mesurer les battements cardiaques ,le taux d'd'oxygène consommer 'et plusieur d'autre renseignement .",0,0,1,0,dataset_apia2022,1
Appli with many problems - not able to keep and store heart rate Always reset to 190,0,1,0,0,dataset_apia2022,1
"Dommage de ne pas pouvoir créer ces propres exercices, exple : entraînement sport collectif, avec rythme cardiaque + nb de pas, en intérieur ou extérieur...",0,0,1,0,dataset_apia2022,1
"Impossible de mettre a jour la liste des montres , cela met pb connections, sur différents téléphones donc cela viens de l'application joyeux Noël",0,1,0,0,dataset_apia2022,1
"Depuis le 02/01/2020 mon bracelet Honor Band 5-3BA n'affiche que le tableau ""réinitialiser, redémarrer, éteindre, mentions légales et à propos"" et quand j'appuie sur l'une de ces actions je retombe en cercle vicieux. Que dois-je faire ?",0,1,0,0,dataset_apia2022,1
Genial,1,0,0,0,dataset_apia2022,1
Complète mais dommage que l'application n'est pas ouverte aux autres marques de matériel comme xiaomi,0,0,1,0,dataset_apia2022,1
"Lors de la course les conseils devraient être en Français, ou bien nous laisser choisir la langue dans le réglage des paramètres des entraînements.",0,0,1,0,dataset_apia2022,1
Très souvent déconcerté,0,1,0,0,dataset_apia2022,1
Cette application est pas mal mais je ne mets que 3 étoiles car je ne comprends rien d el' anglais !! En français aurait été plus simple et beaucoup mieux.,1,0,1,0,dataset_apia2022,1
L'application ce déconnecte tout le temps de la montre et donc jamais les notifs ou autre,0,1,0,0,dataset_apia2022,1
A quand la mise à jour pour installer des cadrans venant d une application tierce ??,0,0,1,0,dataset_apia2022,1
"la mise a jour n'affiche plus le parcours,le choix de l'activité est tres difficile a trouver dans l'appli",0,0,1,0,dataset_apia2022,1
Il n'y a plus le paramètre gestion de poids...,0,0,1,0,dataset_apia2022,1
Super 👌,1,0,0,0,dataset_apia2022,1
Super cool ça m'aide franchement,1,0,0,0,dataset_apia2022,1
"C'était cool, jusqu'à ce que l'application ne démarre plus et que je perde 
tout mon historique 😣",1,1,0,0,dataset_apia2022,1
magnifique j'adore m'entraîner avec,1,0,0,1,dataset_apia2022,1
Satisfaite,1,0,0,0,dataset_apia2022,1
"Perte de poids supprimé depuis dernière maj, très dommage c'était très pratique et m'en servais essentiellement pour ça. Reste plus qu'à trouver une autre appli.",0,0,1,0,dataset_apia2022,1
Meilleure et excellente App.merci Mr le developpeur,1,0,0,0,dataset_apia2022,1
Super application depuis la grosse mise à jour !!,1,0,0,0,dataset_apia2022,1
J aime bien,1,0,0,0,dataset_apia2022,1
superbe c gratos méticuleux bien détaillé et ça a vraiment été un compagnon appréciable durant ma perte de poids de 20kg à chaque fois de nouveau defits de plus plus évolutifs par rapport à votre niveau,1,0,0,1,dataset_apia2022,1
Vous devriez rajouter une catégorie pour la consommation d'alcool,0,0,1,0,dataset_apia2022,1
Dommage que vous avez enlever les récapitulatif mensuel pour le poids j'ai pas du tout les récapitulatif hebdomadaire 😢,0,0,1,0,dataset_apia2022,1
Appli simple mais complète. Pas ennuyeuse et très motivante. J'adore,1,0,0,0,dataset_apia2022,1
C'est une bonne motivation sportive et diététique,0,0,0,1,dataset_apia2022,1
Bien sympa et motivant 👍👍👍,1,0,0,0,dataset_apia2022,1
"Très contente pour le moment de cette appli. Le seul regret est de ne pas 
pouvoir basculer les vidéos d'exercices sur l'écran de télévision.",1,0,1,0,dataset_apia2022,1
Super application rend bien service,1,0,0,0,dataset_apia2022,1
Pourquoi sur certaines activités comme football le GPS n est pas activé...,0,0,1,0,dataset_apia2022,1
"Une aide précieuse, devient vite indispensable! Très bonne application qui motive vraiment à prendre sa santé en mains. Des améliorations pourraient encore être faites, par exemple: reporter la qualité du sommeil au moyen de codes couleurs sur le graphique hebdomadaire et, pourquoi pas, ajouter un endroit de type journal pour y inscrire ses commentaires personnels concernant le déroulement de la journée. Peut-être lors d'une prochaine mise à jour?",1,0,1,1,dataset_apia2022,1
Très bonne expérience,1,0,0,0,dataset_apia2022,1
"Je n'ai plus accès à l'application, même après avoir autorisé l'accès à tous les paramètres",0,1,0,0,dataset_apia2022,1
C'est genial je suis mes activites regulierement grace a cette app Merci infiniment,1,0,0,1,dataset_apia2022,1
Merci Samsung,1,0,0,0,dataset_apia2022,1
Dommage que l'on puisse pas voir combien de kilomètres on fait en 1 semaine car prendre la calculatrice à chaque c'est contraignant,0,0,1,0,dataset_apia2022,1
Afin dalerter le concepteur je baisse la note. La dernière version est buguée. Impossible de chercher des aliments de corriger des erreurs de saisie. Retours constants au début. Graphiques comportant des erreurs. Etc...,0,1,0,0,dataset_apia2022,1
Bonjour savez vous comment modifier la voix de Samsung healf car quand elle parle je ne comprend rien elle va tellement vite impossible de savoir ce qu'elle dit. Merci,0,0,1,0,dataset_apia2022,1
Très bonne travail merci beaucoup pour votre soutien,1,0,0,0,dataset_apia2022,1
Données perdues avec la maj. Merci rrrrrrrhhhhhh,0,1,0,0,dataset_apia2022,1
"Très bon appli, découverte sur le tard car présente ds mon j3 depuis l'achat lol c'est assez complet pour compter ses calories et surtout doser ses macros, on a parfois des surprises. par contre moi je fais de la plateforme vibrante et ça n'existe pas ds l'onglet ""exercice"" qui est assez incomplet, manque beaucoup de mouvements. le compteur de pas est bien mais il faut sans cesse avoir son tel sur soi(pendanr le ménage par exemple), pas pratique voir difficile si on n'a pas de poche!",1,0,1,1,dataset_apia2022,1
Ne fonctionne plus depuis la nouvelle mise à jour avec Android honor code erreur ( 0x2A#0),0,1,0,0,dataset_apia2022,1
"bonne appli même si le nombre de pas n'est pas toujours juste. pour le calcul des calories, il n'y a pas que les marques qui comptent, le fait maison aussi...",1,1,1,0,dataset_apia2022,1
J'apprécie l'application mais le constat que je fais et que seules la course et la marche sont prises en compte dans les defis. Je souhaite que les autres équipements soient pris en compte.,0,0,1,0,dataset_apia2022,1
L'application s'arrête quand je marche elle bugue je ne comprends pas une mise à jour est nécessaire. Merci Elle ne marche pas u e nouvelle mise à jour est nécessaire Merci,0,1,0,0,dataset_apia2022,1
Je recommende,1,0,0,0,dataset_apia2022,1
Le point GPS n'est pas du tout exact et donne plus de km que le réel !,0,1,0,0,dataset_apia2022,1
"pas d'option pour pouvoir garder l'ecran allumé pendant un entrainement ou d'avoir les infos temps, frequence cardiaque sur l'ecran always on.",0,0,1,0,dataset_apia2022,1
Bonjour depuis hier je n'arrive pas à avoir accès à samsung health quand je veux me connecter il me demande un code de sécurité pour la connexion et ne fonctionne pas car la connexion ne se fait pas et tourne dans le vide si vous pouvez m'aider en me contactant je vous remercie.,0,1,0,0,dataset_apia2022,1
good,1,0,0,0,dataset_apia2022,1
Améliorer,1,0,0,0,dataset_apia2022,1
Cet application est impeccable,1,0,0,0,dataset_apia2022,1
"Dommage on ne peut pas récupérer ses runs et ses pas en changeant de 
téléphone seulement son profil",0,0,1,0,dataset_apia2022,1
trop bien,1,0,0,0,dataset_apia2022,1
"J'adorais cette appli comme tout le monde, mais les dernières mises à jour se permettent une inclusion ds la vie privée inacceptable, accès appels, contact, géolocalisation.. si cela n'est pas revu, je boycotte non seulement l'appli mais samsung. C'est aberrant. Dans l'attente d'une réponse.",1,0,1,1,dataset_apia2022,1
"Très bonne application pour suivre le nombre de pas, je m'en sers beaucoup pour les randonnées pour connaître le temps effectué lors d'un parcours, les calories perdues, le nombre de kilomètres parcourus et plein d'autres choses. Le seul défaut que je trouves c'est quand on rentre les données pour les repas, quand on cuisine maison, c'est un peu compliqué de connaitre le nombre de calories, de glucides, lipides...",0,0,1,1,dataset_apia2022,1
C'est bon,1,0,0,0,dataset_apia2022,1
Je l'utilise depuis 4 ans 😉 et je l'adore. Elle manque de nouveauté et de mise à jour et un thème nuit. Je recommande,1,0,1,0,dataset_apia2022,1
Très belle application,1,0,0,0,dataset_apia2022,1
les dėfis me font bouger d'avantage,0,0,0,1,dataset_apia2022,1
"Ayant eu une Fitbit Blaze, je suis déçu de l'imprécision de cette application. Aussi j'ai fait un running d'1h qui équivaut à 10km réel... La Galaxy watch m'indique n'avoir effectué que 6,56km et courir à moins de 7km/h ce qui est totalement Faux... Du coup je n'utilise plus l'appli pour le sport j'ai conservé ma Blaze...",1,1,0,0,dataset_apia2022,1
Complet. Ciblé. Simple d'utilisation. On frôle la perfection!,1,0,0,0,dataset_apia2022,1
Trés bonne application pour savoir tout sur son corps,1,0,0,1,dataset_apia2022,1
"Utilisateur de cette application depuis 3 ans, je l ai desinstalée car je ne suis pas d accord avec la nouvelle politique d autorisation",1,0,1,0,dataset_apia2022,1
J'aimais beaucoup cette application jusqu'à sa dernière mise à jour qui devient intrusive et demande à accéder à des données personnelles non nécessaires. J'en trouverai donc une autre mais suis déçue !,1,0,1,0,dataset_apia2022,1
pratique et stable,1,0,0,0,dataset_apia2022,1
Ne perfectionnez pas trop vos applis. Ne dit-on pas que le mieux est l'ennemi du bien ? Personnellement je préférais avant la dernière mise à jour. Rappelez-vous que les humains ne sont pas des machines.,1,0,1,0,dataset_apia2022,1
Abusé la nouvelle MAJ...,1,0,0,0,dataset_apia2022,1
Ça compte plus les pas 😕Pourquoi sumsung healt ne se synchronise plus avec hydro coach😢,0,1,0,0,dataset_apia2022,1
"application très complète, malheureusement elle souffre de nombreux ralentissement, mise à jour des statistiques très lente, rajout des aliments et autre entré très lent à s'afficher, améliorer la stabilité et le rapidité svp",1,0,1,0,dataset_apia2022,1
parfaite,1,0,0,0,dataset_apia2022,1
"Bonjour J'ai un Samsung S9 et j'ai un soucis avec Samsung Health il se mets en pause tres souvent, ce qui fausse les données Je le mets dans la poche de mon pantalon quand je marche et c'est pareil Quand je Prends ( reprendre ) il y a un ligne droite par rapport au Point GPS (dirais-je) Ma version est 6.8.5.009 La sensibilité au mouvement semble très faible Avez vous une solution ? Merci Patrick",0,1,0,0,dataset_apia2022,1
"Gestion de poids a été supprimé, c'était la chose plus efficace pour gerer notre activité a nos consommations alimentaires... pourquoi avoir supprimé cette catégorie de l'app??",0,0,1,0,dataset_apia2022,1
"C'est le meilleur appli que j'ai jamais eu il me pousse à dépasser mes 
limite",1,0,0,1,dataset_apia2022,1
"Formidable expérience, faire du sport est essentiel et cette application le facilite énormément.",1,0,0,1,dataset_apia2022,1
Je vous la conseille vraiment 😉,1,0,0,0,dataset_apia2022,1
10-Oct,1,0,0,0,dataset_apia2022,1
"Excellente application, fiable et très complète. Le partenaire idéal pour 
un régime suivi et un bon aperçu des données sportives. Je recommande.",1,0,0,1,dataset_apia2022,1
"12/2018 Geolocalisation obligatoire, samsung fait du big data. Si je n'ai pas envie ? Je la revends ! 08 2018 Vraiment pénible de ne pas pouvoir modifier le nombre de km ou le temps réalisés. Par exemple mon compteur vélo est plus précis que le gps du téléphone ou de la montre, et je suis obligé de supprimer l'entrainement pour en créer un nouveau avec le bon nombre de km et le temps. Et toujours pas de possibilité d'export de la trace gps ou au moins de revoir le tracé après l'entraînement.",0,0,1,1,dataset_apia2022,1
Cette appli est géniale. En revanche dans les défis partagés les utilisateurs trichent et sont à 200000 pas quelques heures après le démarrage du défis. Donc impossible de passer premier :( et d'obtenir les badges spéciaux...,1,1,0,0,dataset_apia2022,1
Le système de guidage est maintenant en anglais et impossible a changer en Français il n'y a pas de solution proposé.pff dommage j'aimais bien cette appli,1,1,0,0,dataset_apia2022,1
Montre samsung oblige bonne apli je conseil,0,0,0,1,dataset_apia2022,1
Bonne application très complète mais il est dommage que les vidéos des exercices ne s'affichent pas en plen écran,1,0,1,0,dataset_apia2022,1
"L'appli reste bien mais je regrète quand même la disparition du suivi café, et la lenteur de chargement des résultats/suivis. Ça rame bien depuis le changement de visuel :/",1,0,1,1,dataset_apia2022,1
"Je m'en sers tous les jours pour marcher courir, tenir à jour ma glycémie, 
mes calories... Bref j'adore",1,0,0,1,dataset_apia2022,1
Utilisateur régulier de l'application j'ai vu les options fondre comme la neige au soleil et maintenant l'appli me force a lui laisser la possibilité de faire des appels... mmm on va s'arrêter là et désinstaller vraiment dommage,1,0,1,0,dataset_apia2022,1
"Utilisée avec ma Gear Pro 2 puis désormais ma Galaxy watch: application ludique, utile et motivante, je recommande 🌟🌟🌟!",1,0,0,1,dataset_apia2022,1
Depuis la dernière mise à jour il dit impossible d'ouvrir sur un téléphone rooter. pourtant il est d'origine.....,0,1,0,0,dataset_apia2022,1
L'application refuse de s'ouvrir en m'indiquant que mon S7 est rooté alors qu'il ne l'est pas.,0,1,0,0,dataset_apia2022,1
Impossible de se connecter à l'application,0,1,0,0,dataset_apia2022,1
Very good aply the health samsung,1,0,0,0,dataset_apia2022,1
L'application l'application été génial mais après la dernière mise à jour beaucoup de fonctionnalités en été limité. Comme les courbes poids mensuelle ou hebdomadaire avec calcul de moyenne. Modifié les heures de sommeil pur le rectifier. Glycémie courbes aussi. Celui qui a validé cette mise à jour dois démissionner,0,0,1,0,dataset_apia2022,1
"Inadmissible depuis la mise à jour l,application ne donne plus aucune information .nul",1,1,0,0,dataset_apia2022,1
"Gros souci de gps. Celui-ci me trace des lignes droites à travers champs, lac ,etc. Je ne connais do.c pas.mes distances exactes effectuées lors de mes activités.",0,1,0,0,dataset_apia2022,1
"Excellent. Quelques pb persistent sur sync avec Yasio, calcul de calories",1,1,0,0,dataset_apia2022,1
"N'importe quoi!! D'où un simple podomètre a besoin de la main mise sur mon téléphone, mes messages, mes images etc......",0,0,1,0,dataset_apia2022,1
Impossible de se connecter depuis la dernière mise à jour... Aucun SMS de confirmation,0,1,0,0,dataset_apia2022,1
motivation certaine !,1,0,0,0,dataset_apia2022,1
Depuis les mises à jours pas mal d erreur par exemple 15000 pas et 2 km seulement genre je fais du sur place mais sinon j adore cette appli,1,1,0,0,dataset_apia2022,1
Utile pour rester en forme.,0,0,0,1,dataset_apia2022,1
superbe,1,0,0,0,dataset_apia2022,1
Appli parfaite !,1,0,0,0,dataset_apia2022,1
👍👍👍👍👍👍👍👍👍👍,1,0,0,0,dataset_apia2022,1
Facile et pratique!,1,0,0,0,dataset_apia2022,1
Ça marche plus pour le moment,0,1,0,0,dataset_apia2022,1
"J'aurais bien voulu mettre une note, encore faut-il que je puisse me connecter dessus 🤷‍♀️",0,1,0,0,dataset_apia2022,1
"Très déçue depuis la dernière MAJ, mes pas ne sont pas enregistrés correctement, pouvez-vous corriger ce bug ?",1,1,0,0,dataset_apia2022,1
😘😘😘😘😘,1,0,0,0,dataset_apia2022,1
"Comptabilise tres mal les pas j'ai 4000 pas de différence avec une autre appli, et y a un bug avec les calorie journalière afficher",0,1,0,0,dataset_apia2022,1
Samsung Health demande un accès au téléphone depuis la dernière version. C est injustifié et bloquant si on refuse. Y a t il une explication en réponse aux nombreuses interrogations/plaintes des utilisateurs que l on peut lire ici ?,1,0,1,0,dataset_apia2022,1
se serais bien de pouvoir connecter notre fitbit ou autre appareil. de plus l interface est devenu terne,0,0,1,0,dataset_apia2022,1
j aime,1,0,0,0,dataset_apia2022,1
Nule sa serre à rien,1,0,0,0,dataset_apia2022,1
"La gestion du poids a récemment disparue, c'est un gros manque dans l'intérêt de l'application. Sûrement une erreur dans la dernière mise à jour. Aux développeurs, pourriez-vous le rétablir....? Merci d'avance",0,0,1,0,dataset_apia2022,1
Top pour garder la forme,0,0,0,1,dataset_apia2022,1
"application qui bug, compte une fois sur deux le nombre de pas effectuer dans la journée, il manque plein de ""sorte"" de nourriture et de boissons pour le calcul des calories et niveau sport il y à trop peut de variétés donc sa ne prend pas en compte tout les exercices fait à la salle ou chez soit ce qui est dommage 😒",0,1,1,0,dataset_apia2022,1
je m'en sert tout les jours. j'adore,1,0,0,1,dataset_apia2022,1
"Depuis la mise a jour d'août 2020 la fonction ""gestion du poid "" n'existe plus l'application n'as plus d'intérêt. Cette fonction était utile dans les cas de pertes de poids. J'espère qu'elle réapparaîtra d'ici peu sinon je vais devoir trouver une alternative.",0,0,1,0,dataset_apia2022,1
Genial tout ce qu il me faut,1,0,0,0,dataset_apia2022,1
"Outils attrayant Mais mise à jour décevante Pourquoi avoir retiré des fonctions très utiles J'aimais utiliser le curseur ou la jauge journalière qui tenait compte de mon activité physique et de mes apports calorique, en un coup d'oeil je savais si j'etais en avance ou en retard De plus, on a une moins bonne visibilité sur nos moyennes mensuelles, quotidiennes,... en activité, poids et en nourritures Vraiment dommage Je trouve moins utile maintenant",1,0,1,0,dataset_apia2022,1
"Pas mal du tout pour les calories et pour les pas. Pour les exercices c est pas encore ça car on peut pas faire une mixe d exercices en même temps (jumeler entraînement pompe abdo traction et gainage) avec un timing que l On rentre avant (1min gainage, X pompes (Pas en temps) , X tractions (Pas en temps) et lancer l'entrainement. Mais je suis sur que ça viendra Le partage lors des défi et super. Un chat inter ami peut aider à garder le cote objectif quotidien, comme un vrai objectif.",1,0,1,1,dataset_apia2022,1
"Mon interface a changé depuis hier le 05/09/2018 et depuis,pas de synchro avec runkeeper !!!est ce normal???",0,1,0,0,dataset_apia2022,1
malheureusement l'application ne fait pas la distinction entre faire du vélo et marcher. À corriger.,0,1,0,0,dataset_apia2022,1
Jaime car sa nous dit tous,1,0,0,0,dataset_apia2022,1
Un Bravo Pour Les Créateurs!,1,0,0,0,dataset_apia2022,1
Super appli motivante avec les defis et dans montre ou quoique ce soit donc pratique,1,0,0,1,dataset_apia2022,1
"La base aliment n'est pas assez complète. Sinon permet de tenir des 
objectifs.",0,0,1,0,dataset_apia2022,1
"Les mises à jours sont régulières et améliorent l'application au fur et à mesure. L'interface est agréable. Il y a beaucoup de choses : sport, relaxation, sommeil, stress, conseils... Je la préfère à l'application de santé de Google.",1,0,0,1,dataset_apia2022,1
"Génial! Très stimulant, cela donne envie de marcher tous les jours...",1,0,0,1,dataset_apia2022,1
tres bien et facile a utiliser,1,0,0,0,dataset_apia2022,1
"bonne application calcule de calories en recherchant le nom du produit ,ce qui simplifie le calcul (faut juste le grammage : ex : 58 gr plaque de chocolat (marque))et on peu rajouté nos produit si inexistant dans la liste de recherche (quand sa bug pas pour faire une recherche )",0,0,0,1,dataset_apia2022,1
"Depuis la dernière mise à jour, ne compte plus les pas automatiquement. Il faut que l'écran soit allumé avec l'appli pour que ça fonctionne !",0,1,0,0,dataset_apia2022,1
Appli permettant de progresser. Trés bonne application.,1,0,0,0,dataset_apia2022,1
"Elle me motive, j'adore",1,0,0,0,dataset_apia2022,1
"Très précise et fiable, cette application encourage à pratiquer une activité physique.",1,0,0,1,dataset_apia2022,1
Application sympa et utile. après je manque d'assiduité pour noter mes repas et surtout pour noter les quantités. Peut être que de flasher les codes barre pourrait simplifier la tâche.,1,0,1,0,dataset_apia2022,1
Impossible de se connecter à l'app. J'ai une montre Samsung et impossible d'utiliser G health c'est é nervant.,1,1,0,0,dataset_apia2022,1
Top comme application,1,0,0,0,dataset_apia2022,1
Appli géniale.,1,0,0,0,dataset_apia2022,1
Après la mise à jour l'application ne marche pas android 7.0,0,1,0,0,dataset_apia2022,1
"Je suis déçue car jusqu'à la semaine dernière l application fonctionnait bien et depuis 3 ou 4 jours elle ne fonctionne plus elle ne compte plus les pas !!je pense a un bug dommage j aimais bien cette application qui était simple et juste !!et le bug recommence il faut vraiment faire quelque chose ça na va plus !! Ca a marché 2 fois et la ca recommence encore ça ne comptabilise plus les pas !!,il faudrait remédier a ce bug car c est vraiment énervant !!",1,1,0,0,dataset_apia2022,1
top... parfaite pour maîtriser son alimentation. un outils utile et efficace au quotidien.,0,0,0,1,dataset_apia2022,1
"Impossible depuis la dernière mise à jour de diposer de toutes les 
informations vitesse moyenne,distance...etc Jusqu'à maintenant l'appli 
était intéressante hormis mais les données lié au gps étaient erronés.",0,1,0,0,dataset_apia2022,1
"Super appli, juste dommage qu'elle ne se synchronise pas avec google fit sans installer une appli payante.",1,0,1,0,dataset_apia2022,1
Application super avant les mises à jours,1,0,0,0,dataset_apia2022,1
L'appli est tout simplement magnifique.,1,0,0,0,dataset_apia2022,1
"Plutôt bien pour ce que j'en fait. Mais depuis 1 mois, elle me parle en anglais avec accent russe, alors que tout est écrit en francais. Je ne peux pas ou ne sait pas remettre la voix française . Merci de m'expliquer comment faire",1,1,0,0,dataset_apia2022,1
Nul Nul,1,0,0,0,dataset_apia2022,1
Impossible d'ouvrir l'application,0,1,0,0,dataset_apia2022,1
"Elle fonctionne sur one plus mais oublie parfois de démarrer automatiquement, problème qui est maintenant résolu depuis 15 jours.",0,1,0,0,dataset_apia2022,1
Autorisations demandées inacceptables ! Pourquoi une application de podometre devrait passer des appels ou accéder à mes contacts ?! À fuir,1,0,1,0,dataset_apia2022,1
Rien a dire,1,0,0,0,dataset_apia2022,1
Dommage qu'il y a des écarts avec le comptage de ma gear...,0,1,0,0,dataset_apia2022,1
J adores,1,0,0,0,dataset_apia2022,1
Il n'y a plus la gestion du poid . C'était vraiment ça le plus utile pour gérer correctement...,0,0,1,0,dataset_apia2022,1
"Le moniteur cardiaque ne se connecte plus à mes écouteurs. Et puis cette saleté de notification ""moniteur cardiaque activé"" qui s'affiche en plein sur le bouton démarrer de l'exercice... empêchant de démarrer avant plusieurs secondes justement...",0,1,0,0,dataset_apia2022,1
Health,1,0,0,0,dataset_apia2022,1
Super pour garder la forme en se donnant des défis.,1,0,0,1,dataset_apia2022,1
Toooop,1,0,0,0,dataset_apia2022,1
application qui permet de suivre son activité quotidienne. facile d'utilisation. je suggère deux améliorations qui permettraient un 5 étoiles : - possibilité d'ajouter une activité manuellement - trouver dans les vidéos et applications proposées des étirements après exercices pour que l'application soit complète.,1,0,1,1,dataset_apia2022,1
"Défis tous les mois, avec objectif de 200 000 pas dans le mois, apportent motivation pour rester actif ☺️",0,0,0,1,dataset_apia2022,1
"Une appli qui demande des choses facultatives OBLIGATOIRES lors de la configuration. Dès le moment où les choses sont obligées, elles ne sont plus FACULTATIVES!!! N'IMPORTE QUOI Désinstallé aussi sec !!!!!!!!!!!",1,0,1,0,dataset_apia2022,1
Greaaat,1,0,0,0,dataset_apia2022,1
"Allez dans l'option partage et inscrivez vous aux défis, c'est génial car vous réalisez un challenge mondial et vous pouvez voir les.photos des autres pays via les échanges avec les autres concurrents",0,0,0,1,dataset_apia2022,1
Il manque fonction vélo automatique !?,0,0,1,0,dataset_apia2022,1
Très motivant pour l activité sportive,0,0,0,1,dataset_apia2022,1
cant use blood pressure sensor with this app samsung s9 and s10 have this sensor?please make an update to use it,0,0,1,0,dataset_apia2022,1
3 fois que je réinstalle .à un moment le compteur de pas s'arrête. C'est pénible,0,1,0,0,dataset_apia2022,1
Super application facile et ludique,1,0,0,0,dataset_apia2022,1
"Depuis quelques temps, l'application ne m'affiche plus le parcours de mes courses à pied.",0,1,0,0,dataset_apia2022,1
Vous pretendez augmenter la securite ... avec une athentification a 2... or depuis votre mise a jour impossible d acceder a mes donnees (plus de 5 ans) pr de la securite c est de la securite... on peut dire raisonnablement que Samsung LTD me bloque l acces a mes donnees de sante je compte deposer une plainte en bon et due forme contre votre societe pour vol de donnees privees,1,0,1,0,dataset_apia2022,1
J'adorais cette application dont je me sers quotidiennement mais sans la gestion du poids elle devient peu utile :(,1,0,1,0,dataset_apia2022,1
"Impossible de se connecter à l application après redémarrage de nos 2 téléphones et réinstallation de l appli. Après s être logué, l appli charge encore et encore mais ne s ouvre jamais..... C est super embêtant... On a également changé nos mdp et rien n y fait..",0,1,0,0,dataset_apia2022,1
Application qui ne veut plus fonctionner depuis la dernière mise a jour. Elle demande l'identification sécurisée par code sécurité mais aucune possibilité d'y avoir accès,0,1,0,0,dataset_apia2022,1
Depuis la derniere mise a jours l application est nul c etai bien mieux avant et beaucoup plus simple,1,0,0,0,dataset_apia2022,1
Ne fonctionne plus depuis la mise à jour qui demande de mettre sont numéro de téléphone pour recevoir un code. Aucun code reçu,0,1,0,0,dataset_apia2022,1
très bien merci,1,0,0,0,dataset_apia2022,1
"Cette application m'était très utile, jusqu'à ce qu'elle arrête de compter 
mes pas.",1,1,0,0,dataset_apia2022,1
j utilise cette application depuis 3 ans. Je l apprécie. .. peu ou pas de bugs donc ça me va,1,0,0,0,dataset_apia2022,1
Compteur étage ne fonctionne pas,0,1,0,0,dataset_apia2022,1
top appli,1,0,0,0,dataset_apia2022,1
Bonjour. comment supprimer cette application? je n'en ai pas l'utilité et me prend de la place sur mon tel merci pour la réponse,0,0,1,0,dataset_apia2022,1
Dommage ils ont supprimé la carte de parcours de marche à pied,0,0,1,0,dataset_apia2022,1
Dommage que le podomètre ne fonctionne pas.,0,1,0,0,dataset_apia2022,1
Sa marche pas sur mon galaxy j5 prime,0,1,0,0,dataset_apia2022,1
"Ne démarre pas car ""téléphone rooté"". Or mon tel n'est pas rooté!",0,1,0,0,dataset_apia2022,1
"Je portais un bracelet Honor band 3, le suivi du sommeil était plutôt réaliste, les pas également. On m'a offert la galaxy watch 46 mm et là... Une catastrophe pour un système 15x plus cher... Le sommeil est complètement farfelu et les pas, je n'en parle même pas... Bref, fuyez cette montre et cette application.",1,1,0,1,dataset_apia2022,1
Dommage plus possible de contrôler les pulsations cardiaques je pense que je vais quitter,1,0,1,0,dataset_apia2022,1
"Bonne appli grâce à laquelle je me suis mise a marcher, une bonne habitude ca apporte plein de bienfaits ^^ Sinon très motivante avec son compteur de pas et on peut faire des defis avec nos amis c cool 😊",1,0,0,1,dataset_apia2022,1
Impossible de démarrer l'application une fois installé beaucoup plus simple avant,0,1,0,0,dataset_apia2022,1
Je préférais nettement le graphisme de la version précédente !! Quelle horreur 😱,1,0,1,0,dataset_apia2022,1
Très bon application mais depuis la mise à jour des donné de confidentialité en deux étapes impossible de l ouvrir ... il demande notre numéro de téléphone il nous envoi un code et quand on valide retour à la case départ...,1,1,0,0,dataset_apia2022,1
J'ai un problème de capteur de marche et entrainement récent il ne fonctionne pas,0,1,0,0,dataset_apia2022,1
"Très bien, en revanche dommage que Samsung n'est toujours pas réglé le partenariat avec googlefit pour les montres connectés LG!",1,0,1,0,dataset_apia2022,1
depuis la mise à jour la detection d'entraînement automatique ne fonctionne plus sur mon S8 sinon super appli,0,1,0,0,dataset_apia2022,1
Je vais désinstaller l'app de mon GSM car la mise à jour m'impose un accès aux données de mon téléphone. Bye bye Samsung Health,1,0,1,0,dataset_apia2022,1
Merci pour cette application,1,0,0,0,dataset_apia2022,1
ce logo est très bien pour savoir comment on se sent dans sa peau.je le recommande à des personnes qui recherche ce logo.c'est un sport qui est très bon pour la santé.,1,0,0,1,dataset_apia2022,1
Je suis plutôt contente de l'application sauf qu'il n'y à plus d'éléments pourle suivi des calories consommées dans la journée . Pouvez-vous la remettre?,1,0,1,0,dataset_apia2022,1
Depuis la dernière mise a jour pas moyen de passer l etape de validation en 2 etapes... l application ne fonctionne plus.. comment reparer ? merci pour votre aide.,0,1,0,0,dataset_apia2022,1
"L'application m'a paru intéressante mais la disparition de ""gestion du poids"" dans la dernière mise à jour est gênante et je n'arrive pas à retrouver les données dans l'historique",1,0,1,0,dataset_apia2022,1
L app. refuse de marcher sur Mon telephone.,0,1,0,0,dataset_apia2022,1
Nécessite la validation en 2 étapes. Direct poubelle merci,1,0,1,0,dataset_apia2022,1
Impossible de me reconnecter,0,1,0,0,dataset_apia2022,1
"Impossible de l'utiliser sans donner à l'application l'autorisation de passer des appels... Non merci, c'est des installé aussitôt.",1,0,1,0,dataset_apia2022,1
sur le programme sommeil il ne détecte pas quand le réveil sonné et donc quand on se réveille. dommage,0,1,0,0,dataset_apia2022,1
"Depuis que j'ai installé l'appli mon téléphone beug complètement. Je viens d'acheter la montre, l'appli fonctionne bien mais pour le reste du téléphone c'est la cata. Des solutions ??",0,1,0,0,dataset_apia2022,1
"Bonjour. J'utilise cette application avec un Samsung A3 2017 et une gear S3. Je suis plutôt satisfait, même si je ne retrouve pas l'ensemble des exercices sur la montre (ex : impossible de lancer un entraînement ski... ) Autre demande, avoir la possibilité d'un mode sombre (fond noir) qui permettrait de limiter la consommation de l'écran..",0,0,1,1,dataset_apia2022,1
La mise a jour est nul trop de beug,0,1,0,0,dataset_apia2022,1
"Excellente appli. Pour le moment, je n'ai aucun des problèmes mentionnés par d'autres.",1,0,0,0,dataset_apia2022,1
Il manque un lecteur de code barre qui simplifierait la saisie alimentaires. Les nutriments ne sont pas systématiquement pris en compte ce qui fait que le bilan nutritionnel faux l'analyse bilan gestion de poids ne correspond pas et donne des indications qui mène direct à l'anorexie . Les bilans indiquent une surconsommation de calories mais je suis en dessous des calories consommées par rapport à mon objectif poids alors que je maigris et que je suis sous mon poids objectif!!.,0,0,1,0,dataset_apia2022,1
superbe application,1,0,0,0,dataset_apia2022,1
Je n arrivés pas du tout à me connecter avec mon portable huawei et sur ma montre galaxie Est ce normal ?,0,1,0,0,dataset_apia2022,1
"Très bonne application, ça serait bien de faire en sorte qu'on puisse juste supprimer des repas ou des recettes enregistrées et de pouvoir scanner les aliments comme fitnesspal",1,0,1,0,dataset_apia2022,1
Je trouve sa assez pratique !!,1,0,0,0,dataset_apia2022,1
"Super !!C'est parfois complexe d'enregistrer ses repas car elle beugue sinon elle est top!! Elle nous donne envie de nous dépasser!! De nous dépenser tout en vérifiant notre alimentation ! Elle nous permet aussi de rencontrer d'autres membres,d'autres pays! Sympa !!",1,0,0,1,dataset_apia2022,1
nice App it motivates you to practice sports and walking through the good health,1,0,0,1,dataset_apia2022,1
"Cette Version 6 est de prime abord un peu déroutante au début. Après plusieurs semaines on s'y fait. Bien sûr elle n'est pas encore parfaite, mais elle est sur le bon chemin. Encore un effort et elle sera au top.",1,0,0,1,dataset_apia2022,1
"Plutôt dessus de la mise à jour. Bug dans l'enregistrement des repas (blanc, enregistré pas etc) et les phases de soleil sans mainte'a't sans mouvement....",1,1,0,0,dataset_apia2022,1
Vérifier chaque jour le nombre de pas,0,0,0,1,dataset_apia2022,1
mauvaise synchronisation,0,1,0,0,dataset_apia2022,1
Impossible à paramétrer sur mon nouveau S21. Fonctionnait parfaitement sur mon ancien Samsung A70.,0,1,0,0,dataset_apia2022,1
Super permet de suivre mon nombre de pas,1,0,0,1,dataset_apia2022,1
Depuis la dernière mise a jour Samsung de cette nuit l application ne fonctionne plus on dirait que la mise de celle ci ne se fait pas...vraiment dommage .,1,1,0,0,dataset_apia2022,1
Very good,1,0,0,0,dataset_apia2022,1
De moins en moins de fonctionnalités,1,0,0,0,dataset_apia2022,1
Application sympa le système du podomètre le calcul de calories perdu pour tout ce qui est cardio. 👍 En revanche pour le côté musculation c'est très bof le calcul se fait aussi avec un chrono hors la musculation fonctionne par séries et au poids soulevé.. du coup pas top du sur ce point là. a rectifié au plus vite si possible 😉👍,1,0,1,1,dataset_apia2022,1
Il ne manque plus que le suivi des mensurations et l'appli sera plus que parfaite !!,0,0,1,0,dataset_apia2022,1
"L'appli ne compte plus les pas. J'ai autorisé l'accès à mon téléphone à Samsung Health, mais l'appli ne compte toujours pas mes pas. Alors je la désinstalle. Dommage, j'aimais beaucoup l'ancienne version (je lui donnais 5 étoiles).",1,1,0,0,dataset_apia2022,1
Génial cela me booste à faire des exercice comme du vélo de la marche... Grâce à cette application jai même ressortis mes vélo d'appartement et epielieptique. Je vous conseille vraiment de commencer à utiliser ce application !,1,0,0,1,dataset_apia2022,1
J'utilise cette application depuis au moins 8 ans.. cette mise à jour est ridicule rien ne marche je ne sais si les développeurs l'ont tout simplement essayer!!! J'ai due désinstaller . On verra par la suite,1,0,0,1,dataset_apia2022,1
"Bonjour est ce que c'est possible du faire du fractionné avec cette 
application ?",0,0,1,0,dataset_apia2022,1
En quoi une application qui sert à compter mes pas. à besoin d avoir la possibilité de passer des appels. Ça devient n importe quoi la. Appli desinstallée !!! @samsung il va falloir revoir revoir votre copie et respecter la vie privée de vos usagers,1,0,1,0,dataset_apia2022,1
Meme pas capable de prendre un itinéraire de marche correctement...distances de pas n'importe quoi. Bon à jeter,1,1,0,0,dataset_apia2022,1
"j'ai plaisir à l'utiliser cette application celà ma permis une prise en main sans contrainte , je me sent mieux est cerise j'ai perdue du Poids.",1,0,0,1,dataset_apia2022,1
Non pas facilement,1,0,0,0,dataset_apia2022,1
"J'aime l'application, mais il n'est pas possible d'établir des quantités pour la nourriture en unités variables",1,0,1,0,dataset_apia2022,1
"Depuis dernière mise à jour, ne compte plus rien du tout... Inutile",0,1,0,0,dataset_apia2022,1
"Superbe application que j'utilise, en plus d'exercices physiques, également pour le régime. Vraiment très efficace le suivi numérique qui vous permet de perdre gratuitement du poids. Grand merci à Samsung Health...",1,0,0,1,dataset_apia2022,1
"Je l'utilise depuis juin 2019 mais depuis la dernière mise à jour je n'ai plus l'historique et je ne vois pas non plus ma balade en vélo d'aujourd'hui. Si ce n'est plus accessible, je désinstalle l'application.",1,0,1,1,dataset_apia2022,1
Cette application nous aide à faire beaucoup plus d'efforts,0,0,0,1,dataset_apia2022,1
Connaît pas,1,0,0,0,dataset_apia2022,1
heals great,1,0,0,0,dataset_apia2022,1
"depuis plusieurs semaines la synchro avec strava est toute buguée, ca fonctionne 1 fois sur 5, insupportable, alors qu'avant ca fonctionnait tres bien",0,1,0,0,dataset_apia2022,1
"Suite à un changement de portable, avec obligation de télécharger samsung health, je me retrouve avec des vidéos en anglais, ainsi que les distances et vitesse d exercice. Comment faire pour résoudre ce problème ?",0,1,1,0,dataset_apia2022,1
"Après la connexion du login et MDP cela charge en continu, plus rien ne fonctionne 😑",0,1,0,0,dataset_apia2022,1
"Appli que j ai découvert lors de l achat de mon note 4 à l époque. Au début, je passais mon temps à tout remplir ,( consommation de verre d eau, café, mesurer mon poult, etc...)et d un simple ""jeu"", j ai commencer à relever des défis, à perdre du poids et surtout à réussir à faire de la course à pieds. Grâce à cette appli GRATUITE!!!!! je suis devenus sportif et en meilleurs santé grâce à de nombreux conseils santé et idée d exercices pour être en forme . C est une excellente appli!!",1,0,0,1,dataset_apia2022,1
Nul depuis la dernière mise à jour. Dommage c était pour moi la meilleur appli mais maintenant c compliqué pour démarrer une activité et le résumé fait le totale de tout on ne peux voir le résumé que d une activité donc difficile à suivre.,1,0,1,1,dataset_apia2022,1
super bien....!! motivant pour se bouger. se ballader... lorsqu'on se donne des objectifs de nombre de pas. moi 10000 ..la montre stimule ... c'est top.,1,0,0,1,dataset_apia2022,1
bien pour santé,0,0,0,1,dataset_apia2022,1
très motivante cette application. facile d'utilisation .,1,0,0,0,dataset_apia2022,1
Je suis déçue car l'application bug souvent les pas ne se comptabilisent plus,0,1,0,0,dataset_apia2022,1
"Application qui propose beaucoup de choses, notamment les défis mensuels, qui poussent à conserver une activité régulière tous les jours !",0,0,0,1,dataset_apia2022,1
Bonjour pouvez vous faire une mise à jour. Car j'ai un téléphone Huawei et l'application se ferme systématiquement. Impossible d'y accéder. Merci à vous.,0,1,0,0,dataset_apia2022,1
Ne marche pas depuis longtemps malgré j'ai la dernière mise a jour si possible une solution,0,1,0,0,dataset_apia2022,1
très bonne application,1,0,0,0,dataset_apia2022,1
cooooool,1,0,0,0,dataset_apia2022,1
"Je me sers tous les jours de cette application. Elle permet un bon suivi de mes activités, associée au bracelet Samsung, ça devient un pur plaisir. Merci aux concepteurs, et je conseille vraiment de bon ❤.",1,0,0,1,dataset_apia2022,1
Il trop cool,1,0,0,0,dataset_apia2022,1
Obligation de rentrer son code Samsung systèmatiquement.. Pas pratique,0,0,0,1,dataset_apia2022,1
tooooop ❤,1,0,0,0,dataset_apia2022,1
Est il possible de mettre l'application en français ? Car elle est en anglais,0,0,1,0,dataset_apia2022,1
Les nouvelles conditions ne sont pas acceptables. Je ne signerai pas et cherche une autre appli. Dommage...,1,0,1,0,dataset_apia2022,1
"Les dernières mises à jour ne fonctionnent pas bien, j'ai perdu tous mes derniers entraînements, la géo-localisation marche mal. Dommage ça fonctionnait mieux avant.",0,1,0,0,dataset_apia2022,1
"J'aime bcp cette appli qui nous permet de suivre nos efforts jours après jours. Petite suggestion : pouvoir enregistrer le nombre de pompes effectuées, haltères soulevées et leur poids etc pour un meilleur suivi. Merci",1,0,1,1,dataset_apia2022,1
Ap plication motivante !,1,0,0,0,dataset_apia2022,1
"C'était une très bonne appli avant la mise à jour du 5.8.2020 version 6.11.0.061. Il n'y a plus la gestion du poids avec bilan des calories. C'était un plus, maintenant l'appli devient sans intérêt ressemblant à toutes les autres. A quand la prochaine maj ? Et la restitution de cette fonction ?",1,0,1,0,dataset_apia2022,1
Je ne trouve plus comment exporter les fichiers GPX. Est-ce toujours possible ?,0,1,1,0,dataset_apia2022,1
Ne détecte plus les pas depuis la MAJ. J'ai quasi 1000 pas de moins par jour ! Très déçue,1,1,0,0,dataset_apia2022,1
motivant,1,0,0,0,dataset_apia2022,1
Assez bien,1,0,0,0,dataset_apia2022,1
Pas compris pourquoi il faut faire 400000000000000 manipulations pour arriver sur son suivi d'activité ? Pas compris pourquoi les activités sont figées et non modulable ? Vous avez décidé de régresser ? Au moins ça c'est réussi,0,0,1,1,dataset_apia2022,1
"Très pratique à utiliser et j'apprécie le récapitulatif hebdomadaire Petit bémol, le compteur de pas ne se déclenche pas systématiquement",1,1,0,1,dataset_apia2022,1
"S'IL VOUS PLAIT, UN WIDGET POUR LA FONCTION ""SANTÉ DES FEMMES MERCI""",0,0,1,0,dataset_apia2022,1
Très utile depuis des années,1,0,0,0,dataset_apia2022,1
Ne calcule plus les pas dommage,0,1,0,0,dataset_apia2022,1
Une belle application,1,0,0,0,dataset_apia2022,1
Ne fonctionne pas sur mon samsung c7 car il est rooté,0,1,0,0,dataset_apia2022,1
Il manque certains améliorations mais elle biens,1,0,1,0,dataset_apia2022,1
Useless,1,0,0,0,dataset_apia2022,1
👍👍,1,0,0,0,dataset_apia2022,1
"Parfait pour mon utilisation. La partie nourriture est complexe à utiliser au day to day mais c'est éducatif.... Le sommeil est très intéressant Le poids facile à enregistrer Le reste est parfait. Cardio, tension... entraînement programmé ou détecté automatiquement. Tout roule, tout fonctionne.... facile. Bonne application avec une montre Samsung connecté.",1,0,0,1,dataset_apia2022,1
Dommage en changeant d adresse on perd toute l'ancienneté,0,1,0,0,dataset_apia2022,1
"impossible de se connecter à mon compte Samsung, j'ai perdu mon historique à cause de ça message affiché : impossible de se connecter au serveur",0,1,0,0,dataset_apia2022,1
Pas toujours fiable aux nombres de pas effectués.,0,1,0,0,dataset_apia2022,1
"très pratique, une bonne application pour le maintien de la forme.",0,0,0,1,dataset_apia2022,1
Impossible de se connecter 😕,0,1,0,0,dataset_apia2022,1
Bien supérieur a Google Fit. Fonctionne même si l'on ne possède pas un mobile de la marque.,1,0,0,1,dataset_apia2022,1
bonne application au contenu très vaste... bonne application,1,0,0,0,dataset_apia2022,1
Parfaite me suis chaque secondes,1,0,0,0,dataset_apia2022,1
manque possibilité d'enregistrer les paires de chaussures que l on utilise pour connaitre le cumul des kms parcourus avec.,0,0,1,0,dataset_apia2022,1
Depuis la dernière mise à jour je trouve l application nulle ! Plus de notification sur notre nombre de pas plus de défis comme les 200000 pas mensuels,1,0,1,0,dataset_apia2022,1
"j'aime vraiment beaucoup cette application que je fasse du vélo ou de la marche , j'ai toutes les indications : temps , kilomètres, vitesse ....",1,0,0,1,dataset_apia2022,1
"Audio voice during course is no longer working, no use now",0,1,0,0,dataset_apia2022,1
Déçue car ne correspond pas du tout avec mon tapis électrique sauf le temps parcouru.,0,1,0,0,dataset_apia2022,1
depuis un certain temps ne fonctionne plus correctement,0,1,0,0,dataset_apia2022,1
"C'est très bien, mais je n'arrive pas à rentrer certains aliments comme le pain de campagne par exemple. mon mari, qui m'a fait découvrir cette appli, y arrive très bien. Il doit me manquer la dernière mise à jour. sinon c'est bien",1,0,1,0,dataset_apia2022,1
berfect,1,0,0,0,dataset_apia2022,1
C'est très bien laplicason,1,0,0,0,dataset_apia2022,1
Application pourri et je pèse mes mots depuis les dernières mises à jour elle était tellement bien avant,1,0,0,0,dataset_apia2022,1
Super utile,1,0,0,0,dataset_apia2022,1
Appli pratique et ludique. Incite à maintenir une activité physique régulière.,0,0,0,1,dataset_apia2022,1
Très sympa j adore,1,0,0,0,dataset_apia2022,1
"J'ai un Samsung Galaxy Note 8 et l'application fonctionne très bien je l'utilise au quotidien, même pendant mon Sport.. Je peux enfin dire que pour moi c'estl'l'application parfaite je donne une note 10+... 100%",1,0,0,1,dataset_apia2022,1
on ne vois plus les codes couleur des phase de sommeil ????? galaxy s8,0,1,0,0,dataset_apia2022,1
Motivante accessible à tous,1,0,0,0,dataset_apia2022,1
"Excellente application,",1,0,0,0,dataset_apia2022,1
"J'ai un Galaxy note 5 reconditionné (NON ROOTÉ) et impossible d'utiliser l'application par ""appareil rooté"". Toutes mes données sont sur mon note 4 qui ne fonctionne plus, merci de faire des applications qui marchent sur tous vos appareils !",0,1,0,0,dataset_apia2022,1
"Dommage que cette application ne fonctionne bien qu avec certains smartphones Elle serait top sinon. Impeccable avec un Wiko view 3 et nul avec un xaomi 10 ( ne comptabilise pas les pas, n enclenche pas la détection automatique d exercice et se désactive très souvent)",1,0,1,1,dataset_apia2022,1
"L'application est bien mais je comprend toujours pas pourquoi il existe si 
peu d'application partenaire, me concernant il manque nike run club & nike 
training.",1,0,1,0,dataset_apia2022,1
Quelques beug informatique,0,1,0,0,dataset_apia2022,1
C'est super,1,0,0,0,dataset_apia2022,1
J'ai eu un problème avec mon téléphone je viens d'en changer et beaucoup de pas ne sont pas comptabilisés,0,1,0,0,dataset_apia2022,1
Cette application est très intéressante. Elle est très facile d'utilisation et très bien réalisée. Je suis très satisfait de votre prestation et j'ai eu beaucoup apprécié vos services. Nous sommes très heureux de votre application car je l'aime beaucoup et que je n'ai rien à faire. Je suis très fier d'elle depuis des années. Merci beaucoup pour tout ce qui a dans cette application qui fait plaisir et que j'aime énormément. Un grand bravo pour cette application qui fait plaisir à beaucoup de gens,1,0,0,0,dataset_apia2022,1
Parfait pour faire du sport,0,0,0,1,dataset_apia2022,1
Au top comme appli ..... très complète et simple... merci.,1,0,0,0,dataset_apia2022,1
quand vous allez virer les tricheurs des défis je mettrais plus d'étoiles,1,0,1,0,dataset_apia2022,1
"Après actualiser, la dernière version de l'appli ne compte mes pas du tout. Même si je l'ouvre. S'il vous plaît, vérifie ça.",0,1,0,0,dataset_apia2022,1
Bien vu part tous,1,0,0,0,dataset_apia2022,1
TRÈS très bien,1,0,0,0,dataset_apia2022,1
super bien ! et très utile pour l 'entraînement de tout les jours ! super 👍,1,0,0,1,dataset_apia2022,1
Tred utile et pratique,1,0,0,0,dataset_apia2022,1
"l'app est très bien, j'aurais voulu mettre 5 étoiles mais on ne peu pas changer la voix, j'aurais aimer qu'il y est le choix entre voix féminine et masculine 😭 cela m'aurai permis de mieu courire",1,0,1,0,dataset_apia2022,1
"Cette application était géniale mais après que l'application se soit mise à jour toute seule l'onglet gestion de poids (inférieur, bon, supérieur) à disparu c'est tellement dommage. Mise à jour imposé et plein de chose ont disparu ou totalement changé (couleur etc...) je ne vais plus utiliser cette application",1,0,1,0,dataset_apia2022,1
Pourquoi demander l'accès aux SMS et Tel ?,0,0,1,0,dataset_apia2022,1
Ne marche plus,0,1,0,0,dataset_apia2022,1
Depuis la dernière mise à jour l'appli me demande de contrôler les appels téléphoniques et mes contacts. Je ne comprends pas pourquoi une application des pas doive contrôler et gérer mes appels ?,0,0,1,0,dataset_apia2022,1
j'aime bcp cette application. super complète et sans pub !,1,0,0,0,dataset_apia2022,1
Au top avant la mise a jour avec beaucoup de paramètres et d information maintenant ça devient un podometre avec quelques informations supplémentaires très déçu 😞,1,0,1,0,dataset_apia2022,1
"Fonctionnait parfaitement sur mon ancien téléphone redmi note 7. La j'ai acheté le redmi note 8, impossible de se connecter. Tourne dans le vide sans aboutissement. Impossible également de connecter ma Galaxy watch active avec l'appli wearable. Montre devenue complétement inutile. A ce prix ça fait mal aux fesses...",1,1,0,0,dataset_apia2022,1
"Application agréable, Claire et facile à utiliser",1,0,0,0,dataset_apia2022,1
super ❤❤❤👍,1,0,0,0,dataset_apia2022,1
Super motivant,1,0,0,0,dataset_apia2022,1
"cohérence du nombre de pas, pas toujours correct, sinon très intéressant.",0,1,0,0,dataset_apia2022,1
Ne fonctionne plus...,0,1,0,0,dataset_apia2022,1
Très utile pour mesurer ses dépenses énergétique,0,0,0,1,dataset_apia2022,1
"Un peu compliqué de s'y retrouver au début, mais avec la Galaxy Watch, c'est pas mal du tout.",0,0,0,1,dataset_apia2022,1
Après un partage de connexion avec tv Samsung. Je ne peux plus l'utiliser que des message erreur,0,1,0,0,dataset_apia2022,1
"À quand le ""réveil intelligent"" ou au moins une fonction réveil ? Et simplifier le mode sport très complexe à utiliser serait sympa sinon bonne appli en général",1,0,1,0,dataset_apia2022,1
Parfait💎💎💎💎💎💎✅,1,0,0,0,dataset_apia2022,1
Tres dommage que je ne puisse pas associer mon bracelet garmin vivosmart 4 à l'application.,0,0,1,0,dataset_apia2022,1
"Tu n'a pas besoin de scanner mon numéro de téléphone et mes contacts pour m'afficher mon rythme cardiaque. En installant cette application vous mettez en danger les données personnelles de tout vos contacts. Si vous l'avez, vous êtes égoïste.",0,0,1,0,dataset_apia2022,1
"Depuis le changement en février on ne retrouve plus certaines fonctionnalités. C est beaucoup moins bien,on n y fait plus grand chose. L onglet Sommeil est bâclé et moins intéressant, moi qui vantais Samsung health je ne fais que râler! Bientôt si ça continue Huawei va être mieux pfff. Idem pour les contacts pourquoi ne pas proposer que les personnes qui ont une montre pour les défis? Au lieu d enlever les choses intéressantes, commencez par mettre des choses évidentes ! Devenu NUL NUL NUL",1,0,1,1,dataset_apia2022,1
Super!!,1,0,0,0,dataset_apia2022,1
Application au top et motivante,1,0,0,0,dataset_apia2022,1
"J'aime trop cette appli. Je vous la conseille tous. Elle peut faire plein de trucs. Comme la fréquence cardiaque, le stress. Le réveil. Les alarmes. Mesure le poids. Aide super bien à garder la forme. Elle fait vraiment tout, c'est trop cool comme appli.",1,0,0,1,dataset_apia2022,1
😍,1,0,0,0,dataset_apia2022,1
très cool,1,0,0,0,dataset_apia2022,1
super appli mais vraiment déçu que la saturation en oxygene ait disparue avec le S10,1,0,1,0,dataset_apia2022,1
Je recommande cette application à tous les sportifs,1,0,0,0,dataset_apia2022,1
"L'application est top. Jadore. Mais Depuis peu, quand je marche elle se met en pause sans que je men apercevoir et du coup les données de ma marche sont fausses.😥😥",1,1,0,0,dataset_apia2022,1
"Pratique mais données en kilomètres fausses Il m'annonce 7,4 km pour 20780 pas Le parcours en été refait avec un autre matériel il s'agissait de 11km 7",0,1,0,0,dataset_apia2022,1
"Bien qu utilisateur actif de l application sur mon ancien téléphone, le 
podomètre et le détecteur d activite ne fonctionnent pas sur mon Wiko view 
lite a moins que l application soit ouverte sur l' écran principal ce qui 
la rend inutile.",0,1,0,0,dataset_apia2022,1
Mauvaise apk En algerie elle es pas march carrément,1,1,0,0,dataset_apia2022,1
Interessant,1,0,0,0,dataset_apia2022,1
Complète et ludique,1,0,0,0,dataset_apia2022,1
Ne s'ouvre pas,0,1,0,0,dataset_apia2022,1
Quel dommage cette mise à jour. Je vois que je ne suis pas la seule dans cette situation. Je n'arrive plus à accéder à mon compte. J'ai désinstallé l'application. J'espère vivement que me problème sera résolu !,1,1,0,0,dataset_apia2022,1
Ça motive de marcher et crée une saine compétition,1,0,0,0,dataset_apia2022,1
Je peut pas m'inscrire dessu,0,1,0,0,dataset_apia2022,1
Je mes 5 étoile car il compte bien mes pas et ne me lâche jamais,1,0,0,1,dataset_apia2022,1
motivant !,1,0,0,0,dataset_apia2022,1
m'aide à garder la forme,0,0,0,1,dataset_apia2022,1
Impossible à desintaller,0,0,1,0,dataset_apia2022,1
"Connexion à l'application impossible. Après l'encodage du mot de passe et du code de vérification par SMS, l'animation tourne sans fin.",0,1,0,0,dataset_apia2022,1
Weight tracking eith calories was removed. This app is no longer useful to me.,1,0,1,0,dataset_apia2022,1
Ludique et utile !,1,0,0,0,dataset_apia2022,1
"Super application. Deux petits points à améliorer dans le mode ""activité vélo"" : - il faudrait que l'applicatif empêche le smartphone de passer en mode veille : il est très difficile et dangereux de réveiller son appareil en roulant ! - le compteur de vitesse est gradué jusqu'à 80 km/h. A part pour les pros, c'est une vitesse excessive. Il serait pratique d'avoir un paramètre qui permette de changer la vitesse maximum (à 40 kmh par exemple) afin de mieux visualiser sa vitesse réelle",1,0,1,0,dataset_apia2022,1
"Je ne peux plus l'utiliser depuis quelques mises à jour à cause de la nouvelle politique..  Ayant rooter mon portable une fois, y a un compteur qui s'est mis en place de manière définitive. Mais depuis je suis repassé sur un système d'exploitation propre et surtout officiel à samsung. Malgré cela un message me dit que mon Galaxy est toujours compromis. Résultat encore une application samsung sur j'utilisais qui se retrouve sur la touche. Comme knox.   Petit a petit mon Galaxy S6 se retrouve bridé juste parce que j'ai essayé le root une fois. Merci samsung, vous venez de perdre un utilisateur et probablement d'autre personne que j'aurais convaincue a ne pas vous soutenir.",1,1,0,0,dataset_apia2022,1
"Nul ! Je l'ai désinstallé ! Trop de données et informations demandées et en fin de compte ""rien !""",1,0,0,1,dataset_apia2022,1
C'est sympa cela pousse à aller plus loin,1,0,0,0,dataset_apia2022,1
Exelent,1,0,0,0,dataset_apia2022,1
Trop d'autorisation sur nouveau mobile et donc impossible à utiliser... donc télécharger un autre logiciel,1,0,1,0,dataset_apia2022,1
INTÉRESSENT 8,1,0,0,0,dataset_apia2022,1
J'adore cette application par contre je trouve qu'il manque des choses comme un compteur mois/semaine de km parcourus ainsi qu'un planificateur de parcours à faire soi même. Des possibilités de réglages Kcal Km et tours serait vraiment pas mal.... il faut plus la développer au nombre de personne qui utilise Samsung Health. Je l'utilise 6 fois par semaine et j'aimerais bien qu'il y est tout ça en plus pour pratiquer ma marche athlétique. Merci,1,0,1,1,dataset_apia2022,1
👍🏻👍🏻😍😍,1,0,0,0,dataset_apia2022,1
"Depuis ce matin, et je pense l'application de la dernière mise à jour, l'application ne fonctionne plus sur mon smartphone.",0,1,0,0,dataset_apia2022,1
Super et simple..bravo,1,0,0,0,dataset_apia2022,1
merveilleux,1,0,0,0,dataset_apia2022,1
très intéressant,1,0,0,0,dataset_apia2022,1
Bonjour le podomètre ne fonctionne pas correctement merci,0,1,0,0,dataset_apia2022,1
"Depuis quelques jours j'ai changé de téléphone, je n'arriveplus a me connecter. Après avoir rentré l'identification et le mot de passe, elle charge pendant plus de 30 min avant de se refermer. Et quand je la réouvre, elle me demande de me reconnecter !!!!! 🤔🤔🤔🙄🙄🙄",0,1,0,0,dataset_apia2022,1
A du mal à synchronisé depuis la mise à jour,0,1,0,0,dataset_apia2022,1
comment peux t'on récupérer son historique quand on change de tel Samsung ? pareil pour la montre.... Galaxy watch ? et son code ?,0,0,1,0,dataset_apia2022,1
"Bof, bof je n'arrive plus à enregistrer mes entraînements manuellement... c nul pourquoi avoir enlevé cette fonctionnalité ?",0,0,1,0,dataset_apia2022,1
Magnifique application je m'éclate,1,0,0,0,dataset_apia2022,1
"L'application était simple et assez complète auparavant, mais au fur et à mesure des nouvelles mises à jour des fonctionnalités utiles sont enlevées. J'ai donc téléchargé une version antérieure (6.10.5.031) trouvée sur le web pour l'installer et désactivé les mises à jour automatiques. Je peux ainsi utiliser les anciennes fonctions à nouveau, cette version étant ma préférée.",1,0,1,1,dataset_apia2022,1
ah c'est motivant,1,0,0,0,dataset_apia2022,1
Super application qui marche super bien. Mes qui depuis que j'ai changer de portable les notifications quand je cours son en Espagne (alors que je les paramétré en francais),1,1,0,0,dataset_apia2022,1
Je ne vois pas en quoi l'accès à mes contacts et mes photos est essentiel pour utiliser l'application. Je désinstalle.,0,0,1,1,dataset_apia2022,1
Ca ne marche pas !!!!!,0,1,0,0,dataset_apia2022,1
Une application qui propose un programme sportif très riche surtout pour un débutant,0,0,0,1,dataset_apia2022,1
motivant avoir bouger,0,0,0,1,dataset_apia2022,1
super et ludique en plus,1,0,0,0,dataset_apia2022,1
Question pourquoila perte ou la prise de poid n est plus accessible de semaine en semaine comme avant ?,0,0,1,0,dataset_apia2022,1
"Parmi tous les bémols qui ont déjà été cités, on ne peut plus créer/supprimer des activités manuellement aussi facilement, c'est dommage.",0,0,1,0,dataset_apia2022,1
"Depuis la mise à jour mon note 10 lite et ma watch 3 ne se synchronisent plus ???? J'ai réinstallé, vidé le cache et rien à faire. Je suis très mécontent tout fonctionnait si bien avant.",1,1,0,0,dataset_apia2022,1
nul nul nul,1,0,0,0,dataset_apia2022,1
05/2021 : La synchronisation automatique avec le compte Samsung semble maintenant fonctionner au lancement de l'application. Graphiques poids inexploitables !!! 02/2021 : Fonctionnalités en forte régression et affichages erronés. Les zones de fréquence cardiaque ne prennent pas en compte le profil de l'utilisateur. Les plages ne correspondent pas à celles affichées sur la montre ! Une synchronisation avec le compte Samsung peut résoudre le problème mais pas toujours ! Pas de synchro automatique.,0,1,0,1,dataset_apia2022,1
"J'apprécie l'application, elle est magnifique",1,0,0,0,dataset_apia2022,1
"Activation impossible, une configuration à deux étapes qui ne fonctionne pas et reste bloquée, Vraiment dommage!",1,1,0,0,dataset_apia2022,1
Très bonne apli,1,0,0,0,dataset_apia2022,1
Ne fonctionne pas (chargement infini),0,1,0,0,dataset_apia2022,1
"Depuis quelques temps je n'ai plus le comptage de pas,",0,1,0,0,dataset_apia2022,1
Very good APPL,1,0,0,0,dataset_apia2022,1
Ok ça marche,1,0,0,0,dataset_apia2022,1
bonne motivation,0,0,0,1,dataset_apia2022,1
عدم توفر اللغة العربية 👎,1,0,0,0,dataset_apia2022,1
j ai adore ça me donne un but,1,0,0,1,dataset_apia2022,1
Depuis nouvelles conditions d'utilisation (accès aux données personnelles du téléphone obligatoire ) j'ai décidé de supprimer cette application et d'aller à la concurrence,1,0,1,0,dataset_apia2022,1
impossible de se connecter,0,1,0,0,dataset_apia2022,1
Bonne appli pour garder un oeuil sur sa santé.,1,0,0,1,dataset_apia2022,1
Inutile pour moi handicapée,1,0,0,0,dataset_apia2022,1
Ne fonctionne plus depuis la mise à jour. Les pas ne sont plus comptabilisés intégralement. Je pense qu'Il il manque 50 à 60 % du réel par rapport à avant la mise à jour sur le même trajet.,0,1,0,0,dataset_apia2022,1
Bonne appli......👍,1,0,0,0,dataset_apia2022,1
"Comprends pas, sur un tél je fais 10000 pas et sur l'autre 4000.....",0,1,0,0,dataset_apia2022,1
Bonne application qui se synchronise bien avec la Samsung gear fit 2 pro Mais je suis très déçue par le nouveau format du suivi du sommeil. Cest très moche et on ne se rend plus compte de rien. L'ancienne version était très claire pourquoi l'avoir changée ?,1,0,1,1,dataset_apia2022,1
"Pour cette semaine, la récapitulation hebdomadaire ne mentionne rien sur le nombre de pas! Quand je cours les pas ne sont pas comptés Merci de corriger rapidement",0,1,0,0,dataset_apia2022,1
Inaccessible depuis dernière version. Je désinstalle.,0,1,0,0,dataset_apia2022,1
Dommage que je ne puisses mesurer le stress et le rythme cardiaque sur la note 10.,0,0,1,0,dataset_apia2022,1
magnifique,1,0,0,0,dataset_apia2022,1
j'adore cette application sur tout l'idée d'entrer dans la communauté des pratiquants de sports et de santé et de défier des caupins ou des pratiquants et surtout se défier soi même,1,0,0,1,dataset_apia2022,1
"Application intéressante. Cependant il manque cruellement la possibilité d'ajouter manuellement des pas à notre compteur. N'ayant pas toujours mon téléphone sur moi, le podomètre de l'application est donc faussé...",1,0,1,1,dataset_apia2022,1
Méga nul,1,0,0,0,dataset_apia2022,1
"Application complète. objectif sportifs, objectif perte de poids, .....",1,0,0,1,dataset_apia2022,1
Depuis la dernière mise au jour où l'on me demande un accès à mon téléphone je ne l'utilise plus . De plus on me demande de confirmer un numéro de téléphone sans cesse et je n'ai pas accès à l'application. Plus on avance dans le temps et pire est l'application !!!!,1,0,1,1,dataset_apia2022,1
"Mais quelle est cette nouvelle interface qui peu pratique ? Tout était tellement mieux avant ! On pouvait avoir toutes les activités en un seul lieu (vélo, course, marche....) une course que j'aimerais bien voir aussi, c'est un rapport par semaine ou mois, même année avec tous les activités regroupées. Par exemple, au mois de mars, vous avez fait 70 kms de vélo, 30kms de marche, 80 kms de randonnée... Sur un meme ecran. Si je mets tout ça, c'est aussi parce-que cette application est très bien !!",1,0,1,1,dataset_apia2022,1
Pas satisfait de la Nouvelle application à revoir merci,1,0,0,0,dataset_apia2022,1
"Dommage que dans la rubrique alimentation, il ne soit pas possible, à l instar d autres applications de scaner les aliments. Autre remarque : il n est pas possible de personnaliser la longueur d une piscine. Ca existe dans d autres applications. Je m entraine dans la piscine de mon club en été qui fait 17 m.",0,0,1,0,dataset_apia2022,1
"Il veut accéder à mes contacts, quel est le rapport",0,0,1,0,dataset_apia2022,1
Au debut cette appli etait excellente mais depuis 2 jour je ne peux plus l ouvrir Elle me dit que mon tel est roote et que ce n'est pas securisé alors quil ne la jamais ete... Conclusion appli inutilisable,1,1,0,0,dataset_apia2022,1
L application ne fonctionne pas puff .,0,1,0,0,dataset_apia2022,1
Fortement déçu l application n est plus lisible sans avoir à l ouvrir,1,1,0,0,dataset_apia2022,1
"Impossible d'avoir l'application sans se connecter, nul.",1,1,0,0,dataset_apia2022,1
Dommage d'avoir supprimé le tracker de caféine 😕,0,0,1,0,dataset_apia2022,1
très bien 😉👍,1,0,0,0,dataset_apia2022,1
Bon!!,1,0,0,0,dataset_apia2022,1
Très déçu de plus avoir la gestion poids qui était très utilise pourquoi l'avoir supprimé et à quand le retour ????,1,0,1,0,dataset_apia2022,1
"Depuis la dernière mise a jour rien ne vas plus, les kilomètre deconne et je ne vois meme plus le trajet que je fais deplus il ont enlever la vitesse sur le graphique final pour le femplaver avec le rytme, decevant",1,1,0,0,dataset_apia2022,1
"J'aime bien cette application assez complète et qui se synchronise avec ma montre et d'autres apps similaires. Par contre, je rencontre des plantages depuis quelques jours lorsque j'essai de consulter mes plus récentes activités. J'ai d'ailleurs reçu un avertissement du système d'exploitation du téléphone m'invitant à mettre l'app en veille à cause de bugs répétés. En attente d'une MAJ. Un proposition: intégration d'un chronomètre/timer à interval pour les entraînements de course.",1,1,1,1,dataset_apia2022,1
Application au top mais refuse de synchroniser avec health sync depuis 24h 😔 je ne trouve pas la solution...,1,1,0,0,dataset_apia2022,1
j'ai perdu mon mot de passe merci,0,0,1,0,dataset_apia2022,1
Moi également plus possible de se connecter à l'application c'est pénible,0,1,0,0,dataset_apia2022,1
Elle m'a dure à distance que j'ai parcouru très bien,0,0,0,1,dataset_apia2022,1
Bonne application mais trop de demande de mises à jour !,1,0,1,0,dataset_apia2022,1
Manque un dossier médical,0,0,1,0,dataset_apia2022,1
"Pas mal, mais toujours trop de bugs pour une application faite par une aussi grosse boîte. Suite à une mise à jour on ne peut plus du tout se connecter, il faut installer une ancienne version, se connecter et mettre à jour... (Avant on pouvait contourner l'écran de login qui ne marche pas)",1,1,0,0,dataset_apia2022,1
"Depuis la nouvelle version, plus de rapport hebdomadaire de la distance parcourue. Dommage, l'application était assez complète mais enlever cette option a été très idiot.",1,0,1,0,dataset_apia2022,1
Saturation oxygene .mesure de stress.tres bonne,0,0,0,1,dataset_apia2022,1
Depuis un mois je n'arrive plus à voir le km et les nombres de pas,0,1,0,0,dataset_apia2022,1
Je suis trop déçue je viens de faire la dernière mise à jour et l'application ne fonctionne plus. Je ne peux plus revenir en arrière avant la mise à jour. toutes mes données ont été effacées. du coup avec ma montre connectée samsung comment faire ???,1,1,0,0,dataset_apia2022,1
Problème de comptage des kilomètres ! C'est dommage car ce qui sont calculés par votre application ne sont pas réels et be permettent pas de se mettre des challenges !,0,1,0,0,dataset_apia2022,1
Franchement j'adore cet application!!,1,0,0,0,dataset_apia2022,1
Genial.,1,0,0,0,dataset_apia2022,1
"Dommage qu'il ne soit pas possible de voir ses performances évoluer sur les 
circuits définis.",0,0,1,0,dataset_apia2022,1
J'ai installé l'application début juin. Impossible de connecter ma montre !,0,1,0,0,dataset_apia2022,1
Déçu je n ai plus le capteur cardiaque,0,1,0,0,dataset_apia2022,1
Bien avant la mise à jour. Inutile maintenant,1,0,0,0,dataset_apia2022,1
Bonjour J'ai beaucoup aimé cette application seulement depuis deux jour je ne peux plus l'utiliser sauf en autorisant l'application à passer des appels.... pourquoi? En quoi est ce utile? En l'état je trouve ça abusif de vie part et surtout non sécurisé pour l'utilisateur,1,0,1,0,dataset_apia2022,1
"Bonne application, très utile et assez pertinente !",1,0,0,0,dataset_apia2022,1
Problème sur les itinéraires de marche depuis janvier,0,1,0,0,dataset_apia2022,1
je met quatre car dans les activités vous devrez mettre trampoline,1,0,1,0,dataset_apia2022,1
"Bonne appli mais comme beaucoup ,dégoûtée de ne plus avoir ""la gestion du poids "" Remettez nous cette option!!!",1,0,1,0,dataset_apia2022,1
Top application. Je marche deux fois plus grâce aux défis.,1,0,0,1,dataset_apia2022,1
well,1,0,0,0,dataset_apia2022,1
"Depuis la dernière mise à jour, l'application me vide la batterie de mon téléphone !! Si rien est fait, je vais devoir la virer. Perdre 20% de batterie en pleine nuit ça va pas être possible longtemps",0,1,1,0,dataset_apia2022,1
Pourquoi abandonner la gestion poids et calories. C'est un tout. Appelez vous samsung sport maintenant...vous allez me tenter de passer a l apple watch...,0,0,1,0,dataset_apia2022,1
"Je n'ai plus le parcours qui s'affiche, avant on voyait le parcours courus en activant le GPS maintenant plus rien juste le temps, les km et et calories",0,0,1,0,dataset_apia2022,1
"Superbe application et gratuite. Une application complète de suivi de santé. Cela va du comptage des pas au suivi de sommeil, surveillance du poids de l'eau consommée, de la caféine etc... L'application est assez ergonomique et le seul petit bémol serais qu'il serais sympa d'ajouter un thème sombre. Les défis 1 contre 1 sont très sympa et j'adore les défis mensuel ainsi que le défi global. Une très bonne application qui pourrait encore être améliorée.",1,0,1,1,dataset_apia2022,1
la maj a retirer le cardio et pression artérielle et autres cest dommage,0,0,1,0,dataset_apia2022,1
Impossible changer certains parametres,0,0,1,0,dataset_apia2022,1
"J'ai retrouvé un vieux bracelet connecté que j'ai voulu tester sur un realme. Déjà il faut installer 4 applications alors que chez la concurrence une seule suffit... Ensuite l'application la plus importante: Samsung health ne fonctionne pas. Après avoir entré son compte, ça mouline, ça mouline etc... Gg Samsung, entre les téléphones sans autonomie et les apps foireuses c'est normal que les trimestres soient compliqués 😂 👌",0,1,1,0,dataset_apia2022,1
"J adore je l utile tous les jours , mais parfois j ai l impression que tous n'est pas très juste 😉🙃",0,1,0,1,dataset_apia2022,1
Cette application trop bien.,1,0,0,0,dataset_apia2022,1
n affiche plus le plan apres activité course,0,1,0,0,dataset_apia2022,1
Depuis la dernière mise à jour je ne peux plus accéder à mon application,0,1,0,0,dataset_apia2022,1
application au top avec une montre connectée samsung,1,0,0,1,dataset_apia2022,1
c une bonne application 💞💞💞,1,0,0,0,dataset_apia2022,1
"Pas parfait, l analyse du sommeil est bien moins bonne que sur la fitbit. Couple a une galaxy watch.",1,0,1,1,dataset_apia2022,1
Toop,1,0,0,0,dataset_apia2022,1
Application ne fonctionne pas Zero,1,0,0,0,dataset_apia2022,1
Dernière Maj TROP nul L Application sert plus a rien. ☹😡👎👎👎,1,0,0,0,dataset_apia2022,1
En attente de correction. Les distances ne sont plus bonnes. Je fais un parcours régulier de 5km et il m'indique plus de 6km pareil sur un parcours de 8km il m'a indiqué 11km.... et je n'ai plus la map de mon parcours....,0,1,0,0,dataset_apia2022,1
Une appli au top jadore je recommande,1,0,0,0,dataset_apia2022,1
"Très bonne application pour le suivi personnel, serait il possible d'ajouter les montres Garmin aux appareil compatible ? la ce serait parfait.",0,0,1,1,dataset_apia2022,1
Excellent.,1,0,0,0,dataset_apia2022,1
Au bout de 2ans mon application et celle de mon mari s'arrête chaque fois à la moitié du parcours,0,1,0,0,dataset_apia2022,1
"L application bugg depuis la MaJ Depuis la maj de fin janvier impossible de faire fonctionner l application, complètement inutilisable",0,1,0,0,dataset_apia2022,1
"Rendue trop simplifiée, par exemple, maintenant plus de poids moyen par mois.",0,0,1,0,dataset_apia2022,1
Les distances parcourues ces derniers temps ne sont pas juste. Cela fonctionne mal y a t il quelque chose à faire ?,0,1,0,0,dataset_apia2022,1
j'ai beaucoup aimé le défi car ça m'a permis de me remettre en forme et de me dépasser être en coupure avec le monde entier c'est tout simplement génial je vais continuer dans cette lancée avec d'autres défis,0,0,0,1,dataset_apia2022,1
Très utile pour le suivi au quotidien et le bilan diététique. Une lacune le total quotidien des sucres.,0,0,0,1,dataset_apia2022,1
La seule chose qui manque c'est d'avoir un résumé de l'activité sur 1 mois ou une année... Pour savoir comment on progresse et quand il faut changer ses chaussures pour les coureurs comme moi... J'utilise déjà depuis 4 ans et cette information me paraît essentielle 😌,0,0,1,1,dataset_apia2022,1
"Application vraiment bien. Je m'en sert surtout pour les séances de marche et les heures de sommeil. Si je puis me permettre une suggestion sur ce dernier point : - féliciter les heures de coucher et de réveil c'est bien -mais indiquer à une personne qui n'a dormis que 3h que c'est bien trop peu, ou, inviter une personne qui a dormis 17h30 à consulter un médecin car c'est beaucoup trop serait MIEUX ! C'était une petit suggestion de quelqu'un souffrant de pathologies du sommeil encore trop mal connues...",1,0,1,1,dataset_apia2022,1
Superbe application bravo,1,0,0,0,dataset_apia2022,1
Bonne appli de sports et de coaching.,0,0,0,1,dataset_apia2022,1
Elle est super comme applications mais pour les entraînements ça va pas trop ça plante souvent du coup j suis toujours obligé de regarder pendant mon sport si ça continue bien de decompter le temps. C'est relou.,1,1,0,0,dataset_apia2022,1
"L'appli ne fonctionne plus sur mon S10+, Samsung faites quelque chose svp 😔",0,1,0,0,dataset_apia2022,1
Conviviale ludique défis intéressants.,0,0,0,1,dataset_apia2022,1
Bonne réussi merci,1,0,0,0,dataset_apia2022,1
"C'est une super application synchronisée avec ma montre, c'est top, je contrôle mon alimentation, mon activité, mes calories. Cependant, je constate un bug aujourd'hui, j'ai effectué plus de 11000 pas, et à chaque fois que je vais sur l'application et que je clique sur gestion du poids, le nombre de calories brûlées augmente dans faible activité et là j'en suis à 8322 calories brûlées en ayant fait 11568 pas, c'est aberrant, j'espère que ça va vite rentrer dans l'ordre et ne plus se reproduire.",1,1,0,1,dataset_apia2022,1
Très bon mais j aimais mieux l ancienne version,1,0,1,0,dataset_apia2022,1
Bonne application mais ne se lance plu depuis quelque temps...,1,1,0,0,dataset_apia2022,1
Je ne comprends pas pourquoi il faut que je donne autant d'autorisations. Je désinstalle.,1,0,1,0,dataset_apia2022,1
Cool comme la marque,1,0,0,0,dataset_apia2022,1
"Super application,assez complète, j'adore!",1,0,0,0,dataset_apia2022,1
"Je ne trouve plus la catégorie équitation, où est-elle passée ??!!",0,0,1,0,dataset_apia2022,1
"Santé et conditions physiques ,La meilleure application",1,0,0,1,dataset_apia2022,1
"Très bonne application, j'adore.",1,0,0,0,dataset_apia2022,1
J'étais contente de cette application mais depuis trois mois les pas ne se décomptent plus correctement entre la gear et le téléphone. De ce fait l'application n'est plus fiable.,1,1,0,0,dataset_apia2022,1
Application au top...Rien de plus à ajouter,1,0,0,0,dataset_apia2022,1
"Pas assez précise (aliments, sommeil, activités...)",0,0,1,0,dataset_apia2022,1
Top 10,1,0,0,0,dataset_apia2022,1
Bien mais peu mieux faire... j'ai une montre samsung galaxy watch3 connectée et les battements du cœur sont enregistrés dans l'application mais n'apparaissent pas dans les graphiques des activités sportives ce qui est fort dommage !!! Merci aux développeurs de palier à ce manque ce qui donnerai un gros plus a l'appli et 5 étoiles 🌟 😉,1,0,1,0,dataset_apia2022,1
Atletisme,1,0,0,0,dataset_apia2022,1
Cette application était vraiment intéressante grâce aux activités et A LA GESTION DU POIDS mais malheureusement cette dernière option a été retirée. Alors qu'elle était la raison principale a l'utilisation de cette application. Je songe maintenant à désinstaller. Bien dommage...,0,0,1,0,dataset_apia2022,1
"Application qui inclut beaucoup d'informations et de suivi mais... les valeurs sont fausses. Lors d'une sortie de footing, ma vitesse est totalement excessive (je l'ai comparé avec deux autres applications) ainsi que la distance courut. Donc pour le nombre de pas, je vous conseille de vérifier. Je trouve qu'il manque à cette application un fond foncé (ou alors je ne l'ai pas trouvé) afin d'économiser la batterie.",0,1,1,1,dataset_apia2022,1
Nul depuis la mise à jour déçu déçu déçu avant il y avait un comptage.fes.calories en fonction du sport fixait des objectifs de calorie c.etait genial donc deux solution soit vous remettez cette option soit je l enlevé et je passerai mon temps à le dire à tout les communautés et à tous les influenceurs que je connais,1,0,1,0,dataset_apia2022,1
parfait pour une motivation supplémentaire !!,1,0,0,0,dataset_apia2022,1
Application intéressante mais dommage que l'on ne puisse pas la laisser ouverte en permanence. Quand on oublie de l'ouvrir on perd des pas. Dommage pour les défis.,1,0,1,0,dataset_apia2022,1
On me demander autoriser qqchose dans paramètres j'ai tout autoriser et cela demande toujours. Je suis gavée.,1,1,0,0,dataset_apia2022,1
"J adore la détection de marche ou de course. J aime les séances de course 
avec la topographie et meteo, la localisation et le résumé de la séance !",0,0,0,1,dataset_apia2022,1
Ça marchait très bien.... jusqu'à la dernière mise à jour ! Impossible de me connecter ! Faut vous réveiller les développeurs applis de Samsung 😠😠😠,1,1,0,0,dataset_apia2022,1
"Bonjour, Depuis la dernière mise à jour, l'application dysfonctionne: bugs réguliers, impossible d'enregistrer certaines données, etc. Par ailleurs, je constate une décharge anormalement rapide de la batterie du téléphone pendant l'utilisation de l'application... Merci pour l'accompagnement que représente cette application pour le maintien d'une hygiène de vie saine. Bravo aux concepteurs.",0,1,1,0,dataset_apia2022,1
"Cette application est pas mal assez complète mais un peu galère à s'en 
servir au début mais dans l'ensemble assez sympa merci au concepteurs 👍",1,0,0,1,dataset_apia2022,1
Bonne application mais la dernière mise à jour donne un kilométrage erroné. Revoir cela très vite . Tout les calculs sont fossés.,1,1,0,0,dataset_apia2022,1
Pas intéressant,1,0,0,0,dataset_apia2022,1
"Impossible de se reconnecter avec la validation en 2 étapes , le SMS n arrive jamais , j ai changé de téléphone et je peux plus utiliser Samsung health... Je vais trouver une autre application",1,1,0,0,dataset_apia2022,1
Nul depuis la mise à jour. On ne peut plus utiliser sans connecter à un compte.,1,0,1,0,dataset_apia2022,1
Ne fonctionne plus même en acceptant tout ! Dommage : avant la mise à jour très bien,0,1,0,0,dataset_apia2022,1
A quand la possibilité d'ajouter les montre et Tracker Garmin ?,0,0,1,0,dataset_apia2022,1
Ça inquiète personne que certaine personnes fassent un millions de pas en 4 jours lors des défis ? Moi je trouve ça bizarre. C'est un peu étrange non ? 5 étoiles quand ce sera plus le cas.,1,0,1,0,dataset_apia2022,1
Application ne se lance pas,0,1,0,0,dataset_apia2022,1
Très bonne application..merci,1,0,0,0,dataset_apia2022,1
Pas trop cette application,1,0,0,0,dataset_apia2022,1
bon graphismes,0,0,0,1,dataset_apia2022,1
Utile pour s'occuper de soi et de sa santé,0,0,0,1,dataset_apia2022,1
Je suis à fond pour avec l application,1,0,0,0,dataset_apia2022,1
"C'est quoi le problème ?? J'avais cette appli avant et tout fonctionnait bien, maintenant plus moyen de se connecter. Obligé de mettre 1 étoile pour pouvoir laisser un avis",1,1,0,0,dataset_apia2022,1
"Franchement depuis la dernière mise à jour c'est devenu 1 application completement inutile. Les pas ne s'affichent plus, le suivi du poids non plus etc. Enfait quasiment rien ne fonctionne correctement",1,1,0,0,dataset_apia2022,1
Bug impossible de se connecter. Suppression.,0,1,0,0,dataset_apia2022,1
Très mal,1,0,0,0,dataset_apia2022,1
"Depuis la dernière mise à jour , il manque plein de détails, de moyennes ,rendez nous la version précédente !!!",0,0,1,0,dataset_apia2022,1
"Depuis la mise à jour 6.11 12 août 2020 j'ai perdu mon calcul de calories le poids exetera exetera donc application nul , j'avais acheté ce téléphone pour l'application suite au conseil d'un copain , si rien n'est fait pour récupérer l'application qui allait bien je change de boutique",1,1,0,0,dataset_apia2022,1
J aime beaucoup cette application. Elle m encourage a me donner encore plus pour atteindre les challenges,1,0,0,1,dataset_apia2022,1
Super appli .. je l'utilise à longueur de temps ça me permet de relever des défis sportif et de contrôler mon alimentation.. juste qq soucis dernièrement avec les repas .. l'appli bugue,1,1,0,1,dataset_apia2022,1
Gestion du poids disparue... Les mises à jour ne sont-elles pas sensées inclure des éléments et non en supprimer ?,0,0,1,0,dataset_apia2022,1
"Samsung prend malheureusement le même chemin que les autres GAFA ! Pourquoi demander à pourvoir passer des appels ? Pourquoi partager mes données de santé avec des ""services tiers"" à part pour les vendre ? Je pense qu'on est à la limite de la décence ! Très déçu par Samsung...",1,0,1,0,dataset_apia2022,1
j aime beaucoup ça donne un challenge perso,0,0,0,1,dataset_apia2022,1
Impossible de programmer une course en fractionné... dommage,0,0,1,0,dataset_apia2022,1
"Depuis 2 semaines mon appli se met en pause lorsque je marche e !! Dommage 
parce qu'avant ça j'aurais mis toutes les étoiles",1,1,0,0,dataset_apia2022,1
Très professionnel,1,0,0,0,dataset_apia2022,1
"Application très variées. Compte le nombres de pas dans la journée. Peut fixer des objectifs d'exercices, de poids, d'alimentation saine....",0,0,0,1,dataset_apia2022,1
Je ne veux pas modifier les paramètres pour compter le nombre de pas. Je désinstalle. Dommage je la trouvais très bien avant,1,0,1,0,dataset_apia2022,1
"M'a permis de perdre 10kg en 6 mois! Je ne l'utilise plus 
qu'occasionnellement même si le podomètre m'est utile au quotidien",0,0,0,1,dataset_apia2022,1
"Superbe application,",1,0,0,0,dataset_apia2022,1
Il faut proposer des défis sur les courses aussi !!,0,0,1,0,dataset_apia2022,1
Je me fie à la lettre aux recommandations de cette application et je viens de perdre 5 kg en un mois. Génial,1,0,0,1,dataset_apia2022,1
super application il manque pressions réel mesuré cardiaque. mesuré pas,1,0,1,0,dataset_apia2022,1
Nickel. Fait parfaitement bien ce qu'on lui demande,1,0,0,0,dataset_apia2022,1
C'était bieau début jusqu'à la semaine dernière et la mes pas et plus rien d'autre ne fonctionne,0,1,0,0,dataset_apia2022,1
Obligé d'avoir un compte alors qu'avant ce n'était pas le cas. Je n'utiliserai plus l'application.,1,0,1,0,dataset_apia2022,1
Ne compte pas les pas. Ne permet pas de scanner les les produits,0,1,1,0,dataset_apia2022,1
Ça a changé ma vie en terme d'activité physique.,0,0,0,1,dataset_apia2022,1
Ne fonctionne plus sur Samsung A40...,0,1,0,0,dataset_apia2022,1
Pourquoi avoir supprimer la gestion du poids? C'était le meilleur aspect de l'application,0,0,1,0,dataset_apia2022,1
"Bonjour depuis 2 jour jai un problème de connexion avec votre appli j'ai installé, desinstalle réinstallé rien ne fonctionne je sais plus quoi faire merci si vous pouvez m'aider.",0,1,0,0,dataset_apia2022,1
Très bien jusque là mais depuis la dernière mise à jour il n'est plus possible d'utiliser l'application sans l'autoriser à passer et recevoir des appels téléphoniques,1,0,1,0,dataset_apia2022,1
"super appli presque parfaite.... dommage pour le suivi de poids qui n est pas top avec les balance connectée, on devrait pouvoir avoir toutes les données avec ma balance "" Withings",1,0,1,0,dataset_apia2022,1
Nouvelle présentation de la page moins agréable que la précédente,0,0,0,1,dataset_apia2022,1
Great app... Too much battery consumption...,1,0,1,0,dataset_apia2022,1
je sai passe qui se passe l aplication ne cesse de s arreter je peu plus l utiliser,0,1,0,0,dataset_apia2022,1
"Je suis mitigé. Interface agréable, claire, simple. Enregistrement des séances pas mal. Par contre les programmes, c'est le bordel, impossible de faire une recherche et de trouver vraiment ce qu'on veut, et ils renvoient souvent vers une autre appli au bout de quelques séances. Samsung devrait plutôt racheter un ou deux applis bien complètes et ne mettre que ça.",0,0,1,1,dataset_apia2022,1
Super beau,1,0,0,0,dataset_apia2022,1
"Appli complète, rien a redire.",1,0,0,0,dataset_apia2022,1
je suis très déçu de l application elle donne de moins en moins d informations sur les entraînements .je n ai que le temps de parcours.,1,0,1,0,dataset_apia2022,1
Quand je veu cree sa ne marche pas donc j aime pas 👎,0,1,0,0,dataset_apia2022,1
super bien,1,0,0,0,dataset_apia2022,1
"Très déçue, je partage tous les derniers avis négatifs",1,0,0,0,dataset_apia2022,1
Plus possible d y accéder maintenant qu il y un double accès,0,1,0,0,dataset_apia2022,1
Problème vite réglé.je desinstalle l'application,1,0,0,0,dataset_apia2022,1
elle me pousse à faire du sport,0,0,0,1,dataset_apia2022,1
TOP sports,1,0,0,0,dataset_apia2022,1
bof,1,0,0,0,dataset_apia2022,1
"J'adore cette application chaque jour je regarde mon sommeil qui enregistré 
grace a ma montre fibit2 pro je peux ainsi consulter mon rythme cardiaque 
et mes calorie brûlé sans compter les aides niveau sport remise en forme 
que l'application nous propose tout les mois je fais les defis de nombre de 
pas . Jen suis plus que satisfaite . Je recommande vivement",1,0,0,1,dataset_apia2022,1
"Application utile jusqu'à ce que la mise à jour enlève le compararif ""calories brûlées, calories ingérée""... 26/09/2020 : Compteur de calories ne marche plus.",0,0,1,1,dataset_apia2022,1
"Avant sur Garmin, j avoue que j ai eu un peu de mal au début mais à force d utilisation, je m y suis fait et c est plutôt pas mal. La communauté et les défis sont une réelle bonne idée. On peut toujours améliorer en simplifiant la présentation des statistiques par rapport aux autres utilisateurs ou des systèmes de diagramme plus lisible toutefois. En bref très bonne appli.",1,0,1,1,dataset_apia2022,1
"Fonctionne bien, mais il manque la détection automatique de vélo :-/",1,0,1,0,dataset_apia2022,1
Peu utile. !,1,0,0,0,dataset_apia2022,1
Appli qui se dégrade au fil des mises à jour. Dommage.,1,0,0,0,dataset_apia2022,1
"Bonne application, dommage qu'il n'ait pas possible de le synchroniser avec ma balance connectée .",1,0,1,0,dataset_apia2022,1
bonne,1,0,0,0,dataset_apia2022,1
Me permets de m'améliorer. A conseiller.,1,0,0,0,dataset_apia2022,1
J ai acheté une montre connectée à l application fitbit qui devait pouvoir se synchroniser avec samsung Health mais rien.... Je suis extrêmementdéçue car je voulais continuer à utiliser l appli samsung et tout son historique... Est ce normal ?,1,1,0,0,dataset_apia2022,1
L'application ne fonctionne plus depuis la maj j'ai un message bizarre accès refusé !!,0,1,0,0,dataset_apia2022,1
Application très light par rapport au marché. Mise à jour instable.,0,1,0,1,dataset_apia2022,1
Ne fonctionne plus depuis la maj qui demande l'accès à nos données La double authentification ne fonctionne pas je ne peux plus utiliser l'application,0,1,0,0,dataset_apia2022,1
Déjà mécontent par le manque de fiabilité maintenant bloquer car je ne veux pas donné mes contacts et une ingérence de mon tl voyons sansung pas gentille vous allez pas gagner des clients alors que j ai la montres et que j en suis à mon 3ème tl chez-vous 🤔dommages,1,0,1,0,dataset_apia2022,1
Merveilleux application,1,0,0,0,dataset_apia2022,1
"Je l'ai désinstallée pour, ses trop de paramètres qui'elle exige, comme passer et gérer les appels téléphoniques, donc cette application m'est devenue sans intérêt puisqu'elle ne respecte pas ma vie privée.",1,0,1,1,dataset_apia2022,1
bon,1,0,0,0,dataset_apia2022,1
Application super motivante pour améliorer ses performances physiques.,0,0,0,1,dataset_apia2022,1
très satisfait,1,0,0,0,dataset_apia2022,1
"Depuis la mise à jour Samsung, plus rien . Le compteur de pas, le calculateur d'heures de sommeil et le suivi du cycle n'affichent plus mes infos!!!!! Ça m'apprendra à ne pas synchroniser mes infos.",0,1,0,0,dataset_apia2022,1
Very easy and good app to use,1,0,0,0,dataset_apia2022,1
Impossible de lancer l'application sur mon Samsung S9. Une fois installée je n'ai accès qu'aux conditions en anglais pour accepter et sans propositions puis le rond vert tourne en boucle... Je n'ai aucune solution....,0,1,0,0,dataset_apia2022,1
Application superbe,1,0,0,0,dataset_apia2022,1
"Excellente pour le suivi des repas et du poids, et très encourageante pour 
le suivi du nombre de pas. Pour l'améliorer, il faudrait juste mettre des 
suivis personalisables (nombre de cigarettes, suivi des règles,...)",0,0,1,1,dataset_apia2022,1
Application mise à jour ce matin ! Tout est à nouveau fonctionnel. 👌👍,1,0,0,0,dataset_apia2022,1
"J'appréciais beaucoup cette application jusqu'à la dernière mise à jour. Les graphismes sont moins attrayants, certaines choses ont disparues. Ce n'est pas une mise à jour mais un grand retour en arrière. Ça sent l'application payante pour récupérer tout ce qui a disparu.",1,0,1,0,dataset_apia2022,1
Bonjour j'ai installé l'application hier 05/06/2020 Tout c'est bien passé....mais impossible d'avoir le podomètre en marche....il ne compte pas les pas Je ne comprends pas,0,1,0,0,dataset_apia2022,1
sympa mais les menus ne sont pas toujours clairs et simples.,1,0,0,1,dataset_apia2022,1
C'est depuis septembre 2017 que j'utilise cette application mais je ne souhaite pas l'abandonner tellement elle est intéressante.,1,0,0,1,dataset_apia2022,1
L'application est bien faite mais consomme beaucoup trop de batterie surtout que je ne la synchronise qu'une seule fois par jour...,1,1,0,0,dataset_apia2022,1
Exellente,1,0,0,0,dataset_apia2022,1
Notices d'information : en français c'est possible ?,0,0,1,0,dataset_apia2022,1
Application complet quand vous avez une montre connectée,1,0,0,1,dataset_apia2022,1
Tout est parfait seul problème le compteur de pas ne fonctionne pas très bien,1,1,0,0,dataset_apia2022,1
j'aime bien mais j'aurais aimé utiliser aussi pour vibroshaper.,0,0,1,0,dataset_apia2022,1
"A mon goût, tout est très bien géré ! Interface très sobre et élégant, seul bémol a mes yeux, le widget nourriture et mal terminé, il est très compliqué de gerer ce qu'on mange avec cette appli, il faudrait rajouter un mode scan de code bar si possible ce serai vraiment très utile et beaucoup plus simple, autrement dit, une réussite complète 👌🏼 Merci d'avance pour vos améliorations apportées 👍🏼",1,0,1,0,dataset_apia2022,1
Devient pourri comme toute les applications Samsung qui veulent nos coordonnées qui non pas besoin d'avoir,1,0,0,0,dataset_apia2022,1
troo basique et aucune application web. donc impossible de voir correctement une seance d entraînement,0,0,1,1,dataset_apia2022,1
Très bonne application 👍🏾,1,0,0,0,dataset_apia2022,1
"C'est une appli à faire pour soi ,sans viser les premières places car je pense qu'il y a beaucoup de tricheurs ( certains font les 200.000 pas en moins d'une journée) où est l'intérêt vu qu'il n'y a rien à gagner et de plus je n'accepte plus les défis pour cette même raison . Il faut le faire pour soi et juste se faire plaisir",0,0,0,1,dataset_apia2022,1
Une mise à jour qui indique que le téléphone est rooté donc ne fonctionne pas. Du grand n'importe quoi....Samsung....un scandale....,1,1,0,0,dataset_apia2022,1
Bonne appli mais c'est tellement dommage qu'on ne puisse pas scanner un aliment pour les calories ou bien entre manuellement car en recherchant par nom d'aliment on ne trouve pas exactement le bon avec le bon nombre de qualories.,1,0,1,0,dataset_apia2022,1
Bon travail,1,0,0,0,dataset_apia2022,1
Application peu fiable. Ne comptabilise pas les étages montés. A fuir.,0,1,0,0,dataset_apia2022,1
I don't like the application after the apdate.. old version was great .,1,0,0,0,dataset_apia2022,1
elle est très bien,1,0,0,0,dataset_apia2022,1
"Ne fonctionne plus. Du tout. Impossible de démarrer l'application, qui tourne en boucle sans réussir à démarrer.",0,1,0,0,dataset_apia2022,1
application superbe,1,0,0,0,dataset_apia2022,1
Perte de la fonction gestion du poids qui compare les calories mangées et dépensées depuis la dernière mise àjour. Donc une appli qui perd son intérêt...,1,0,1,0,dataset_apia2022,1
La dernière mise à jour fait descendre la note. L'interface était plus intéressante avant,1,0,1,0,dataset_apia2022,1
"Pour David P., c normal car elle est compatible qu'avec la marque Samsung Bonne appli car a beaucoup de fonctionnalités",1,0,0,1,dataset_apia2022,1
Le parcours de voiture a été pris en compte comme marche,0,1,0,0,dataset_apia2022,1
j'aimais bien cette appli mais elle ne fonctionne plus: message d'erreur téléphone rooté !! faux et j'ai vérifié.,1,1,0,0,dataset_apia2022,1
Impossible d'avoir accès à l'application !!!.trop compliqué avant s'était hyper simple,0,1,0,1,dataset_apia2022,1
very good,1,0,0,0,dataset_apia2022,1
Bonne application dans l'ensemble seul point négatif c'est le NFC qui fait beuguer librelink une appli pour le diabète ce serait sympa de régler ce problème !,0,1,0,0,dataset_apia2022,1
toujours pas compatible avec les produits withings,0,0,1,0,dataset_apia2022,1
Tout simplement excellent,1,0,0,0,dataset_apia2022,1
superrrrrrrrrr,1,0,0,0,dataset_apia2022,1
Application permettant de booster l'activité physique quotidienne.,0,0,0,1,dataset_apia2022,1
"Depuis la dernière mise à jour, impossible de se connecter. C'est tout à fait regrettable...",0,1,0,0,dataset_apia2022,1
j'ai l'aimé mais j'aimerai voir une version arabe,1,0,1,0,dataset_apia2022,1
J'utilise cette appli depuis de nombreuses années sans soucis mais depuis la dernière version ça bugue beaucoup. L'appli se plante plusieurs fois de suite et il faut cliquer jusqu'à plus d'une dizaine de fois dessus avant qu'elle fonctionne correctement.,0,1,0,1,dataset_apia2022,1
Les challenges sont très motivants...et quand on trouve un compagnon de marche de même niveau on peut apprendre à se dépasser à deux jour après jour. On donne le meilleur de soi-même. J'adore cette appli. Je l'utilise depuis septembre 2019..2 ans 3 mois,1,0,0,1,dataset_apia2022,1
Très bon application,1,0,0,0,dataset_apia2022,1
Cette application ne fonctionne pas. Elle demande des autorisations qui sont donné s,0,1,0,0,dataset_apia2022,1
Depuis la mise a jour système ne se met plus à jour,0,1,0,0,dataset_apia2022,1
il manque pleins d'aliments et ça serait bien d'avoir un conseil pour les carences ...équilibrer votre alimentation...,0,0,1,0,dataset_apia2022,1
Une excellente expérience,1,0,0,0,dataset_apia2022,1
je me suis dépassée,1,0,0,0,dataset_apia2022,1
Parfer,1,0,0,0,dataset_apia2022,1
Super application qui motive à aller marcher 😃,1,0,0,1,dataset_apia2022,1
Suivi simple et facile d'utilisation. Domage qu' il oublie parfois les objectifs de poids et du coup on n'a plus l'évaluation des calories.,0,1,0,1,dataset_apia2022,1
À quand la connection avec les montre my kronos ?,0,0,1,0,dataset_apia2022,1
Nulle depuis la dernière mise à jour !,1,0,0,0,dataset_apia2022,1
Parfait amusant,1,0,0,0,dataset_apia2022,1
"Appli qui plante directement après l avoir ouverte, dommage",0,1,0,0,dataset_apia2022,1
"Excellent accompagnateur pour plus de motivation. Un suivi automatique 
appréciable pour visualiser ses progrès.",0,0,1,1,dataset_apia2022,1
"depuis la dernière maj, plus moyen d avoir la fréquence cardiaque en graphique continu..",0,1,1,0,dataset_apia2022,1
Elle fonctionne plus .,0,1,0,0,dataset_apia2022,1
Passionnant c est un vrai challenge,0,0,0,1,dataset_apia2022,1
J'adore les challenges c'est super entrenent et motivent merci beaucoup,1,0,0,0,dataset_apia2022,1
Je n'ai plus accès à l'appli...,0,1,0,0,dataset_apia2022,1
Super pour l'instant. Améliorer toujours. Merci,1,0,0,0,dataset_apia2022,1
j'aime beaucoup cette appli mais maintenant jai la gear s3 frontier et jaimerai voir la carte sur la montre mais je n'y arrive pas et je ne trouve nulle part l'explication pour y arriver,1,0,1,0,dataset_apia2022,1
Pas normal de ne pas pouvoir utiliser l'application sans accepter les données personnelles.,0,0,1,0,dataset_apia2022,1
"C'est dommage, et très dommage, d'avoir supprimé, sur la montre, et sur le portable La gestion du poids entre + calorie / - calorie,c'était une bonne idée pour son régime et calorie supérieur où inférieur Je comprends pas??????",1,0,1,0,dataset_apia2022,1
"Impossible de changer la langue de l'app sans changer le paramètre général du téléphone, et comme la recherche de nourriture renvoie presque uniquement des résultats dans la langue sélectionnée, c'est infernal pour les expatriés.",0,0,1,0,dataset_apia2022,1
"Pas mal, mais il serait intéressant de pouvoir introduire le suivi de la température également. Par contre, avec mon Samsung S20FE, je ne peux plus mesurer mon stress ni ma SpO2.",0,1,1,0,dataset_apia2022,1
"Depuis la dernière mise à jour, impossible de synchroniser mon compte... En plus, perte de données pendant une activité (course à pied), 3,1 km au lieu de 8,1 effectués... C'est ça vos corrections de bugs ? Désinstallation après 4 ans d'utilisation, et une infinie patience pour vos mises à jour qui non seulement n'apportent rien, mais font planter l'application. Vive Garmin !",0,1,0,0,dataset_apia2022,1
j adore cette application,1,0,0,0,dataset_apia2022,1
Très très bien👍💕💕💕,1,0,0,0,dataset_apia2022,1
triste,1,0,0,0,dataset_apia2022,1
Je suis déçue de la nouvelles version. J 'utilisais l 'ancienne depuis septembre 2016 . Maintenant je n 'ai plus les kms .j ai désactivé et remis mais toujours pareil !!,1,0,1,0,dataset_apia2022,1
Simple et ludique. Très bien pour se fixer des objectifs simples et motivants,1,0,0,1,dataset_apia2022,1
Ça ne demarre plus depuis la mise à jour du jour,0,1,0,0,dataset_apia2022,1
Compte les pas quand il y pense... Très déçue de cette appli,1,1,0,0,dataset_apia2022,1
Cette application est au top est nous pousse à aller plus loin à continuer,1,0,0,0,dataset_apia2022,1
Super application aucun bug,1,0,0,0,dataset_apia2022,1
Sympa dommage qu'on ne puisse voir quels sont les amis qui utilisent l'appli aussi.,1,0,1,0,dataset_apia2022,1
"Depuis la dernière mise à jour. Ne prend plus la fréquence Cardiaque de mon bracelet Fit e malgré un tel Samsung J5. Pourtant le bracelet est détecté et fonctionne correctement. L'application avant cette mise à jour fonctionnait correctement en récupérant la fréquence tout les 10 minutes. Par contre, pendant un exercice running l'application récupère bien la fréquence Cardiaque en continu.",0,1,0,1,dataset_apia2022,1
"Je suis très satisfaite de cette application, Je voudrais connecter un pèse 
personne avec cette application. Est-ce possible ? Avec quelle balance ?",1,0,1,0,dataset_apia2022,1
Ne fonction pas,0,1,0,0,dataset_apia2022,1
"l'appli est en soi est bien, il est intéressant de consulter les données sur l'effort, le rythme cardiaque, le sommeil, mais j'entends y faire appel quand j'en éprouve l'envie. les messages envoyés par l'appli ne passent pas par le système de notification et il est impossible de les neutraliser. Comme il est hors de question pour moi de me faire seriner à longueur de journée ""Fais ci fais pas çà"" je me vois contraint de désinstaller l'appli, dommage.",1,0,1,1,dataset_apia2022,1
"Très bonne appli pour dépasser ses propres limites. Quelques améliorations à faire du côté des valeurs nutritives puisque la viande du boucher n'est pas inclus ou la cuisine ""maison"". Sinon super dans l'ensemble.",1,0,1,0,dataset_apia2022,1
Super appli amusante et très bien faite j'adore 💕,1,0,0,0,dataset_apia2022,1
Super appli pour suivi du poids activité sportive complète pas de bug,1,0,0,1,dataset_apia2022,1
Fonctionne bien mais ne permet pas de paramétrer la taille des pas.... ce qui engendre de mauvais calculs. Pouvez vous ajouter un réglage dans ce sens pour adapter à l'utilisateur ?,1,0,1,0,dataset_apia2022,1
"J'aime beaucoup cette application je l'ai beaucoup utilisé quand je 
courrais avec ma sœur cet été j'aime bcp je la conseil",1,0,0,1,dataset_apia2022,1
"Pas mal, mais un contrôle plus stricte du nombre de pas des participants 
serait quand même un plus, quand tu vois qu'en même pas une journée 
certains ont déjà fini le défi et qu'en 15 jours ils ont passé les 1000000 
pas ...",1,0,1,0,dataset_apia2022,1
"Mon appli indispensable de santé pendant longtemps. Plus utilisée depuis l'avant dernière MAJ que je trouvais bien moins pratique - moins lisible, moins ergonomique, gestion du poids complètement inutile, sommeil qui bugge, pas si se déclenchent aléatoirement... des MAJ qui dégradent l'expérience utilisateur, c'est dommage... Je n'utilisais presque plus alors qu'avant j'y allais tous les jours. La nécessité d'autoriser l'accès au téléphone aura été le coup de grâce. Désinstallée... A fuir",1,0,1,0,dataset_apia2022,1
Correct pour l'instant,1,0,0,0,dataset_apia2022,1
Très bonne appli pour tout les sports,1,0,0,1,dataset_apia2022,1
"Je veux m'en débarrasser mais impossible, nul.",1,0,0,0,dataset_apia2022,1
j'aime bien mais bon il faut rentrer soit même les valeurs contrairement à ma montre connectée qui s en occupe sans moi,1,0,1,0,dataset_apia2022,1
Très déçue depuis la dernière mise a jour qui supprime le décompte de calories fonction de l'activité. Cette application perd tout son intérêt pour moi. J'en cherche une autre mais c'est difficile à trouver,1,0,1,0,dataset_apia2022,1
Récemment un bug est survenu au moment de l'enregistrement de mes données de repas effaçant toutes les données antérieures accumulées depuis 2 ans. Je dois récupérer ses données comment faire maintenant ? Meme avec mon compte Samsung impossible ! 😡,0,1,0,0,dataset_apia2022,1
Bonne application et pratique,1,0,0,0,dataset_apia2022,1
Suite à la dernière mise à jour du 13 décembre 2021 il n'y a plus les couleurs pour différencier les données en présentation. C'est devenu triste et terne sur la page d'accueil. Et on est obligé de chercher la rubrique à enregistrer. L'ancienne version était plus sympa,0,0,1,1,dataset_apia2022,1
👍😊,1,0,0,0,dataset_apia2022,1
"Bonjour,  J'utilise Samsung Health et une montre gear fit 2 pour mes sessions de course à pied. J'apprécie cette application cependant il y a pour moi certains bugs et fonctionnalités manquantes pour que ce soit un outil à la hauteur de la concurrence : 1/ Graphique complètement erroné, exemple sur ma dernière session ou j'ai une vitesse moyenne de 13,2km/h (10km pour 45min) et le graphique de vitesse ne dépasse pas les 12km/h, idem pour le rythme cardiaque qui est un tracé plat tout le long de la course même si je fais un fractionné. 2/ Il existe beaucoup d'entrainement prédéfinis en terme de rythme, distance cible,  etc.. mais aucun moyen de se créer ses propres entraînements, pourquoi? Aucun entrainement prédéfini ne correspond à mon allure de course, je pensais que les entraînements évolueraient en fonction de mes résultats enregistrés mais en réalité non. 3/ Sur ma gear fit 2, lorsque je suis en course le rythme et la vitesse instantané sont toujours faux, exemple avec 1km, le rythme affiché fluctue entre 5:20 et 6:40 au long de la course, pour finalement m'annoncer 4:30 au premier guide intervalle.  Merci d'avance de corriger ces erreurs dans la prochaine version.",1,1,1,0,dataset_apia2022,1
cette application est très bien mais je ne sais pas comment partager uniquement avec mon marie,1,0,1,0,dataset_apia2022,1
Merci,1,0,0,0,dataset_apia2022,1
très utile pour la santè,0,0,0,1,dataset_apia2022,1
L'application évolue mais il reste tout de même des fonctionnalités à ajouter ainsi que la compatibilité avec d'autres objets connectés comme les balances Withings.,0,0,1,0,dataset_apia2022,1
"Je mets une étoile pour cette application car tout d'abord je ne l'utilise jamais, elle n'est sur mon téléphone que parce que Samsung installe des tas d'applications automatiquement, de plus la plus part ne me servent à rien du tout et prennent les trois quart de la place sur mon téléphone, donc mon prochain achat ne sera pas un téléphone Samsung et j'ai mis également une étoile car la dernière mise à jour s'est faite également moi aussi sans mon consentement !!!😠😠😠",1,0,0,0,dataset_apia2022,1
God,1,0,0,0,dataset_apia2022,1
Pourquoi avoir supprimer des choses qui marchaient bien notamment la récupération de données avec d'autres appareils comme omron poids et tension artérielle ...ca semble être des données importantes pour une application soit disant santé.. les rubriques existes mais faut les saisir manuellement...c est pas une amélioration ..,0,0,1,0,dataset_apia2022,1
"Je pense la même chose que pas mal des derniers commentaires. Je vais désinstaller car je ne vois pas pkoi je dois donner mon numéro de tel pour suivre mes pas ou mon sommeil! Le pire c'est que de nombreuses personnes ont laissé cette même remarque et aucune réaction, pas un message en retour... ya pas d'autres mot... honteux!",1,0,1,0,dataset_apia2022,1
très bonne application.,1,0,0,0,dataset_apia2022,1
Une catastrophe : impossible de l'installer sur mon nouveau téléphone qui n'est pas de première jeunesse : OnePlus 6T...ma montre ne sert plus trop du coup,1,1,0,0,dataset_apia2022,1
Super appli. on en devient addict et cela nous incite à nous dépasser. Je recommande+++++ 😊,1,0,0,1,dataset_apia2022,1
C'est dernier temps difficile de se fier à cette application pour faire mon sport. Mon coach cesse de fonctionner pendant l'entraînement. De même avec le portable il bug aussi depuis quelques temps les applis ont du mal à s'ouvrir ou se ferment toutes seules. Que se passe-t-il chez Samsung? Vous souhaitez perdre vos clients?,0,1,0,0,dataset_apia2022,1
Impossible de lancer l'application depuis mon Galaxy note 20 ultra..!? Dommage.,0,1,0,0,dataset_apia2022,1
Je l'ai teste sur le Samsung de ma mère et j ai adoré car c'est interactif intuitif on a vraiment envie de l'utiliser,1,0,0,0,dataset_apia2022,1
Terriblement déçu... Je ne peut pas exploiter le pleines capacités de ma montre car l'application affilié ne fonctionne absolument PAS ! J'entres mes identifiants et la... chargement infinie (toute une nuit) mais toujours rien malgré mes multiples tentatives! Sa charge éternellement mais je peux pas avoir accès à l'appli...super! C'est vraiment trop nul ! Je regrettes mon choix de montre connecté au final.,1,1,0,0,dataset_apia2022,1
"Super application mais dommage depuis sa mise à jour en août 2020, d'avoir enlevé les calories en trop ou perdues, qui étaient très utiles. Raison pour laquelle je ne met qu'une étoile. Je pense ne pas être là seule à le dire donc j'espère que le nécessaire sera fait pour que cette fonction soit a nouveau remise dans l'application.",1,0,1,0,dataset_apia2022,1
"Je n'aime pas du tout cette appli, c'est trop compliqué, il n'y a pas le suivi du poids et les activités sportives sont à mettre à jour (exercices fractionnés, cours cuisses abdos fessiers, step, zumba, hiit etc.... ) , suivi calendrier inexistant, Malheureusement si on a une montre connectée Galaxy fit il faut utiliser cette appli .....",1,0,1,0,dataset_apia2022,1
superb,1,0,0,0,dataset_apia2022,1
supert apli,1,0,0,0,dataset_apia2022,1
"Utilisateur de Samsung health depuis mon smartphone et ma montre... Je suis déçu de ne plus avoir les calories des aliments consommés... L'association des compteurs activité et alimentation était essentiel. Je cherche une autre appli, voire une autre montre... Dommage",1,0,1,0,dataset_apia2022,1
Bonne application mais le calcul des calories nécessaires dans la journée ne prend pas compte les calories dépenser par les activités... un gros manque !,1,0,1,0,dataset_apia2022,1
"Depuis la dernière mise à jour, cette Aps a perdu beaucoup de précision... Le podomètre ne calcule plus les pas correctement... Sur 300 pas, l'application en comptera que 200 ou 250... Je regarde pour changer d'application pour avoir quelque chose de plus précis quitte à retourner vers mon ancien podomètre. Vraiment déçu 😞",1,1,0,0,dataset_apia2022,1
C'est vraiment dommage d'enlever la gestion du poids avec le calcul des calories......ça aider vraiment.... Maintenant cette application ressemble à toute les autres.....terriblement déçue.....nouvelle mise a jour le 12 octobre et vous ne prenez pas en compte ce que vous demande les utilisateurs....a quoi ça sert d'être une grande marque si vous ne respectez pas l'avis de vos clients.....super déçue,1,0,1,1,dataset_apia2022,1
"J'ai déjà une montre connectée donc cette application ne me sers à rien. Me prends de la place sur mon téléphone et en plus même si j'en ai pas l'utilité, je peux même pas la supprimer pour de bon...",0,0,1,1,dataset_apia2022,1
Belle application pour suivre vos pas.,1,0,0,1,dataset_apia2022,1
"Tres déçue de la dernière version ! La gestion du poids n'a plus rien à voir, beaucoup de fonctionnalités ont disparues comme le suivi à la semaine et au mois. L'onglet ""tendance"" n'existe plus non plus, alors quil permettait davoir une moyenne calculée automatiquement, ce qui était très pratique et visuel. Vraiment très déçue...",1,0,1,0,dataset_apia2022,1
Il mets avec 1 jour de retard??? Le 25/02 à 16h aucun pas???? Pas juste,0,1,0,0,dataset_apia2022,1
"Impossible de faire fonctionner cette application depuis quelques jours, vraiment dommage.",0,1,0,0,dataset_apia2022,1
"Juste super et très complet,... avant la dernière maj. ... Je mets 1 étoile au lieu de 5. La gestion du poids était un bon indicateur. Je vais rechercher une autre application, même payante s'il faut.",1,0,1,0,dataset_apia2022,1
Motive à bouger plus la journée !! Excellent Impossible de se connecter à l'application avec mon nouveau tel !!!,1,1,0,1,dataset_apia2022,1
Depuis la mise a jour l appli ne fonctionne plus . Nul...,0,1,0,0,dataset_apia2022,1
aaa,1,0,0,0,dataset_apia2022,1
"Depuis la dernière mise à jour on ne peut plus voir facilement la durée d'activité journalière, ni les moyennes sur les 7j et le mois... le petit cœur qui se remplis c'est nul ! A corriger vite !",1,0,1,0,dataset_apia2022,1
"Bonjour ! J'aime beaucoup l'application. Par contre, j'ai un problème sur la gestion du poids. J'ai connecté cette application avec une autre application de poids. Quand je rentre les données sur la seconde, Samsung Health le prend bien en compte sur le compteur. Par contre, la gestion du poids prend en compte les deux données, celle de Samsung et la seconde. Y a-t-il une manière de modifier ?",1,0,1,0,dataset_apia2022,1
Samsung Health Crashe (error # (0xEx7#0010null61N2530)) in a no rooted phone ( galaxy s9+),0,1,0,0,dataset_apia2022,1
Magnéfique app,1,0,0,0,dataset_apia2022,1
"Cette apli était très bien, jusqu'à sa mise à jour d'août 2020. En effet la gestion du poids a disparu, ce qui faisait l'essentiel de cet appli, je songe à la désinstaller, à moins qu'il n'existe une mise à jour pr samsung galaxyA5, à télécharger comme semble l'indiquer la mise à jour ? C vraiment dommage que les usagers soient les otages de ce type de décision",1,0,1,0,dataset_apia2022,1
"Depuis la mise a jour , beaucoup trop d'aliments sont a 0kcal, c'est du coup impossible de suivre son régime alimentaire correctement. Quelle régression ... ! Obligé d'aller sur une autre app ! Vite une mise a jour corrective !",1,1,0,0,dataset_apia2022,1
Il est vraiment trop bien,1,0,0,0,dataset_apia2022,1
"Depuis quelques temps toutes les mesures sont fausses (durée d'activité, distances parcours, calories) Que se passe-t-il ? L'application était si bien. Maintenant tout est faux.",1,1,0,0,dataset_apia2022,1
Honteux,1,0,0,0,dataset_apia2022,1
Compteurs farfelus qui ne correspondent pas à la montre connectée malgré synchronisation continue,0,1,0,0,dataset_apia2022,1
Non non et non C'était mieux avant la mise à jour,0,0,0,1,dataset_apia2022,1
Impossible de se connecter,0,1,0,0,dataset_apia2022,1
"Un bouton pour désactiver les capteurs seraient une bonne idée. Ce permettrait que les trajets en scooter ou autre ne sois pas comptabiliser comme ""pas"" ......A défaut je préfère Google fit ou un simple podometre désactivant.",0,0,1,0,dataset_apia2022,1
Plus de calcul poids calorie ça va sûrement devenir payant de le futur,0,0,1,0,dataset_apia2022,1
Le Savoir Faire Samsung,1,0,0,0,dataset_apia2022,1
"J'adore ! ! Fonctionne très bien et les défis, c'est hyper motivant.",1,0,0,1,dataset_apia2022,1
Pas fiable,0,1,0,0,dataset_apia2022,1
"Depuis la dernière version, je suis déçue. On ne voit plus les détails comme avant et c'est plus difficile de suivre les calories et de comparer d'un repas à l'autre. Pouvez-vous rendre disponible l'ancienne version, s'il vous plaît? Merci.",1,0,1,0,dataset_apia2022,1
c bien,1,0,0,0,dataset_apia2022,1
Je baisse ma note pour mes conseils aillant été pris en compte mais jamais rien fait de tout sa ... Lire 1 produit avec sont code barre se serait tellement pratique et pouvoir remplir c repas le jour avant se serait bien pour anticiper ☺ Toujours pas c 2 choses c dommage presque toute les applis similaires on c 2 choses,1,0,1,0,dataset_apia2022,1
"Diminution de l'intérêt Avec cette dernière version les génies de la programmation ont retiré les statistiques des km parcourus par jour, semaine, mois. C'est STUPIDE",1,0,1,0,dataset_apia2022,1
"Tres pratique je l utilise tous les jours,",1,0,0,1,dataset_apia2022,1
En accord complet avec les autres avis inadmissible. Je désinstalle l'appli mais malgré tout celle-ci fonctionne toujours et sans contraintes sur ma montre Samsung Gear S 3 classic,1,0,0,0,dataset_apia2022,1
"Bonne application, c'est vraiment dommage que l'on ne puisse plus gérer les amis (supprimer) depuis la grosse mise à jour.",1,0,1,0,dataset_apia2022,1
gros bug synchro entre ma gear s3 frontier à mon galaxie s8+ ! Mes pas ne sont pas synchroniser !!!!!!! merci Samsung,0,1,0,0,dataset_apia2022,1
non fiable !,1,0,0,0,dataset_apia2022,1
"Depuis la MAJ impossible d'ouvrir l'appli sur mon téléphone Huawei Mate 20 lite (Erreur 0x2A#0). Comme beaucoup d'utilisateurs je l'utilisais pour monitorer mon sommeil et mes pas avec ma Gear S2, ainsi que mon poids manuellement, mais sans partager donc pas besoin d'accéder à mes contacts. De plus je n'ai jamais trouvé comment exporter mes données (sous forme de tableur de préférence ou en rapport pdf) donc si le bug n'est pas corrigé j'ai tout perdu...",0,1,0,1,dataset_apia2022,1
"Très déçu de la dernière mise à jour, ou l'on passe d'une application efficace et simple d'utilisation à quelque chose de moche et peu intuitif",1,0,0,1,dataset_apia2022,1
"Intrusif Comme beaucoup, suite au passage à la nouvelle version",1,0,0,0,dataset_apia2022,1
"Inadmissible ! Samsung veut revendre nos données de santé (poids, taille, geoloc, sommeil, nb de pas, ...) après nous avoir identifiés par notre numéro de téléphone. On ne peut plus lancer l'application sans accepter ces nouvelles conditions. Cette appli était très bien avant mais la nouvelle politique est juste inacceptable !",1,0,1,1,dataset_apia2022,1
"J'ai mis 1 étoile car depuis la dernière MAJ je ne peux plus voir mes pas et dès que j'ouvre l'appli ça synchronise Avec ma montre connecté, elle aussi Samsung, et aucun résultat ça cherche en permanence. Aucun résultat. J'espère une modification.",0,1,0,0,dataset_apia2022,1
"C'était 1 très bonne application. Qui s'apprête a supprimer ses fonctionnalités relatives au poids, aux calories et à la caféine. Elle devient donc absolument inutile, puisque son intérêt résidé dans le fait de pouvoir tout suivre au même endroit.",1,0,1,0,dataset_apia2022,1
Bien très bien,1,0,0,0,dataset_apia2022,1
Impossible à ouvrir l application depuis la dernière mise à jour,0,1,0,0,dataset_apia2022,1
"Autant j'aimais l'ancienne celle là est nul, quand j'allais à la salle de sport j'avais les détails de chaque exercices, je regrette de l'avoir mis à jour",1,0,1,0,dataset_apia2022,1
Cest vraiment bon,1,0,0,0,dataset_apia2022,1
Tres bien podometre,1,0,0,1,dataset_apia2022,1
Dernière mise à jour inacceptable. Application devenue inutilisable. Je desinstalle pour une autre.,1,0,0,0,dataset_apia2022,1
"J'utilise l'application depuis décembre avec mon bracelet connecté Samsung sans soucis et depuis 2 jours plus de synchronisation des fréquences cardiaques, des entraînements et des données de sommeil ! A ce jour, l'application ne me sert plus à rien !!!",1,1,0,1,dataset_apia2022,1
De pire en pire,1,0,0,0,dataset_apia2022,1
L'application fonctionne. Mais ne gère absolument pas les étages. On m'indique que j'ai monté 24 étages alors que je travaille dans une entreprise sans étage et j'habite au rez-de-chaussée..!!!,1,1,0,0,dataset_apia2022,1
IPER TRÈS TRÈS BIEN,1,0,0,0,dataset_apia2022,1
j adore!!,1,0,0,0,dataset_apia2022,1
J aime cette application pour vérifier le nombre de pas contrôler le temps de sommeil et aussi les calories,1,0,0,1,dataset_apia2022,1
Application simple d'utilisation et assez pratique,1,0,0,0,dataset_apia2022,1
Déconnexion intempestive,0,1,0,0,dataset_apia2022,1
a cette appli il manque plusieurs choses pour etre complete 1) liaison ordinateur  2) mettre manuellement le rythme cardiaque comme la tension et le poids AUTREMENT LES APPLI MARCHE RANDONNEES ETC;;;;; AVEC TRAC2 DU PARCOURS MONT PERMIS DE DETECTER certaines anomalies liees à des randonnees des offices de tourisme,0,0,1,0,dataset_apia2022,1
Nul nouvelle version je n'arrive plus à me connecter déçu,1,1,0,0,dataset_apia2022,1
Très bien par contre je n'aime pas devoir prendre en compte les 5 minutes de chauffe lors de la course à pied. Pareil pour la vitesse moyenne supérieure à la vitesse actuelle... À revoir,1,0,1,1,dataset_apia2022,1
Je l'utilise de temps en temps pour le footing et c'est plutôt pas mal 👌,1,0,0,1,dataset_apia2022,1
jadore cest trop cool,1,0,0,0,dataset_apia2022,1
"Depuis la dernière mise à jour, je n'ai plus mon parcours le circuit de mes randonnées ☹",0,1,0,0,dataset_apia2022,1
Bonjour. Bonne application. Mais j'ai un petit souci pour le sommeil. Je me réveille très souvent la nuit pendant 1h ou 2 (voir plus des fois) et on ne peut pas le faire apparaitre. Il serait possible de rajouter un deuxième créneau de sommeil?,1,0,1,0,dataset_apia2022,1
Je n'arrive pas du tous a installer l'appli sur mon téléphone (afin de synchroniser avec ma montre) tous le début fonctionne mais des que je dois me connecter a mon compte Samsung ça recherche en continu mais rien de fonctionne.... comment faire ? Les mises a jours sont faites ...,0,1,0,0,dataset_apia2022,1
J'aime,1,0,0,0,dataset_apia2022,1
Superbe. Je sais enregistrer mes parcours. J'aimerais que la fonction sommeil soit plus précise. Avec en plus des statistiques mensuelles et annuelles,1,0,1,1,dataset_apia2022,1
"Ne compte pas correctement les pas, à titre d'exemple j'ai marché 16km hier et il m'en compte 8, donne pas spécialement envie d'être exploré mais pourtant le contenu peut être intéressant pour certains aspects, en revanche ça a tendance à demander des informations un peu trop précises à mon goût...",0,1,0,1,dataset_apia2022,1
Parmi les meilleures applications indispensables.,1,0,0,0,dataset_apia2022,1
Ne fonctionne plus depuis la dernière mise à jour. Une étoile devient même trop.,1,1,0,0,dataset_apia2022,1
"J'ai comparé cette appli Samsung avec l'appli huawei health installée sur mon huawei p20 pro, résultat pour un même trajet avec les 2 appli à zéro toutes les deux ainsi qu'avec les mêmes paramètres, résultat Samsung 224 pas soit 220 mètres et l'appli huawei 2086 pas soit 1.49 kms ce qui correspond à ma distance de test. Donc pour moi l'appli Samsung n'est absolument pas fiable du tout et à revoir.",0,1,0,0,dataset_apia2022,1
c cool,1,0,0,0,dataset_apia2022,1
"Rien à dire, c'est un super compagnon du bien-être 👌👌👌👌👌",1,0,0,0,dataset_apia2022,1
"Le suivi de mes activités physiques est très intuitif, digne de Samsung.",0,0,0,1,dataset_apia2022,1
"Depiis la dernière mise à jour (au 16 janvier 2021), il devenu obligatoire de se connecter à un compte Samsung. Cela implique d'autoriser le transfert de données (plutôt personnelles) vers leurs serveurs. Une fonctionnalité inutile pour moi et que je trouve dangereuse en terme de vie privée: avec les statistiques de marche, on peut savoir quand je suis chez moi, quand je pars au boulot, quand je fais les courses...) Je désinstalle cette application.",1,0,1,0,dataset_apia2022,1
Nul impossible de l'utiliser......,1,0,0,0,dataset_apia2022,1
"Bonne application, elle me convient parfaitement.",1,0,0,0,dataset_apia2022,1
Pourquoi demander l'autorisation de passer des appels ?????? Inadmissible pour une telle application . Très déçue Je desinstalle,1,0,1,0,dataset_apia2022,1
"Cette application ma aider dans tous mes exercice, marche, sport",0,0,0,1,dataset_apia2022,1
Très bien .,1,0,0,0,dataset_apia2022,1
"Bonjour, Les données sont toutes fausses, les escaliers, les pas, le sommeil. Les escaliers : j'habite aux 2ème étage et quand je sors j'ai 2 ou 3 étages à descendre et lui il met zéro ou le contraire je ne suis pas sortie et il me met 1 étage. Le sommeil avant que ma montre Samsug gear S3 frontier tombe en panne il comptait les heures de sommeil, depuis il note l'heure où je me suis couchée, et le nouveau graphique on ne sait pas vraiment les heures profondes de sommeil effectives.",0,1,0,0,dataset_apia2022,1
"C'est quoi cette double authentification qui demande notre numéro de téléphone ? D'un seul coup ça vous prend, il vous faut nos métadonnées ?!?!?",0,0,1,1,dataset_apia2022,1
Motivant,1,0,0,0,dataset_apia2022,1
Excelente app ppir évaluer les distances que je parcoure chaque jour.,0,0,0,1,dataset_apia2022,1
"Depuis la mise à jour, si je n'autorise pas tout mes accès je ne peux pas avoir accès à l'application. Je vois que je ne suis pas la seule. Dommage",0,0,1,0,dataset_apia2022,1
Ne permet plus de synchroniser le nombre de pas depuis une autre source.,0,0,1,0,dataset_apia2022,1
l'application n'est pas compatible avec Huawei mate 40 pro,0,1,0,0,dataset_apia2022,1
je suis satisfait,1,0,0,0,dataset_apia2022,1
Dommage que la gestion du nombre d'étages est disparu.,0,0,1,0,dataset_apia2022,1
Application médiocre,1,0,0,0,dataset_apia2022,1
besoin de rien...,1,0,0,0,dataset_apia2022,1
Validation en 2 étapes nulle,1,0,1,0,dataset_apia2022,1
"La mise à jour ne fonctionne pas,",0,1,0,0,dataset_apia2022,1
Ne fonctionne pas sur un One+6 (Android oxygène) aucun pas pris en compte,0,1,0,0,dataset_apia2022,1
Toit est indiqué parfait,1,0,0,0,dataset_apia2022,1
tres bon suivi (à condition d'avoir un bracelet tracking ou une montre compatible),0,0,0,1,dataset_apia2022,1
Pour calculer mes pas journalier,0,0,0,1,dataset_apia2022,1
"Une app qui m aide beaucoup. Je le recommande fortement pour notre bien 
être.",1,0,0,1,dataset_apia2022,1
Bonne appli il faut quand meme penser a ameliorer qq point comme le partage ou l'ajout d'un ami et la methode de le rechercher sur le repertoire des contact tel ou su internet. Les defits il faut penser leur donner plus d'attractivité et aussi penser a motiver les gens qui gagne par des badges ou autres,1,0,1,0,dataset_apia2022,1
"Bonjour j'aimerai savoir qu'elle balance connecté puis-je acheter pour me peser et enregistrer mon poids ma masse graisseuse et musculaire automatiquement sur l'application, merci beaucoup 🤗",0,0,1,0,dataset_apia2022,1
C super sympa j adore,1,0,0,0,dataset_apia2022,1
Dommage qu'il ne fait pas les sentiers GR,0,0,1,0,dataset_apia2022,1
app ne se ouvre pas il m'affiche que mon téléphone est rooté or ce n'est pas le cas 🤨😤😤😤😤😤,0,1,0,0,dataset_apia2022,1
👏👏👏👏👏,1,0,0,0,dataset_apia2022,1
L'interface est très très moche. J'ai eu l'application Huawei pendant 1 an. Samsung devrait s'en inspirait. Ici. Aucun plaisir de regarder les statistiques. Le cardio n'es affiché qu'avec des Points on aimerais un Ligne (flatline) Les heure de sommeils on ne peut pas cliqué dans la courbe pour voir les heures.. le stress n'affiche strictement rien. Et les sport. ben là c'est la montre qui pêche. impossible de mettre certain sports prioritaire. C'est Pauvre.,1,0,1,0,dataset_apia2022,1
Parfait.,1,0,0,0,dataset_apia2022,1
Nombreux bugs dans les calculs calories/nutriments (bugs qui n'etaient pourtant pas présent il y a plusieurs mois),0,1,0,0,dataset_apia2022,1
"Je surveille beaucoup plus mon activité physique depuis que je l'ai 
installé. Et entre collègue nous comparons nos résultats et nous efforçons 
de marcher plus.",0,0,0,1,dataset_apia2022,1
"Application que je recommande sans hésiter, vraiment pratique pour pratiquer une activité sportive",1,0,0,1,dataset_apia2022,1
"application de suivi santé utile pour qui veut se surveiller, beaucoup de possibilités, notamment au niveau du suivi sportif et alimentation. encore faut-il être sûr que toutes ces données ne seront pas divulguées à des fins commerciales.",0,0,0,1,dataset_apia2022,1
"Changement de téléphone récent, vendredi 30 le comptage des pas s'est effectué. Depuis gros beug??? Je n'ai soit disant pas encore marché ce matin et déjà dépensé 517 kcal 😒... J'adore cette application mais qd elle fonctionne 🤔",1,1,0,0,dataset_apia2022,1
Très contente lors de mes déplacements.,1,0,0,0,dataset_apia2022,1
Je regrette beaucoup la mise à jour qui fait de S health nettement moins fonctionnelle et on perd l'accès à l'historique!,0,1,0,1,dataset_apia2022,1
plutôt bien conçu et ficelée. Complète et pertinente. Actualisée et nouveauté constante,1,0,0,1,dataset_apia2022,1
"Utilise une longueur de fouler qui ne s'applique pas à tous. Je cours avec 
une montre mais pour que l'application tienne compte de mes pas ou de 
l'entraînement je dois apporter mon cellulaire avec moi. Quand on change 
d'appareils, on perd tous les stats.",0,1,0,1,dataset_apia2022,1
"Depuis deux jour l applications ne prend plus en compte les entraînements 
et les pas je loupe les objectifs",0,1,0,0,dataset_apia2022,1
"J'utilise cette application et la trouve super efficace. Repris la course à pied avec un des programmes proposés et c'était top. Par contre on ne peut pas enregistrer ses paires de chaussures pour comptabiliser les km et il est impossible de créer son propre programme d'entrainement. Sinon, c'est parfait.",1,0,1,1,dataset_apia2022,1
Sympa pour voir notre progression quotidienne,0,0,0,1,dataset_apia2022,1
Manque la mesure d'un pas,0,0,1,0,dataset_apia2022,1
"SUPER application pour le suivie d'activité sportives, cardiaque, du sommeil etc.. de nouvelles petites améliorations y sont apportées assez fréquemment. Combiné à une gear fit2 Pro c'est l'assitant PARFAIT au QUOTIDIEN. Pour ceux pèse leurs repas, il vous permettera de savoir vos quantités de protéines, glucides, lipides et crtnes vitamines A, C Mm mon app Muscu n'est pas aussi complete Mtn il ne manque plus qu'elle se synchronise directement à Strava (et autres) SANS passer par google fit 😁",1,0,1,1,dataset_apia2022,1
sympathique mais pas toujours compréhensible notamment sur le sommeil...,0,0,0,1,dataset_apia2022,1
Bonne voire très bonne application.,1,0,0,0,dataset_apia2022,1
"C est une totale régression! Rythme cardiaque en continu, disparu...sans compter les bugs...très déçu.. si j avais su, je n aurais pas fait cette mise à jour... Je pense que c est le dernier produit Samsung que j achèterais, déjà qu on a laissé tomber le galaxy note... Je vais basculer sur Apple, car Samsung ne nous écoute pas, et n en a rien à faire une fois le produit acheté !!!😡😡",1,1,0,0,dataset_apia2022,1
c'est très motivant !,1,0,0,0,dataset_apia2022,1
EXCELENT,1,0,0,0,dataset_apia2022,1
"La dernière mise à jour, mais pourquoi ?",0,0,0,1,dataset_apia2022,1
"Détection des pas qui ne fonctionne pas sur les Huawei. Avec l'application Décathlon, 10 000 pas. Celle de Samsung, 504 pas. Est ce un problème de priorité des applications ? Ah et il y a aussi Huawei Santé qui détecte les pas normalement.",0,1,0,0,dataset_apia2022,1
cette application m'aide à me dépasser pour garder un poids raisonnable .merci,0,0,0,1,dataset_apia2022,1
Vraiment une bonne appli santé,1,0,0,0,dataset_apia2022,1
Cette application m'aide a tenir le rythme dans mes activités sportives et a rester active et en bonne santé.,0,0,0,1,dataset_apia2022,1
Depuis hier mon appli ne fonctionne plus j ai fait un mise a jour désinstallé réinstallé et rien ca ne me calcule plus rien vraiment déçue j adoré cette application,1,1,0,0,dataset_apia2022,1
"Impossible de créer ses propres programmes de courses à pied personnalisées. Choix de sport limité sur une galaxy watch (pas de tennis, pourtant présent dans l'application)",0,0,1,0,dataset_apia2022,1
Ne fonctionne pas sur huawei,0,1,0,0,dataset_apia2022,1
"Depuis la mise à jour, la zone de fréquence cardiaque dans exercice n'est plus identique avec la montre",0,1,0,0,dataset_apia2022,1
lorsqu'on lance une activités avec le téléphone elle ne se lance pas sur la montre...,0,1,0,0,dataset_apia2022,1
Pourquoi vouloir avoir acces a mes contacts pour compter mes pas????,0,0,1,0,dataset_apia2022,1
Depuis la dernière mise à jour le parcours cartographié de l'entraînement effectué n'apparaît plus comme auparavant !,0,1,0,0,dataset_apia2022,1
"Si ma montre est synchronisée en permanence, l'application ne me compte pas environ 20 % des pas effectués. Je dois donc couper la synchronisation et synchroniser une minute chaque soir pour avoir un relevé exact. Y aurait-il moyen de corriger ça ?",0,1,0,0,dataset_apia2022,1
Dommage que pour l'alimentation in se réfère qua des marques distributeur,0,0,1,0,dataset_apia2022,1
"Bonjour, pourriez vous faire en sorte que l'on puisse avoir le comptage du nombre de pas sur l'écran de veille directement comme avant sur mon Galaxy 5 c'était mieux, que de faire à chaque fois dérouler la barre de notifications, du coup je n'utilise plus l'appli",0,0,1,0,dataset_apia2022,1
Bug régulièrement,0,1,0,0,dataset_apia2022,1
bon application mais beaucoup de tricheur et tricheuse qui triche sont faire du sport c est pas bien il faut les bloque moi je marche chaque 24h 30km,1,0,1,0,dataset_apia2022,1
Non mais trop bien la validation en 2 étapes que la 2e étape le code ne peut être validé !!! Trop heureux alors qu'avant la validation en 2 étapes ça marchait trop bien... Je merci de contacter le service par le biais de l'application c'est ça ?? Non moi je crois que vous allez me dire ce qui bug avant que je me demerde avec une autre appli,1,1,0,0,dataset_apia2022,1
Je n'ai plus les phases de sommeil depuis qqs jours et c une des choses pour laquelle j'ai acheté cette montre,0,1,0,0,dataset_apia2022,1
"3 ans que j'utilise l'application, la dernière mis à jour est nul, si on refuse qu'elle accède à notre journal d'appel, impossible de revenir en arrière. Un application sport et santé n'a pas besoin de m'obliger à accepté cela, surtout quand on sait qu'elle vend au plus offrant ces informations, pour survivre. Merci de rectifier le tire, sinon vous avez un gros virus dans votre société.",1,0,1,0,dataset_apia2022,1
"Il n'y a que l'aérobic pour faire du cardio donc il faudrait compléter un peu plus par cardio, cardioboxe, circuit training, etc... Sinon excellente application",1,0,1,0,dataset_apia2022,1
"Pourquoi les entrainements personnalisés pour la course ont été retirés ? Édit: ils sont maintenant dans la ""catégorie coach de course"" du coup je remets la note 👍",1,0,0,1,dataset_apia2022,1
Très bien rien a dire Manque la fonction crossfit,1,0,1,0,dataset_apia2022,1
"Sur les 18 000 pas que je fais sur la journée d'hier, l'appli n'en compte que 3 000 et m'a éffacé toute une partie de la journée. J'ai acheté une montre connectée spécifiquement pour avoir un suivit du nombre de pas que je fais par jours alors je suis assez décu d'avoir des données erronées.",0,1,0,0,dataset_apia2022,1
All what u need from such an app,1,0,0,0,dataset_apia2022,1
Appli plutôt correcte. Mais lors de l'enregistrement d'une séance de marche le détail de la carte ne s'enregistre pas,1,1,0,0,dataset_apia2022,1
J adore mais juste une petite question est il possible d ajouter un nombre de pas nous même car je n ai pas tjs mon tel sur moi et j ai une montre compteur de pas si oui comment peut on le faire ?merci de votre réponse sinon l appli est top j adore,1,0,1,0,dataset_apia2022,1
ça m'a sai à rien apr prendre de la place dans mon tél 🤬,1,0,0,0,dataset_apia2022,1
Application très utile pour le quotidien.C'est vraiment cool.,1,0,0,0,dataset_apia2022,1
"J'adore cette application je utilise tout les jours, j'aime les défis proposé par l'application.",1,0,0,1,dataset_apia2022,1
"Plus aucune possibilité de synchroniser les informations avec les 
applications partenaires.",0,1,0,0,dataset_apia2022,1
"L'application était parfaite avant, déçue de ne plus avoir le compteur de calories avec objectifs et jauge...",0,0,1,0,dataset_apia2022,1
Application sympa,1,0,0,0,dataset_apia2022,1
"Super amusant surtout avec une montre en plus dommage que quand on se mais dans les défis il y à des gens qui font 1.000.000 de pat sur un moi,c'est dure d y croire",1,1,0,0,dataset_apia2022,1
Superbe application qui motive beaucoup bravo,1,0,0,1,dataset_apia2022,1
Ça marche,1,0,0,0,dataset_apia2022,1
not sure of the value added of the latest updates. In opposition I don't find some features anylonger like: looking at average weight per week or month?? It's only by day now. Why that? am I missing something?,0,0,1,0,dataset_apia2022,1
"Bonne, mais s'arrete souvent pour rien.ne marche pas bien sans connection internet",1,1,0,0,dataset_apia2022,1
ludique et utile j'aime beaucoup,1,0,0,0,dataset_apia2022,1
Si cela pouvait également prendre en compte les prises et pertes d'altitude cela serait super.,0,0,1,0,dataset_apia2022,1
Très Bonner application je vous le conseil,1,0,0,0,dataset_apia2022,1
j adore cette apli,1,0,0,0,dataset_apia2022,1
Plus moyen de compter les pas...appli qui va finir désinstaller,1,1,0,0,dataset_apia2022,1
NUL la mise à jour nous a enlevé les minutes d'activité : nous n'avons plus le suivi d'activité qui prend en compte les pas au quotidien. Rendez nous le temps de notre mobilité.,1,0,1,0,dataset_apia2022,1
J'aimais beaucoup cette application mais le décompte des pas ne se fait plus ou mal,1,1,0,0,dataset_apia2022,1
bonne application !! les défis sont très bien,1,0,0,1,dataset_apia2022,1
C bien fait .,1,0,0,0,dataset_apia2022,1
Cette application ma donné le +,1,0,0,0,dataset_apia2022,1
Nouvelle version moins sympathique !,1,0,0,0,dataset_apia2022,1
J'aime pas du tout la derniere maj Je ne retrouve plus 'la gestion du poids' ou je savais si j'etais ou non au dessus ou en dessous de mon apport calorique. D'ou mon vote a 1 etoile. Si vpus pouviez remettre cet onglet ce serais top,1,0,1,0,dataset_apia2022,1
Depuis la nouvelle version ma Gear S3 se vide en 1 journée si elle est connectée à mon téléphone. À corriger d'urgence !,0,1,0,0,dataset_apia2022,1
Dommage qu'il faille s'inscrire et accepter tous pour que sa marche,0,0,1,0,dataset_apia2022,1
Ne démarre plus automatiquement,0,1,0,0,dataset_apia2022,1
"Historique d'un mois insuffisant, trop de notification, manque de souplesse concernant nos activités favorites. A peaufiner. Merci",0,0,1,0,dataset_apia2022,1
"Application bien juste dommage que l'on ne peut pas modifier les exercices 
de présent par défaut sur la montre gear s3",1,0,1,0,dataset_apia2022,1
Mercie beaucoup pour cette logiciel,1,0,0,0,dataset_apia2022,1
il faut Que L'application Detecte La Marche Et La course Et La marche d'echelle,0,0,1,0,dataset_apia2022,1
Superbe Samsung Health un bon companion pour la santé on général,1,0,0,1,dataset_apia2022,1
"Application super jusqu'à que je puisse même plus rentrer sur l'appli, j'ai même plus accès à mes donnes de sommeil, important en ce moment en plus .. Très déçu ..",1,1,0,0,dataset_apia2022,1
"Assez bien dans l'ensemble, merci.",1,0,0,0,dataset_apia2022,1
"Appli qui fait son boulot et qui rend l'activité physique fun grâce aux 
défits et aure trophées",0,0,0,1,dataset_apia2022,1
"Il faut absolument remettre en question l'algorithme du sommeil, j'ai entre 0% et 8% de sommeil profond, à ce rythme je serai décédé... Regardez sur les forums (Samsung ou autre) le problème est commun à tous les utilisateurs Device : oneplus 5t Smartwatch : samsung galaxy watch active",0,1,0,0,dataset_apia2022,1
bonne appli,1,0,0,0,dataset_apia2022,1
Trop d'informations personnelles sans rapport avec la santé sont quand-même partagées.,0,0,1,0,dataset_apia2022,1
Application au top 😊,1,0,0,0,dataset_apia2022,1
Mise à jour qui oblige d'accéder aux contacts... On retrouve enfin le suivi du poids... mais je préfère l'ancienne version... la on a les points mais impossible de sélectionner ce qu'on veut réellement voir... c'est l'appli qui décide... nul.,1,0,1,0,dataset_apia2022,1
Meme en désactivant les notif j'en reçois alors que je m'enfou de votre appli,0,1,0,0,dataset_apia2022,1
Accès au téléphone pourquoi ?,0,0,1,0,dataset_apia2022,1
Merci sa fait une Structure aux modes de vie Et des objectifs.,0,0,0,1,dataset_apia2022,1
"Pour utiliser la montre, je dois maintenant OBLIGATOIREMENT accepter la validation en 2 étapes qui... 1. Exige mon numéro de téléphone. 😡😡😡😡 Si quelqu'un peut piger les conditions générales et m'expliquer ce qu'ilsvont en faire 🥱🤔, je veux bien. Prémices de harcèlements téléphoniques et publicitaires ? 2. Et va en plus communiquer mon téléphone à mes amis pour qu'ils me trouvent !? 😡😡😡😡😡 Je suis assez grand pour faire ça tout seul, je suis pas débile à ce point. --- C'est MALHONNÊTE!",1,0,1,0,dataset_apia2022,1
Really disappointed since O2 saturation feature was removed,0,0,1,0,dataset_apia2022,1
"V 6.12.0.029 : widget des pas journalier difficilement lisible, écriture petite.. Ce serait bien de pouvoir choisir entre l'ancien widget 5x1 à gros caractères et ce nouveau widget qu'on pourrait redimensionner jusque 3x1",0,0,1,0,dataset_apia2022,1
Hello. It is possible to add the STOP SMOKING function in your application with a Widget for the S3 Frontier watch. Thank you,0,0,1,0,dataset_apia2022,1
"Vraiment déçue de cette application car il faut toujours avoir son portable sur soi pour le comptage de pas. Il est vraiment dommage que cette application ne puisse se coupler à une Fitbit et d'être obligée d'avoir une galaxy pour cela. Une fonction où on pourrait ajouter nos pas selon les appareils qu'on utilise serait un plus. Parce que au final, ca sert à quoi de participer aux défis si on peut pas avoir notre vrai nombre de pas",1,0,1,0,dataset_apia2022,1
"Pourquoi quand je fais du ski alpin, l application me dit pas le nombre de km parcourue ?? Pourtant, le signal GPS est actif et excellent .",0,1,0,1,dataset_apia2022,1
"Je voudrais bien mettre un zero mais c'est impossible. Pourquoi demander accès à mes contacts et ma vie privée?!!! À ce point. Non mais serieux, la concurrence ce n'est pas ce qui manque. Appli supprimée, next!",1,0,1,0,dataset_apia2022,1
"Trop intrusif, travaille en arrière-plan pas d option pour quitter.",0,0,1,0,dataset_apia2022,1
Trop pratique,1,0,0,0,dataset_apia2022,1
C'est super sympa,1,0,0,0,dataset_apia2022,1
Pourquoi un accès au journal d'appel..... => solution: désinstaller Dommage pr vous c honteux 😡,1,0,1,0,dataset_apia2022,1
"Si je fais de la marche ou de la course par exemple et que je fais une pause l' application considere que je démarre une nouvelle activité , c est pénible et donc je perds tout ce qu il y avait avant et parfois pire considéré avec la pause que l' activité est terminée et donc ne garde en Loire que le 1ere trajet jusqu a la pause ...du coup je vais choisir une autre application",0,1,0,1,dataset_apia2022,1
Imposition de ouvrire et accepte pas le mot passe et de plus ces en anglais,0,1,0,0,dataset_apia2022,1
parfait et utile,1,0,0,0,dataset_apia2022,1
"Très bonne application. Utilisation simple et ""ludique""",1,0,0,0,dataset_apia2022,1
Bonne application et ludique.,1,0,0,0,dataset_apia2022,1
Sa sert strictement à rien cette application 👎,1,0,0,0,dataset_apia2022,1
Pas topitop,1,0,0,0,dataset_apia2022,1
"bonne appli, malgré tous les tricheurs...",1,0,1,0,dataset_apia2022,1
bonjour cet apli est tres bien j'ai 12 ans mon entourage dis que je n'ai pas besoin de faire autant de sport mais jme trouve assez complexée enfin bref tout ça pour dire le podometre au top et les autres fonctions super mais je voulais changer mon mot de passe et je ne sais pas comment on fait merci d'avance,1,0,1,1,dataset_apia2022,1
best,1,0,0,0,dataset_apia2022,1
Ne fonctionne plus sur mon Samsung malgré tous les conseils de réinstallation,0,1,0,0,dataset_apia2022,1
"Très déçu par la mise a jour. La mesure du rythme cardiaque, le taux de stress, taux de glucose etc... a été annihiler et ce n'est pas du tout bien pensée a y remedier",1,0,1,0,dataset_apia2022,1
"Une catastrophe, depuis la mise à jour, l'appli bug et crash complètement. Impossible à utiliser désormais.",1,1,0,0,dataset_apia2022,1
"De pire en pire ! Maintenant, n'affiche Plus le dénivelé total lors d'une randonnée !",1,1,0,0,dataset_apia2022,1
"Nul : lors de mes sorties velo, kilométrage et vitesse restent a zéro. Le parcours n'est pas enregistré 😤😠",0,1,0,0,dataset_apia2022,1
🤗,1,0,0,0,dataset_apia2022,1
"Rien à dire très complète j'aimais bien le fait que l'on puisse suivre sa 
nutrition en plus du sport",0,0,0,1,dataset_apia2022,1
Bien . pour le suivi de la alimentation mettre si cela est possible le scan des codes barres. Pour le sommeil un peu plus de détails et avoir un graphique avec des heures plus précis. Récapitulatif semaine avec le temps sur chaque activité car actuellement il faut cliquer sur les activités pour connaître son temps sur la semaine. Merci de tenir compte afin d apporter encore des améliorations,1,0,1,0,dataset_apia2022,1
Quelques éléments à améliorer mais bonne application dans l'ensemble.,1,0,0,0,dataset_apia2022,1
"Nouvelle mise à jour et toujours aussi exigeante en terme de d'autorisations. Je désinstalle définitivement. Obligé d'autoriser l'accès au téléphone, sinon je reste bloqué sur l'écran d'accueil. À corriger rapidement. Exigence inadmissible de mon point de vue. Samsung, vous savez ce qu'il vous reste à faire !!!!!",1,0,1,0,dataset_apia2022,1
Ça demande de gerer les appels ça n'a rien avoir avec c'est application,0,0,1,0,dataset_apia2022,1
Il y a un souci avec le diagramme des heures de sommeil ...,0,1,0,0,dataset_apia2022,1
topissime,1,0,0,0,dataset_apia2022,1
Je déteste la nouvelle version je préfère celle d'avant 😡,1,0,0,0,dataset_apia2022,1
"Bien mais une étoile en moins parce qu'elle m'oblige à configurer la connexion en 2 temps avec envoi de SMS. Non mais franchement, c'est juste pour enregistrer mon nombre de pas, pas mon compte en banque !",1,0,1,0,dataset_apia2022,1
bien mais manque des activités modernes comme le crosstraining ou le TRX....,1,0,1,0,dataset_apia2022,1
Ne mets plus la gestion des calories depuis la mise à jour ce qui était la raison pour laquelle je l'utilisais.,0,0,1,0,dataset_apia2022,1
Manque le trajet du parcour sous forme de maps,0,0,1,0,dataset_apia2022,1
Appli pratique et intuitive,1,0,0,0,dataset_apia2022,1
Excellente va vous rendre addicte au sport,1,0,0,1,dataset_apia2022,1
"Je trouve que l'application n'est pas très intuitive, et visuellement elle n'est pas très ""sexy"". Il manque aussi des liaisons avec les montres Samsung. Par exemple, les objectifs journaliers (le cœur formé par les trois objectifs) n'est pas sur l'appli, pourquoi ?!",1,0,1,0,dataset_apia2022,1
Très bonne applique,1,0,0,0,dataset_apia2022,1
"Depuis la mise a jour l'application fait arreter mon tel sans arret...alors 
quavant tout allait bien",0,1,0,0,dataset_apia2022,1
Super pour encourager les petites sportives . elle m'a fait me surpasser . très bonne application pour marcher regulierement,0,0,0,1,dataset_apia2022,1
Depuis la dernière mise à jour l'application plante sans arrêt dommage,0,1,0,0,dataset_apia2022,1
Plus de gestion du poid pourriez vous faire le nécessaire au plus vite avant que je ne change de programme. De plus je vois que je ne suis pas le seul embêté en consultant les avis précédents mais ne vois aucune réponse de votre part.,0,0,1,0,dataset_apia2022,1
Impossible d'entrer dans l'application. Message d'erreur systématiquement. Dommage!,0,1,0,0,dataset_apia2022,1
Il n'y a plus l'étude du récapitulatif hebdomadaire depuis semaine 14,0,0,1,0,dataset_apia2022,1
Impossible d'accéder à l'application ! Message d'erreur,0,1,0,0,dataset_apia2022,1
"Je suis utilisateur de l appli avec ma montre gear sport, et je trouve que la partie sommeil est erronée,car elle ne fait pas la différence entre le moment du coucher et le début du sommeil. Je me couche mais je ne dors pas systématiquement de suite. J'ai testé une autre montre à 30€, elle utilisait l appli My Fit Log qui elle fonctionne très bien.98% juste, avec le moment de l endormissement, les réveils en pleine nuit et un interface plus qu au top. Est il possible d améliorer l interface?",0,1,1,1,dataset_apia2022,1
"Depuis un petit moment l'application demande d'aller dans les paramètres pour autorisés je ne c'est pas quoi, j'ai essayé a plusieurs reprises de faire ce qu'il demande en vain, (j'apprécié l'appli avant). Pas que ça a faire de passer mon temps a chercher a régler ce truc.",1,1,0,0,dataset_apia2022,1
J'aime les défis,0,0,0,1,dataset_apia2022,1
"En essayant de faire la mise à jour, l'application a mis mon téléphone en bootloop",0,1,0,0,dataset_apia2022,1
"La nouvelle version (16/1/21) introduit des régressions fonctionnelles majeures en supprimant les courbes de tendance. Toute personne qui contrôle ses paramètres sait que l'important c'est la tendance long terme, pas la variation quotidienne. Remettez nous rapidement les tendances hebdomadaires et mensuelles s'il vous plaît et arrêtez de supprimer des fonctionnalités ! Cette nouvelle version n'est pas un progrès mais un retour en arrière.",0,0,1,0,dataset_apia2022,1
Cool trop bien,1,0,0,0,dataset_apia2022,1
Mon application ne fonctionne pas je viens de marcher 6km et on me donne 170 pas.....,0,1,0,0,dataset_apia2022,1
"Gérer les appels téléphoniques, sérieusement ??? Aurevoir Samsung",1,0,1,0,dataset_apia2022,1
"Je suis d'accord avec les commentaires précédents : plus ça va et plus cette application devient dénuée de sens. C'est dommage que cette application healthy qui était très complète se voit limitée au fur et à mesure des suppressions de suivis tel que la gestion du poids, les suivis des calories, de la caféine... J'en arrive à hésiter à chaque nouvelle mise à jour...",1,0,1,0,dataset_apia2022,1
Je supprime cette appli car il y a une obligation d'être connecté à un compte (récupération des données personnelles),1,0,1,0,dataset_apia2022,1
très bonne appli,1,0,0,0,dataset_apia2022,1
"Appli très bien. Contrairement à Fitbit, on peut enregistrer manuellement les données du sommeil. J'enlève juste une étoile car il manque le skateboard et la trottinette dans les activités physiques.",1,0,1,1,dataset_apia2022,1
J adore,1,0,0,0,dataset_apia2022,1
application utile qui permet de gérer la vie quotidienne,0,0,0,1,dataset_apia2022,1
la rando et le vélo n'indique pas le nombre de kilomètres à la fin de l'exercice ! grrr,0,1,0,0,dataset_apia2022,1
Depuis un certain temps l'application beugue beaucoup,0,1,0,0,dataset_apia2022,1
J'utilise depuis quelques mois cette application lors de ma promenade à pied... Super. Le calcul des calories lors de l'enregistrement des repas est bluffant. Il faudrait tenir compte de l'âge dans le calcul. Je ne peux répondre aux questions supplémentaires... tout ne s'affiche pas sur mon Samsung????,1,1,1,0,dataset_apia2022,1
Soutien parfait pour tenir un objectif,0,0,0,1,dataset_apia2022,1
Rien à dire que Mille merci et + très utiles pour nous tous et toutes application merveille.,1,0,0,0,dataset_apia2022,1
Très bien mais des fois il a du mal à compter les nombres de pas,0,1,0,0,dataset_apia2022,1
Ca me permet de me motiver grâce aux challenge mensuel.,0,0,0,1,dataset_apia2022,1
Changement de téléphone et impossible de retrouver mes données. L appli prend automatiquement une adresse mail qui n'est pas la bonne. Xiaomi ne fonctionne pas avec cette appli ?,0,1,0,0,dataset_apia2022,1
😍😍😍😍😍😍😍,1,0,0,0,dataset_apia2022,1
fonctionne très bien avec Samsung s10 je l'utilise tout les jours.,0,0,0,1,dataset_apia2022,1
Très déçue par la nouvelle mise à jour qui a supprimé la gestion du poids qui me semblait essentielle dans cette application. J'espère que cela sera remis très bientôt,1,0,1,0,dataset_apia2022,1
Il est impossible de rajouter les montres type Garmin,0,0,1,0,dataset_apia2022,1
"Très satisfait de cette application, elle m'aide bcp à faire du sport.",1,0,0,1,dataset_apia2022,1
Suis satisfaite,1,0,0,0,dataset_apia2022,1
👍🏼,1,0,0,0,dataset_apia2022,1
Tres bonne appli,1,0,0,0,dataset_apia2022,1
Tre5,1,0,0,0,dataset_apia2022,1
Tip top,1,0,0,0,dataset_apia2022,1
Est il possible de l'avoir en français ?MERCI,0,0,1,0,dataset_apia2022,1
"L'application est très bien mais depuis la récente mise à jour, ma montre Fit e ne synchronise plus mes données de fréquence cardiaque...",1,1,0,0,dataset_apia2022,1
très compliqué 😓😓😓😓,0,0,0,1,dataset_apia2022,1
C'est une très bonne application. Elle nous aide beaucoup à rester toujours actif.,1,0,0,1,dataset_apia2022,1
"Le suivi des activités pourrait nettement être améliorer, par exemple avec le capteur de mouvement pour les squat ou le capteur de proximité pour les pompes chose que des milliers d'applications sont capable de faire sauf celle ci, Les défis pourrait être classé en régional ou national, il est 0h03 le défi du mois vien de commence mais il y a déjà des dizaines qui ont déjà finis et qui ont déjà plus qu'un sportif normal fera en 1 mois complet... c'est juste nimporte quoi",0,0,1,0,dataset_apia2022,1
Dommage cette application ne fonctionne plus bien depuis les dernières mises à jour.,0,1,0,0,dataset_apia2022,1
pourquoi je peut pas mesuré mon pouls et oci la mesure de stress ???,0,1,0,0,dataset_apia2022,1
Rien à rajouté bravo,1,0,0,0,dataset_apia2022,1
très bonne application qui nous motive à courir ou marché,1,0,0,1,dataset_apia2022,1
Ca me motive,0,0,0,1,dataset_apia2022,1
Super pratique pour faire de l'activité physique,1,0,0,1,dataset_apia2022,1
Très satisfaite de cette application,1,0,0,0,dataset_apia2022,1
Facile d utilisation et précis,1,0,0,0,dataset_apia2022,1
dommage d'avoir enlever le comotage des calorías cotidienes,0,0,1,0,dataset_apia2022,1
Nombreuses déconnexions gadget,0,1,0,0,dataset_apia2022,1
"J'ai commencer a utilisé shealth avec mon s4 et a ma grandre surprise , l'application et de moins précise , pas du tout intuitif , manque d'information , connecter avec ma gears s3 je n'ai pas la vitesse en km/h 3n vélo mais quand je marche ca fonctionne , fait des effort Samsung , car je trouve l'application de moins en moins pratique",0,0,1,1,dataset_apia2022,1
Je suis satisfait par l'application puisque elle m'aide beaucoup,1,0,0,0,dataset_apia2022,1
Bonne appli. Je l'utilise tous les jours depuis plusieurs années.,1,0,0,0,dataset_apia2022,1
magnifique cette application,1,0,0,0,dataset_apia2022,1
"Depuis la mise en protection du compte j'arrive plus à y accéder, j'obtiens le code; je le renvois et ça ne marche pas 🙄😏☹😒.. c'est devenu nul, je dois chercher à installer une application pour compter mes pas..🙄🙄🙄🙄",1,1,0,0,dataset_apia2022,1
"Depuis la mise à jour je ne peux pas avoir le détail ""combien il me faut de kcal"" et ""Combien je dois faire d'exercice "" Pour atteindre mon objectif journalier.",0,0,1,0,dataset_apia2022,1
J' adore !! Grace a l application je deviens de plus en plus motive a faire du sport,1,0,0,1,dataset_apia2022,1
"Depuis la dernière mise à jour. L'application bug, me demande une validation en 2 étapes pour une meilleure sécurité de mes infos. Et quand je veux le faire , ça bug et me demande de me reconnecter à mon compte Samsung ! Mais je n'ai pas de compte Samsung approprement parlé puisque j'ai un Xiaomi . Comment faire je ne peux plus me mettre sur mon Samsung health ???",0,1,0,0,dataset_apia2022,1
"Depuis la dernière mise à jour, les pas et km sont mal comptés (au moins 2 fois moins que la réalité...)",0,1,0,0,dataset_apia2022,1
quand je calcule moi-même les pas quotidiens j'obtiens plus vite les 200000 pas car sur les défis j'ai l'impression que le calcul n'est pas bon,0,1,0,0,dataset_apia2022,1
La gestion du poids qui est la partie la plus importante de cette appli a disparu !!! Cette appli ne me sert plus à rien. Je dois donc en trouver une autre c'est bien dommage ! Samsung n'a pas cherché à connaitre l'avis des utilisateurs.,1,0,1,0,dataset_apia2022,1
"Je trouve cette application tout simplement géniale, le nombre de km parcourus est jute (j'ai parcouru les mêmes distances avec ma voiture!) Ce que je trouve dommage, c'est que, pour les défits, les 10 premiers participants sont des tricheurs car leurs nombres de pas sont totalement irréels, ou je n'ai pas compris votre mode de classement! Je trouve regrettable de ne pas être simplement soi-même et honnête! Sinon, ce serai bien d'avoir le nom du pays du participant. Merci aux concepteurs",1,1,1,1,dataset_apia2022,1
Serait parfait si il n'y avait pas tant de tricheurs aux défis mensuels. Cette partie de l'application ne rime plus à rien.,0,0,1,0,dataset_apia2022,1
"Note provisoire. Je viens de recevoir ma nouvelle montre et tout ce passe bien pour la configuration sauf avec cette application, je n'arrive pas à me connecter, ça charge dans le vide...",0,1,0,0,dataset_apia2022,1
QUI a remplacé la voix féminine avec cette voix masculine non agréable ? Remettez moi ma voix féminine...,0,0,1,0,dataset_apia2022,1
Depuis la mise à jour demande accès aux appels téléphoniques. Hors de question. Aux prochain changement de montre plus de Samsung,1,0,1,0,dataset_apia2022,1
Parfait C'est ok maintenant,1,0,0,0,dataset_apia2022,1
Très très bien.,1,0,0,0,dataset_apia2022,1
le podomètre ne fonctionne pas. il affiche toujours 0 pas ?!,0,1,0,0,dataset_apia2022,1
Cool cette appli je me suis rendu compte que mon corps ne bouge pas du tout et que je dois faire des efforts,1,0,0,1,dataset_apia2022,1
Top !!!!,1,0,0,0,dataset_apia2022,1
encourageant,1,0,0,0,dataset_apia2022,1
"A greater variety of health content is available.(US, CA and IN only) - The following wearable device is now also supported: Gear S3, Gear Fit2 and Gear Sports - Use weekly report offered based on your activities",0,0,0,1,dataset_apia2022,1
Connexion impossible depuis quelques jours,0,1,0,0,dataset_apia2022,1
Magnifique application,1,0,0,0,dataset_apia2022,1
Je n' arrive pas à ouvrir mon compte sur mon nouveau téléphone Crosscall...,0,1,0,0,dataset_apia2022,1
"Une très bonne application, mais c'est nul d'avoir accès à quelques histoires et pas le reste.",1,0,1,0,dataset_apia2022,1
Impossible de me connecter à l'application alors que tout est autorisé dans les paramètres du téléphone sa me saoule de pas trouver l'origine du problème.,0,1,0,0,dataset_apia2022,1
Dommage ne fonctionne plus sur mon note 8 l'enregistrement d'activités automatique bug depuis un mois dernière mise à jour ???,0,1,0,0,dataset_apia2022,1
"Pouvez-vous me dire pourquoi vous avez supprimé la gestion du poids, pour ma part cela m'aidait efficacement pour perdre du poids, et je vois dans les commentaires que je ne suis pas la seule personne que cela contrarie !!! Peut on espérer le retour à cette information ???",0,0,1,1,dataset_apia2022,1
"Avant avec cette application j'avais l'itinéraire parcouru ... plus maintenant, POURQUOI ???",0,0,1,0,dataset_apia2022,1
Elle nous permette de contrôler notre santé,0,0,0,1,dataset_apia2022,1
sympa et motivant pour se maintenir en forme,1,0,0,0,dataset_apia2022,1
"Des petits rappels dans la journée, des récap hebdomadaires, un vrai suivi 
on a l'impression d'avoir un coach derrière nous !",0,0,0,1,dataset_apia2022,1
"Très bonne application tu peut te permet des défi pour améliorer et progresser ,et propose des programmes selon tes disponibilités merci pour ses bon conseil courage à tous",1,0,0,1,dataset_apia2022,1
C'est bien pour savoir où l'on en es question forme.,0,0,0,1,dataset_apia2022,1
"Depuis la dernière mise à jour, impossible d'y accéder, j'abandonne",1,1,0,0,dataset_apia2022,1
Je n'arrive plus à me connecter Et vous avez retirée la gestion du poids qui était très utile ainsi que le café.,0,1,1,0,dataset_apia2022,1
"Je ne VEUX pas de cette application et IMPOSSIBLE de la supprimer de mon Smartphone (SM-G900FD) Après avoir parcouru un bon nombre de forum, la seule solution est de rooter son téléphone et d'installer une ROM custom. C'est déplorable et cela concerne quasiment toutes les applications de Google Play qui sont installées par défaut sur mon smartphone Quand est-ce que Google nous laissera libre d’utiliser ce que l'on souhaite sur nos appareils ?? J'ai payé mon matériel, il est à moi et à personne d'autre !! De plus, c'est complètement débile, cette appli fait doublon avec l'appli de Google !!!  Ah, si, il y a une raison:  Participer à SATURER la mémoire se l'appareil afin d'obliger l'utilisateur à en acheter un plus récent. Cela s'appelle de l’obsolescence PROGRAMMÉE (exactement comme Apple avec ses Iphones) !!",1,0,1,0,dataset_apia2022,1
"Dans mon profil j'ai essayé de rentrer ma date de naissance qui est en mars 
2000 mais l'application me dit qu'il est impossible de rentrer en âge 
inférieur pour 18 ans sauf que j'ai 18 ans passé",0,0,1,0,dataset_apia2022,1
Connexion impossible,0,1,0,0,dataset_apia2022,1
J'aime beaucoup cette application ça donne un peu de punch à ma vie...je me force à marcher..😁😁,1,0,0,1,dataset_apia2022,1
Je vois que beaucoup de plaignent depuis la mise à jour alors moi aussi jai une remarque je l'utilise depuis des années et la suppression du cumul de dénivelé le plus important pour moi du coup je pense la supprimer Vraiment déçu,1,0,1,0,dataset_apia2022,1
"Excellent, j'aime.",1,0,0,0,dataset_apia2022,1
Dernière mise à jour : complètement déconnante,0,1,0,0,dataset_apia2022,1
Il manque une moyenne annuelle !!!,0,0,1,0,dataset_apia2022,1
Il est vrsiment parfait,1,0,0,0,dataset_apia2022,1
j adores,1,0,0,0,dataset_apia2022,1
Ne fonctionne plus sur Samsung S20 FE depuis la mise à jour Android...,0,1,0,0,dataset_apia2022,1
"Cette application est juste géniale,car elle nous motive vraiment et nous permets de nous fairent réellement du bien. Alors merci Samsung❤️😊🐰",1,0,0,1,dataset_apia2022,1
Plus que satisfaisant,1,0,0,0,dataset_apia2022,1
Ne fonctionne pas depuis la dernière mise à jour.,0,1,0,0,dataset_apia2022,1
motive à bosser,0,0,0,1,dataset_apia2022,1
C'est mon quotidien,1,0,0,0,dataset_apia2022,1
Manque de précision par rapport à ma montre,0,0,1,0,dataset_apia2022,1
"Depuis la mise à jour pas moyen d'avoir les phases de sommeil, elles restent à zéro pourtant sur la montre ça s affiche bien.",0,1,0,0,dataset_apia2022,1
Plutôt efficace et ludique à quelques bugs près,1,0,0,0,dataset_apia2022,1
toooop,1,0,0,0,dataset_apia2022,1
"Déçu suite à la mise jour, plus l'onglet gestion du poids qui m'était dès plus utile et qui en faisait tout l'intérêt de l'application. A la recherche d'une nouvelle appli",1,0,1,0,dataset_apia2022,1
je marche minimum 1000 pas minimum journalier...,0,0,0,1,dataset_apia2022,1
très bien pour un suivi des entraînements (En mode marche),0,0,0,1,dataset_apia2022,1
C'est plutôt compliqué à essayé de faire fonctionner le suivi du sommeil. À en devenir insomniaque !! LOL fait ieche quand on voit le prix de la montre connectée,1,0,0,1,dataset_apia2022,1
Très sympa promet de suivre ms progrès jour après jour,0,0,0,1,dataset_apia2022,1
Cava comme application,1,0,0,0,dataset_apia2022,1
"excellente application, en choisir une autre serait un crime de lèse majesté ! !!",1,0,0,0,dataset_apia2022,1
Très bien 😉,1,0,0,0,dataset_apia2022,1
application très sympa,1,0,0,0,dataset_apia2022,1
ne marche pas sur A7 2018 android 9,0,1,0,0,dataset_apia2022,1
Depuis quelques semaines le compteur de pas se bloque+++++++ ou ne compte plus les pas.,0,1,0,0,dataset_apia2022,1
très bien mais pas tjrs très précis,1,0,0,0,dataset_apia2022,1
Great app,1,0,0,0,dataset_apia2022,1
applicatin tellement utile,1,0,0,0,dataset_apia2022,1
Cette application fonctionnait très bien jusqu'au 6 août et depuis zéro ! Déconnexion systematique de toutes les activités sportives entre 1 seconde et quelques minutes. Montre galaxy watch 2 achetée spécifiquement pour le sport inutilisable pour toutes activités.,0,1,0,0,dataset_apia2022,1
Pénible obligé d avoir un compte....,0,0,1,0,dataset_apia2022,1
Très bonne application. Le seul truc c'est que le widget à disparu,1,0,1,0,dataset_apia2022,1
It was really good until they removed oxymeter from it.,0,0,1,0,dataset_apia2022,1
il mais impossible de prendre mon rythmes cardiaque,0,1,0,0,dataset_apia2022,1
trés bien,1,0,0,0,dataset_apia2022,1
Depuis 3 jours les pas reste a zéro ils ne sont plus comptabilisés.. très déçu 😞 merci de faire une nouvelle mise a jour,1,1,0,0,dataset_apia2022,1
impossible a supprimer,0,1,0,0,dataset_apia2022,1
Depuis la dernière grosse mise à jour les pas ne sont plus comptabilisés sur les pas réels. Pourtant le téléphone est mis ds la poche arrière du pantalon. Peut-être y a t-il un new paramétrage a faire mais je n'ai pas trouvé !,0,1,0,1,dataset_apia2022,1
Déçu de la nouvelle version.. Avant la dernière MAJ je pouvais rentrer mes heures de sommeil rapidement grâce à une petite notification silencieuse bien pratique ! Maintenant plus rien il faut que j'ouvre l'application et que je les rentres manuellement donc oublie récurrent.. déçu,1,0,1,0,dataset_apia2022,1
"Très intéressant mais manque le bouton pause pour faire plusieurs 
entraînements à la fois, et manque de variété de produit québécois pour la 
nourriture, un bouton ""assaisonnement"" rapide d'ajout serait aussi pas mal!",1,0,1,0,dataset_apia2022,1
Juste POUR voir SI je maintien le cap,0,0,0,1,dataset_apia2022,1
Excellente rien a dire de plus,1,0,0,0,dataset_apia2022,1
"Très satisfait jusqu'à ce que mes entraînements ne s'interrompent tout seuls toutes les 2 min. Je me dis bien naïvement (ayant la synchronisation automatique activée) pas de problème, je supprime et réinstalle, tout est stocké dans samsung cloud ! Je suis tombé de haut quand j'ai vu que toutes mes données depuis avril 2018 ont disparu. Je vais de ce pas chercher une meilleure application",1,1,0,0,dataset_apia2022,1
Cette application m accompagne tous les jours car je me rends sur mon lieu de travail en vélo.,0,0,0,1,dataset_apia2022,1
Extraordinaire application,1,0,0,0,dataset_apia2022,1
10/10.,1,0,0,0,dataset_apia2022,1
Très intéressant pour la vie,0,0,0,1,dataset_apia2022,1
Géniale,1,0,0,0,dataset_apia2022,1
"Comment activer ""fréquence cardiaque""",0,0,1,0,dataset_apia2022,1
"Ne fonctionne pas comme pour de nombreux utilisateurs Samsung ! Du coup, passage à Google Fit :-p",1,1,0,0,dataset_apia2022,1
Idem que de nombreux autres utilisateurs. Inutilisable car demande désormais obligatoire ment la connexion à un compte Samsung pour être utilisée. Et même avec un compte Samsung je ne parviens pas à entrer dans l'application (cercle bleu et vert tourne sans fin),0,1,0,0,dataset_apia2022,1
super je le conseille.,1,0,0,0,dataset_apia2022,1
Super pour connaître le nombre de pas journalier,1,0,0,1,dataset_apia2022,1
Très bien sauf le récapitulatif hebdomadaire je préfère le compte en kilomètre par semaine,1,0,1,0,dataset_apia2022,1
"Le suivi du sommeil ne fonctionne plus tout court depuis plusieurs jours, indique que l'on dort dès qu'on est en position allongée même si on fait autre chose ( téléphone, lecture....) Faites quelque chose !! 😤",0,1,0,0,dataset_apia2022,1
"Moins performante depuis la dernière mise à jour, la fonction sommeil n'est plus automatique par rapport à nos habitudes, je trouve ça vraiment dommage, pour le reste, je reste satisfaite",1,0,1,0,dataset_apia2022,1
"Ne fonctionne plus depuis la mise a jour. Message d'erreur: "" Une erreur inconnue est survenue (0x0B)""",0,1,0,0,dataset_apia2022,1
Ras,1,0,0,0,dataset_apia2022,1
C l'application la plus précise que g essayé,1,0,0,0,dataset_apia2022,1
Impossible de prendre en compte les etages,0,1,0,0,dataset_apia2022,1
très efficace cette application,1,0,0,0,dataset_apia2022,1
"L'application bug et comptabilise beaucoup trop de pas inexistant, je passe de 6 à 8000 pas en moyenne à 25 000.",0,1,0,0,dataset_apia2022,1
"Bonjour, Bonne appli, simple et bien élaborée. Il manque juste la marche Nordique et le parapente dans les sports. 😉",1,0,1,0,dataset_apia2022,1
Supee,1,0,0,0,dataset_apia2022,1
Tres bonne application pour savoir le nombre de pas fait dans la journée sans chercher à faire un score.,1,0,0,1,dataset_apia2022,1
"Cette application me motive à garder la forme et des habitudes de vie saines. Je fais mes 10000pas par jours et je surveille mes apports caloriques, ce qui m'a permis de perdre déjà 3kilos depuis le début de l'année. Je viens même de terminer le défi Igloo ! De plus, en application partenaire j'ai installé Sleep by Android, qui m'aide à me coucher à heure régulière et me lève comme une fleur le matin grâce au réveil intelligent. En bref, une application qui m'a changée la vie; et en mieux !",0,0,0,1,dataset_apia2022,1
"Depuis 5 jours impossible de visiter le récapitulatif de la semaine ,l 'application s' arrête",0,1,0,0,dataset_apia2022,1
Superbe application très complète.,1,0,0,0,dataset_apia2022,1
inutile 👎👎,1,0,0,0,dataset_apia2022,1
Apres la dernière mise à jour l'appli a demandé des accès aux fonctionnalités du téléphone de façon incompréhensible et inquiétante ce qui a fait que j ai refusė c'a bloqué l accès à l'application en boucle. Alors que mon souhait etait de continuer à utiliser l'appli! et pour sortir de la boucle j ai du sélectionner ne plus demander maintenant juste le choix entre désactiver et forcer l arrêt et dans les 2 cas impossible de retrouver l appli même de la réinstaller Juste insupportable !!!,1,1,0,0,dataset_apia2022,1
Devenue inutilisable. Aucunes informations ne peuvent être rentrées. Tout beugue et les données précédentes rentrées sont perdues.,0,1,0,0,dataset_apia2022,1
Je suis contente de mon experience avec cette application.,1,0,0,0,dataset_apia2022,1
"Application intéressante mais beaucoup d'améliorations à apporter. Exemple 1 : Impossible de retrouver les personnes que l'on côtoie de tous les jours (famille, amis, etc) Exemple 2 : Impossible de tenir une longue discussion avec un membre de la communauté. Pour espérer discuter avec ce membre, il faut revenir à son poste difficile à retrouver. Dommage que le monde entier utilise cette application mais que nous nous sentons seuls.",1,0,1,0,dataset_apia2022,1
Super pour suivre le fitness,0,0,0,1,dataset_apia2022,1
Un excellent suivi de mon activité et une motivation pour faire de l'exercice.,0,0,0,1,dataset_apia2022,1
Abusé de ne pas pouvoir connecter mon compte sur mon nouveau téléphone Xiaomi !,0,0,1,0,dataset_apia2022,1
"Il faut constamment réinitialisé le compte samsung, en saisissant le MDP que bien évidemment je n'ai pas sur moi, bref c'est fastidieux et peu pratique quand on est sur son smartphone.",1,1,0,0,dataset_apia2022,1
Impossible de paramétrer langue et km au lieu de miles!!!!!,0,1,0,0,dataset_apia2022,1
Cette application est très efficace surtout quand l'on sait combien de pas nous avons fait c'est pour cela que je vous donne 5 étoiles:),1,0,0,1,dataset_apia2022,1
indispensable au quotidien,0,0,0,1,dataset_apia2022,1
"sur ma gear s3 frontier n affiche plus les pas le sommeil ne detecte plus 
les activites et l inativitee ms aussi exercice qd on les contact en posant 
une question il ne réponds jamais",0,1,0,0,dataset_apia2022,1
tree bien,1,0,0,0,dataset_apia2022,1
Ludique,1,0,0,0,dataset_apia2022,1
The best,1,0,0,0,dataset_apia2022,1
C'est génial comme application et tout ce qui s'ensuit aussi,1,0,0,0,dataset_apia2022,1
Bien jusqu'à aujourd'hui où cette application est complètement bloquée,0,1,0,0,dataset_apia2022,1
Beau application merci beaucoup Samsung,1,0,0,0,dataset_apia2022,1
👌👌👌👌👌👌,1,0,0,0,dataset_apia2022,1
Très pratique et précis,1,0,0,0,dataset_apia2022,1
Je suis très satisfaite autant niveau sport que niveau calories. Il manque la dépense énergétique des choses de la vie. Une douche pré parer un repas Mais je reste fidèle à Samsung health,0,0,1,1,dataset_apia2022,1
Je n'ai plus le dénivelé quand je cours ni le tracé. Si pas de retour de ces fonctionnalités je vais changer d appli...mise à jour ne corrigeant rien. Je change d appli....,0,1,0,0,dataset_apia2022,1
Bonne appli et très complète,1,0,0,0,dataset_apia2022,1
plutot simpa a utiliser mai dommage qu il ne prenne pas en conte le D+ ( dénivelé cumulé ) lors de nos activiter . l aplication ce contentera de vous indiquez le point le plus haut et le point le plus bas,1,0,1,0,dataset_apia2022,1
Instructif et complémentaire,1,0,0,0,dataset_apia2022,1
"Je l'utilise pour mes sorties en vélo. Le tableau de bord est sympa mais il y manquait le rythme cardiaque en temps réel. Il existe plusieurs marques de ceintures thoraciques compatibles, mais j'ai préféré rester dans la marque Samsung et j'ai acheté une montre connectée Gear Fit2 Pro. Grosse déception, le rythme cardiaque n'est pas transmis sur le tableau de bord en temps réel pendant l'entraînement ; il faut attendre la fin de l'entraînement pour l'avoir. C'est vraiment m'importe quoi !",1,0,1,1,dataset_apia2022,1
C'est nul,1,0,0,0,dataset_apia2022,1
Régression dernière version. On ne voit plus les durées des différentes périodes du rythme cardiaque par tranche horaire - Normale Moyenne Élevée.,0,0,1,0,dataset_apia2022,1
Efficace pour un suivi sportif multidisciplinaires. En plus des applications connexes pour le bien-être et le sport.,1,0,0,1,dataset_apia2022,1
cest super jaime,1,0,0,0,dataset_apia2022,1
Bonne appli. Fait correctement le travail.,1,0,0,0,dataset_apia2022,1
"J'ai installé cette application il y a peu et impossible de la synchroniser 
avec mon compte Google pour participer aux défis. Pourtant ma 
synchronisation est bien activée...",0,1,0,0,dataset_apia2022,1
Ne fonctionne plus ...,0,1,0,0,dataset_apia2022,1
"Mal intégré dans les commandes de la montre. Pas les mêmes sports disponibles. Peu adapté à la pratique du sport (badminton, tennis de table)",0,0,1,1,dataset_apia2022,1
Pas de problème.,1,0,0,0,dataset_apia2022,1
Formidable,1,0,0,0,dataset_apia2022,1
Très bonne en matière de sport et activité physique surtout le kilométrage,1,0,0,1,dataset_apia2022,1
Les problèmes ont été résolus.,0,0,0,1,dataset_apia2022,1
"Comme beaucoup de monde ici, je ne peux plus utiliser cette application car elle demande l'accès à mes contacts et à l'accès téléphone (passer des appels?). On signale des applis pour moins que ça, je boycotte comme les autres tant que cela n'est pas corrigé. Màj du 07/08 : il est possible de temporairement activer l'accès au microphone et aux appels puis de les bloquer par la suite, manip à effectuer pour être tranquille.",0,0,1,1,dataset_apia2022,1
Comment peut on faire pour récupérer l'ancienne version ? La.maj est une vraie catastrophe...,1,0,1,0,dataset_apia2022,1
"Vraiment dommage, l'app marchait parfaitement sur mon Samsung Galaxy A3 
mais depuis que je l'ai installé sur mon One Plus 6, l'app ne compte plus 
les pas automatiquement. Besoin d'une maj rapidement",0,1,0,1,dataset_apia2022,1
"Simple et efficace, j aime beaucoup",1,0,0,0,dataset_apia2022,1
"Depuis quelques jours, je suis sensée ne plus faire un pas... étrange !",0,1,0,0,dataset_apia2022,1
Satisfaits,1,0,0,0,dataset_apia2022,1
"Appli ne fait même pas la localisation GPS et le nombre de kilomètres 
toujours figer à notre objectif quand on avance.",0,1,0,0,dataset_apia2022,1
"Ne fonctionne pas, impossible de synchroniser avec compte Gmail",0,1,0,0,dataset_apia2022,1
Je ne vois pas en quoi l'accès à notre téléphone vous intéresse ? Pour compter nos pas ? Je desinstalle... votre appli devient trop intrusive... je m'en vais voir ailleurs... bye bye !,1,0,1,0,dataset_apia2022,1
"quand on a une montre connectée et qu'on porte le téléphone sur soi il semble que depuis la dernière maj les pas soient comptés 2 fois. pourquoi n'avons nous le choix qu'entre ""tous les pas"" et ""téléphone uniquement"" on ne pourrait pas avoir montre uniquement?",0,0,1,0,dataset_apia2022,1
Ne fonctionne pas sur pixel4 reste fixer sur connection a Samsung vraiment plate car il fonctionnait bien sur mon ancien cell,0,1,0,0,dataset_apia2022,1
"Depuis la dernière mise à jour, impossible d'utiliser l'application puisqu'il faut tout autoriser et que je ne veux pas. Dommage car l'appli était bien. Résultat : je desinstalle et vais voir ailleurs.",1,0,1,0,dataset_apia2022,1
Belle facon de se motiver,0,0,0,1,dataset_apia2022,1
"Idem pour moi, l'application ne fonctionne plus et me dit que mon tél est rooté",0,1,0,0,dataset_apia2022,1
Très utile et complet,1,0,0,0,dataset_apia2022,1
Application au top qui me permet de me dépasser jour après jour,1,0,0,0,dataset_apia2022,1
Plus de communication entre montre et téléphone gros bug ça soul pour rester poli même après plusieurs réinstallation.,0,1,0,0,dataset_apia2022,1
Ne fonctionne plus les traces GPS s arrêtent des que l écran est éteint,0,1,0,0,dataset_apia2022,1
Bonne appli pour calorie et activité physique mais nulle pour les macronutriments,1,0,0,1,dataset_apia2022,1
"Ne parle pas en français, ???",0,0,1,0,dataset_apia2022,1
"Depuis 2maj obligation de créer un compte samsung, dommage c'était une excellente app,je désinstalle direct à cause de cela 😠",1,0,1,0,dataset_apia2022,1
"Ne compte pas les pas sur la majorité de la journée, cette appli me dit 245 pour aujourd'hui alors que mon autre appli compte presque 10000 pas !!!!! Maj du 15avril , de pire en pire, maintenant l'application veut contrôler les appels et les messages ! Ils enlèvent régulièrement des fonctions sportives mais deviennent de + en + intrusifs dans le contrôle du téléphone !!!! Dire que j'ai racheté un Samsung pour cette appli ! Désinstallée ce matin après plusieurs années d'utilisation, byebye Samsun",1,0,1,0,dataset_apia2022,1
"Ras le bol, couplé avec un bracelet Samsung Fit, l'application me vole régulièrement des pas entre 1000 et 2000, pas de mise en concordance entre le bracelet et l'application...😬",1,1,0,0,dataset_apia2022,1
Appli complète,1,0,0,0,dataset_apia2022,1
J'adore cette application,1,0,0,0,dataset_apia2022,1
très interessant,1,0,0,0,dataset_apia2022,1
"C'est une bonne application pour ce qui est du suivi d'activité et des calories brûlées suivant ces activités, mais pour le suivi alimentaire il y a encore beaucoup à faire, il est très difficile de trouver les bon aliments ou plat cuisiné, quand on les trouve. Certaines données importantes sont manquantes ou erroné (calcium et potassium entre autres). Une recherche par code barre serait vraiment bien",1,1,1,1,dataset_apia2022,1
Excellent ! Thanks for the great app,1,0,0,0,dataset_apia2022,1
"En deux mots, j'adore !",1,0,0,0,dataset_apia2022,1
Pourquoi avoir décidé d'enlever le suivi de la saturation en oxygène. Je le regrette fortement! C'était très utile pour moi. Je suis déçu.,1,0,1,0,dataset_apia2022,1
TRE COLL.. MAIS DANS MON SAMSUNG M10 S IL MANQUE L OPTIONS DE FRÉQUENCES CARDIAQUES ET LE STRESE,1,0,1,0,dataset_apia2022,1
Plus de suivi vélo. Le temps oui mais pas la distance ni le trajet...bref ça ne sert plus à rien depuis quelques semaines... plus de connexion non plus avec mon appli m'y fitness pal. Déçue,1,1,0,0,dataset_apia2022,1
Elle ne me porte pas la vérité de l'activité que je mène .,0,1,0,0,dataset_apia2022,1
"Bonjour, Je ne trouve plus sur mon S21 Ultra dans l'application Samsung Healt la possibilité de prendre ma fréquence cardiaque et mon stress. Cela ne fonctionne que par ma Galaxy Watch. Cependant il n'y a plus la valeur de l'oxygène dans le sang. Pour prendre ces mesures, sur mon Gakaxy S10, j'avais la possibilité de prendre ces mesures directement par le Phone. Avec le Galaxy S21 Ultra et avec tous les capteurs il n'y a plus cette possibilité. Est-ce normal? Merci de votre réponse",0,0,1,0,dataset_apia2022,1
"Perte de fonctionnalités depuis la MAJ. Exemple : suivi de poids, il n'y a plus l'option pour suivre l'évolution du poids par semaine/mois. Vraiment déçue",1,0,1,0,dataset_apia2022,1
"Depuis quelques mois je n'ai plus que la durée de l'exercice mais plus la 
distance. Dommage pour les balades vélo... Pourtant la fonction GPS 
fonctionne...",0,0,1,0,dataset_apia2022,1
Je n'ai aucun besoin de cette application imposée que je ne peux pas retirer,0,0,1,0,dataset_apia2022,1
"Quelques lacunes:Pas possible de rajouter du temps de marche si le téléphone à été oublié, des fois ça compte des pas en voiture,",0,0,1,0,dataset_apia2022,1
L'audio n'est pas en français. Les distances sont totalement fausses,0,1,1,0,dataset_apia2022,1
Je ne peux plus utiliser l'application non plus on me dit que le téléphone est roote alors quelle fonctionnait parfaitement il y a encore quelques semaines..,0,1,0,0,dataset_apia2022,1
Pas possible de connecter une montre de sport Garmin fenix! C'est pourtant une référence dans le monde du sport!,0,0,1,0,dataset_apia2022,1
"Excellente appli. Avec des stat hebdo, mensuelles et annuelles pour suivre ses activités. De récentes mises à jour la rendent encore plus attractives. Avec la montre connectée, un couple parfait.",1,0,0,1,dataset_apia2022,1
"Bonne application, sympa et pratique. Mais depuis la dernière mise à jour , j'ai un soucis pour inscrire mes repas : je ne peux inscrire que 1 aliment à la fois dans le repas il faut que j'enregistre chaque fois entre aliments sinon ça bug !! 😳😳",1,1,0,0,dataset_apia2022,1
Depuis la dernière maj nous sommes obligé de donner une autorisation afin que cette application de santé gère des appel à notre en place. Une appli de santé n'as rien à faire avec ces autorisations si cela n'est pas modifiée comme d'autres je ne m'en servirai plus. Même si cela implique que j'aurai perdu toutes les données que j'ai mis précieusement dans cette apli,1,0,1,0,dataset_apia2022,1
J'adore cette appli parce qu'elle est très complète mais il manque quelque petit truc notamment : dans les activités il manque faire le ménage ! Ca serait bien de rajouter son humeur du jour parce qu'au moins on peut faire le lien entre la qualité du sommeil ou la quantité de nourriture ingérée Et pouvez vous ajouter les mL svp c'est plus simple,1,0,1,0,dataset_apia2022,1
C'est bien!,1,0,0,0,dataset_apia2022,1
Très bonne application. J'aime beaucoup.,1,0,0,0,dataset_apia2022,1
L'application refuse de démarrer,0,1,0,0,dataset_apia2022,1
mortel,1,0,0,0,dataset_apia2022,1
"Application que j'utilise maintenant depuis plusieurs mois. Je n'ai pas encore tout exploité mais je trouve cette appli vraiment bien. Elle manque un peu d'explications parfois. Depuis quelques temps, elle n'enregistre pas complètement mes trajets car je l'utilise beaucoup pour la marche, elle omet quelques distances et donc je n'ai pas le résultat réel de ma marche. Je conseille cette appli mais faites quelque chose pour les quelques bugs. Merci",1,1,1,0,dataset_apia2022,1
Mise à jour détestable,1,0,0,1,dataset_apia2022,1
Je trouve cette application très utile Je voudrais proposer de pouvoir venir sur le jour Davant pour remplir des infos qu'on aurait oublié car dépasé minuit c'est impossible Et ça serait magnifique d'ajouter les prises médicamenteuse ou de vitamines MERCI,1,0,1,0,dataset_apia2022,1
Magnifique extra,1,0,0,0,dataset_apia2022,1
"Contente de l'application, mais depuis quelques jours sa ne comptabilise plus les pas et la montée d'étage .",1,1,0,0,dataset_apia2022,1
"Je me sers tout les jours de cette application et elle est plutôt cool, mais je trouve que certaines choses devrait être mise à jour. Comme les exercice qu'on fait sur les autres application, nous ne pouvons pas rentrer nous même les calories que nous avons perdue, etc",1,0,1,1,dataset_apia2022,1
Une tres bonne application qui nous suit au quotidien. Puis on se prend vite au jeu des défis mensuels.,1,0,0,1,dataset_apia2022,1
c'est exceptionnelle,1,0,0,0,dataset_apia2022,1
"Bug à la mise à jour, j'ai dû desinstaller et réinstaller !!!",0,1,0,0,dataset_apia2022,1
nice,1,0,0,0,dataset_apia2022,1
Excellente application du quotidien,1,0,0,0,dataset_apia2022,1
Excellente application J'ai adoré les chalenges ils sont très motivants,1,0,0,1,dataset_apia2022,1
Superbe application !! Juste parfait !!!,1,0,0,0,dataset_apia2022,1
Tres bien!,1,0,0,0,dataset_apia2022,1
"J'en suis très satisfait, le suivi est très précis. Merci et bonne continuation à toute l'équipe",1,0,0,1,dataset_apia2022,1
Depuis le changement de GSM ( s7 à s20) il n est plus possible d avoir l oxygène dans le sand et la fréquence cardiaque. Réponse de samsung: galaxy store et prendre l appli samsung health monitor. Cette appli n est même dispo sur le store !!! Pourquoi ne pas laissé les informations disponibles ???,0,1,1,0,dataset_apia2022,1
J'arrive pas mesurer ni le oxygene ni fréquence cardiaque,0,1,0,0,dataset_apia2022,1
bien application,1,0,0,0,dataset_apia2022,1
"Était très pratique pour suivi activite et alimentation mais on nous annonce la fin de la gestion du poids. Furax, je ne mets pas à jour et je cherche une autre appli. Je mortaise c'e commentaire pratique pour ceux qui en aurai er ont besoin : il faut installer le widget sur certains appareils ( fait sur Huawei) pour que le comptage des pas se fasse en permanence.",0,0,1,1,dataset_apia2022,1
"Très perfectible mais reste tout de même efficace, si on est rigoureux.",1,0,0,0,dataset_apia2022,1
Très bonne appli et intuitive.,1,0,0,0,dataset_apia2022,1
Je l'utilise tous les jours pour mon de port contidien,0,0,0,1,dataset_apia2022,1
S'est un peu amélioré depuis la dernière màj. Des progrès à faire.,1,0,0,0,dataset_apia2022,1
"Assez déçue, cela fonctionnait très bien avant (il y a 3 ans), aujourd'hui, cela ne compte pas les pas quand l'application n'a pas été mise en route avant... Très dommage",1,1,0,0,dataset_apia2022,1
où est passé l'historique de mes données? Je n'ai que les 30 derniers jours!!! c'est inadmissible!!!,1,0,1,0,dataset_apia2022,1
Comment je peux avoir la version précédente!??je regrette bien d'avoir installer cette version!!,1,0,0,0,dataset_apia2022,1
"Une application très intéressante, fluide et complète = ergonomique",1,0,0,0,dataset_apia2022,1
"Le calcul des calories est totalement erroné (comparaison faites avec 2 autres montres), ce qui rend la montre Samsung inutile pour ceux qui ont besoin de connaître les calories brûlées quotidiennement.",0,1,0,0,dataset_apia2022,1
sympa et ludique avec les défis,1,0,0,0,dataset_apia2022,1
"Très intéressant pour moi , merci",1,0,0,0,dataset_apia2022,1
C'est une bonne application merci,1,0,0,0,dataset_apia2022,1
"Depuis la dernière version, impossible d importer des données de course de l application DÉCATHLON COATCH! Plus d accès au mode développeur",0,1,0,0,dataset_apia2022,1
application compléte et facile..👍,1,0,0,0,dataset_apia2022,1
J'ai perdu 7 kg en 4 mois grâce à l'application,0,0,0,1,dataset_apia2022,1
Super quand tu fais du Sport,0,0,0,1,dataset_apia2022,1
"L'application ne s'ouvre plus sur Samsung Galaxy S6 Edge depuis la mise à jour, ça m'embête beaucoup et je ne veux pas perdre mes données en réinstallant l'application",0,1,0,0,dataset_apia2022,1
J ai adoré,1,0,0,0,dataset_apia2022,1
"IDEM QUE POUR LES AUTRES UTILISATEURS :J'ai utilisé cette application depuis plusieurs années, avec satisfaction. Elle impose à présent d'accéder aux informations personnelles contenues dans mon téléphone. Pour moi c'est non négociable. Cela remet aussi en cause l'utilisation de ma montre Samsung connectée. La prochaine fois je n'achèterai plus de produits Samsung",1,0,1,0,dataset_apia2022,1
Mesures pas précises pour la course à pied,0,1,0,0,dataset_apia2022,1
"J'utilise Samsung health pour mes running quotidien via ma montre samsung Galaxy watch. Avant la montre éclairait toute seule à chaque kilomètres pour je me puisse regarder mon temps kms après kms. Mtn la montre me donne toujours les infos vocales tous les kms mais l'écran ne s'allume plus, je ne peux pas voir les infos, obligé d'appuyer sur un bouton pour que l'écran s'allume et que je puisse voir les infos de course. Pas pratique quand on cours quand même. Pouvez me dire comment faire ? Merci",0,1,0,1,dataset_apia2022,1
Very disappointed: the calory balance was removed with the latest update. I used it to evaluate approximately how much I ate and burned. I really miss this feature.,1,0,1,1,dataset_apia2022,1
pratique et gratuit,1,0,0,0,dataset_apia2022,1
application géniale qui devient inutile suite à une MaJ qui enlève le suivi calorique dommage l application et la montre perdent leur principale utilisation,1,0,1,0,dataset_apia2022,1
Très bon application merci beaucoup,1,0,0,0,dataset_apia2022,1
"un message d""erreur apparait en me disant quenle téléphone est rooté alors que personne n'a mis sa main sur et avant ça marchait normalement. je n'arrive plus a consulter mes données.",0,1,0,0,dataset_apia2022,1
Médiocre,1,0,0,0,dataset_apia2022,1
"Cette application est un bon moyen de se motiver à bouger, chacun à son rythme mais sûrement et quotidiennement. Par contre l'adequation.entre le.nombre de calorie ingurgitée et le poids perdu n'est pas compréhensible.",0,0,1,1,dataset_apia2022,1
Et la gestion du poid sur cette maj! A remettre! Sinon aucune raison de ne pas préfèrer la pomme et sa montre. Comment on fait pour remettre la version précédente ?,0,0,1,0,dataset_apia2022,1
Bug relatif au nombre de pas comptés,0,1,0,0,dataset_apia2022,1
probablement l'application la plus utile. parfaite!,1,0,0,0,dataset_apia2022,1
🤔👍,1,0,0,0,dataset_apia2022,1
"Je vois pas pourquoi installer cette application vu qu'elle ne sera plus disponible en mars 21 pour une version Android, tout comme le rythme cardiaque à été supprimé. C'est du n'importe quoi",1,0,1,0,dataset_apia2022,1
"Depuis la mise a jour je suis incapable d'ouvrir l'application, car ils me disent que je dois me reconnecter et ferme automatique.... Donc aucune option possible....j'ai donc une montre Samsung que je ne peux même plus utilisée avec mon téléphone... Ouf déçu de Samsung..",1,1,0,0,dataset_apia2022,1
Superbe application. On suit notre évolution en toute simplicité,1,0,0,1,dataset_apia2022,1
Je suis contente d avoir cette application et me motiver chaque jour d en faire plus.,0,0,0,1,dataset_apia2022,1
"Super bien, pratique propose même 'es périodes de sommeil en fonction de l'utilisation de mon téléphone pour ajuster mon sommeil. Super !",1,0,0,1,dataset_apia2022,1
Connexion difficile avec la montre,0,1,0,0,dataset_apia2022,1
Hyu,1,0,0,0,dataset_apia2022,1
"Avant elle fonctionnait parfaitement maintenant après une réinitialisation de ma montre (du a un beug) je ne peux plus m'y reconnecter. Il me mettent que ça a planté. Je m'en fous que vous sachiez ma position. mais alors envoyé moi le message de verifio, j'ai des problème avec mon numéro de téléphone OK sa je le sais mais donnez au moins la possibilité de réservoir le code par message, car c'est juste chiant",1,1,0,0,dataset_apia2022,1
Je n'arrive pas à désinstaller l'application il y a que l'option mise 1 jour,0,0,1,0,dataset_apia2022,1
Trop bien avec la Galaxy Watch,1,0,0,1,dataset_apia2022,1
"impossible de modifier le guide audio durant la course! donc après 1 ans de 
service, je jette l éponge",0,0,1,0,dataset_apia2022,1
"Bonjour, je ne sais pas si il y a ce programme et que je suis tomber à côté.. Mais je voudrais savoir si vous mettez des programmes de fractionné ? Sinon j'adore cette application, très intuitive et pro",1,0,1,0,dataset_apia2022,1
il y'a un problème sur l'application. un msg s'affiche indiquant que mon téléphone est rooté alors que ce n'est pas le cas,0,1,0,0,dataset_apia2022,1
bonne appli mais utilise beaucoup de batterie sur mon j6+,1,0,0,1,dataset_apia2022,1
Très fun,1,0,0,0,dataset_apia2022,1
dommage que après mise à jour l'indice UV et la mesure de la saturation ont disparus,0,0,1,0,dataset_apia2022,1
Pourquoi l'appli a besoin des accès pour pouvoir passer des appels téléphoniques ?!,0,0,1,0,dataset_apia2022,1
"Avec mon s8 je n'avais aucun soucis l'application marchait très bien. Je suis passé au Huawei p20 pro j'ai voulu conserver cette appli car toutes mes données étaient enregistrées mais ça ne comptabilise pas les pas, ne me demandes pas non plus pour le sommeil... Je trouvais ça bien que je puisse m'en servir avec un Huawei mais finalement pas complète dommage..",0,0,0,1,dataset_apia2022,1
Pas de cardio pas d'altitude. Comment peut-on proposer une application sportive qui ne permette pas de coupler un cardio et une montre Galaxy watch? Surtout quand on constate que le cardio intégré a la Galaxy ne fonctionne pas du tout. Et pourquoi faire l'impasse sur le dénivelé + pour les coureurs? Aucun intérêt.,1,0,1,0,dataset_apia2022,1
"L'utilisation des aliment est peu enrichi, si je fait une cure de vitamine 
ou mes protéine ne sont pas enregistré",0,0,1,0,dataset_apia2022,1
Je suis pas sur de la fiabilité des données.. Et surtout ce que je comprend pas pour le sport il y a un grand choix de sports pour nous en mettre pleins les yeux mais au final impossible de les avoir sur les montres Samsung il ya juste les exercices du muscu et la marche ( marche / course /randonné). Donc moi qui pratiques des sport de raquettes très decu de pas avoir de suivis.,0,0,1,1,dataset_apia2022,1
Très sympa. comme application..,1,0,0,0,dataset_apia2022,1
L'application a cessé de fonctionner depuis hier!,0,1,0,0,dataset_apia2022,1
"Je ne peux pas me connecter à mon compte , la page charge en continue ... Un peu déçu ...",1,1,0,0,dataset_apia2022,1
"Cette application me sert surtout pour mes rando vtt. C'est très fidèle sur le parcours et très intéressant sur pleins d'autres informations. Avant le dénivelé effectué était calculé, apparemment cette fonction n'y est plus... @+++",0,0,1,1,dataset_apia2022,1
Depuis la dernière mise a jour impossible de synchroniser ma montre avec l'application,0,1,0,0,dataset_apia2022,1
"Despite renewing my pass word, removing the app. Rebooting the phone installing again. I can only see a wheel turning... What a good health it has...😨",0,1,0,0,dataset_apia2022,1
trew bien,1,0,0,0,dataset_apia2022,1
Bien facile,1,0,0,0,dataset_apia2022,1
Bonne appli. cependant depuis deux mois mes parcours et defis ne sont pas enregistrés au total mais juste par jour. car il me dit ne pas pouvoir vérifier mon identité. dc un gros 👎 car me remettre au spirt est difficile et. tous mes resultas sont faussés. comment y remédier.,1,1,0,0,dataset_apia2022,1
"Utilisation depuis quelques années. Et là, depuis peu il me multiplie par trois le Kcal brûlé. A revoir...",0,1,0,0,dataset_apia2022,1
À quand un compteur de défi pour les cyclistes ?? Sa aurait été bien quand même,0,0,1,0,dataset_apia2022,1
Oh top moi qui effectue plusieurs fois des séances de sport des marathons et bien d'autres domaines c'est vraiment intéressant,1,0,0,1,dataset_apia2022,1
Cette apli est top,1,0,0,0,dataset_apia2022,1
Elle bug souvent,0,1,0,0,dataset_apia2022,1
"Depuis la mise a jour, j'ai perdu l'historique de mes footings avec ma montre wearsport. Je ne vois plus mon historique et mes stats comme si l'appli ne traite plus les Donny de ma montré",0,1,1,0,dataset_apia2022,1
j'adore,1,0,0,0,dataset_apia2022,1
"C'est une super application ! Mais malheureusement on ne sait pas pourquoi ils ont arrêté la synchronisation avec fitbit, c'est vraiment dommage !!!!",1,1,0,0,dataset_apia2022,1
Ça fait plusieurs fois que le compteur de pas ne s'actualise pas et que je perds du coup ma progression de la journée (25 minutes de marche qui passent ainsi à la trappe). et ce dit depuis la MAJ,0,1,0,0,dataset_apia2022,1
"Ne fonctionne pas sur honor 20. L'application reste bloqué au tout début, elle charge à l'infini juste après la connexion au compte samsung. Je suis vraiment déçue.",1,1,0,0,dataset_apia2022,1
"Très complet et motivant pour s'entrainer Pratique pour les sessions en 
vélo ou en running 🖒",0,0,0,1,dataset_apia2022,1
"Depuis la dernière mise à jour c'est désastre, alors qu'avant hyper contente. Est-il possible de revenir à l'ancienne version? Sinon je ne m'en sers plus",1,0,0,0,dataset_apia2022,1
Manque plus qu'un mode nuit pour que ce soit parfait,0,0,1,0,dataset_apia2022,1
Depuis la dernière MAJ je fais à mon avis beaucoup de kms même en restant à la maison et en posant le téléphone je fais plus de 6kms c'est formidable tout est complètement faux revoyez vite cette MAJ comme avant sinon elle ne me sert à rien,0,1,0,0,dataset_apia2022,1
le dark mode serait le bienvenu,0,0,1,0,dataset_apia2022,1
Good job,1,0,0,0,dataset_apia2022,1
"Impossible de valider les conditions depuis la mise a jour de ce matin.. l 
appli bug et redémarre",0,1,0,0,dataset_apia2022,1
"Fonctionne automatiquement des que l'on commence l'activité. Super motivant 
avec les défis. J'adore.",1,0,0,1,dataset_apia2022,1
moyen,1,0,0,0,dataset_apia2022,1
application globalement bien. Seul gros point négatif les défis globaux dans l'onglet partage il y a beaucoup de tricheurs ce qui fausse totalement le classement des défis et donc ne permet pas de vraiment voir le niveau réel des autres. très dommage le problème existe depuis longtemps et n'a jamais été résolu par Samsung.,1,0,1,0,dataset_apia2022,1
Connection impossible lors de la saisie d'un code d'activation après plusieurs tentative. BIDON !!! Pour une enseigne comme Samsung.,1,1,0,0,dataset_apia2022,1
Très belle application. Merci,1,0,0,0,dataset_apia2022,1
j'adore et l'interface et super design !,0,0,0,1,dataset_apia2022,1
des choses à améliorer mais très bien,1,0,0,0,dataset_apia2022,1
Dernier Widget affreux. Remettre l'ancien avec seulement le nombre de pas. Laisser la possibilité de supprimer le cœur.,0,0,1,0,dataset_apia2022,1
appli bien,1,0,0,0,dataset_apia2022,1
Super appli facile à utiliser,1,0,0,1,dataset_apia2022,1
Manque de compatibilité avec d'autre application ... dommage,0,0,1,0,dataset_apia2022,1
Réussi votre application bravo,1,0,0,0,dataset_apia2022,1
"Cela fonctionnait très bien, mais depuis plusieurs jours, plus moyen d'encoder les repas, toutes les kcal sont a zéros. Plus d'enregistrement sommeil. Plus de contrôle poid que j'avais pourtant garder sur ma montre jusqu'ici. Bref, plus grand chose d'intéressant qui fonctionne !",1,1,0,0,dataset_apia2022,1
Super cool !!!,1,0,0,0,dataset_apia2022,1
"Je n'arrive pas a me connecter, l'écran de chargement reste bloqué",0,1,0,0,dataset_apia2022,1
Oui très bien,1,0,0,0,dataset_apia2022,1
Application inutile pour l'ECG et la tension si vous avez un téléphone d'une autre marque que Samsung... C'est plus que dommage....,1,0,1,0,dataset_apia2022,1
À chaque fois qu'il y a une mise à jour c'est moins bien! Maintenant je ne peux plus mettre le chronomètre en décroissant et moi je tiens à ça alors je vais désinstaller! Bon je fais mon mea culpa c'est moi qui n'y arrivais pas. Je ne désinstalle pas... 😁😏😇😎,1,0,1,0,dataset_apia2022,1
Pas précis. Il compte 20% en plus pour la distance.,0,1,0,0,dataset_apia2022,1
Ça marche pas,0,1,0,0,dataset_apia2022,1
"Super, c'est cool.",1,0,0,0,dataset_apia2022,1
libre de pas,0,0,0,1,dataset_apia2022,1
moi moi l,1,0,0,0,dataset_apia2022,1
Peu de possibilité. Pas mal de problemes dans l application. Impossible d avoir un vrai suivi pour chaque activité.,0,1,0,0,dataset_apia2022,1
J'adore cette Application tout y est géniale et surtout compatible avec d'autres applications. Je la recommande sans hésitation !!,1,0,0,1,dataset_apia2022,1
j'aime bien ce systeme si meme si sa reste pas tro preci dans les pas et sa me motive un peu plus dan le spor mer ci leqipe,1,0,0,1,dataset_apia2022,1
Nouvelle version nulle. Ou est la gestion du poids ?,1,0,1,0,dataset_apia2022,1
"Super application ! Le seul bémol, je parle moi... Il est dommage que l'on ne puisse l'adapter aux personnes à mobilité réduite (j'ai une spondylartrite ankylosante et se serait très sympa que l'on pense à ajouter des exercices adaptés ! Merci d'avance. Une petite idée pour les développeurs ?",1,0,1,0,dataset_apia2022,1
"Si l'appli se ferme au lancement, il faut la réinstaller... Et ça se reproduit en activant la synchronisation des données de santé avec Samsung. Obligé de desintaller l'appli pour reset le paramètre... Quand parfois je peux ouvrir l'appli, elle se ferme quand j'ouvre ""sommeil"". Samsung, êtes vous conscient de ces problèmes ? Prévoyez vous de fixer cela rapidement ?",0,1,0,0,dataset_apia2022,1
Comme d'habitude c'était mieux avant ! Je désinstalle.,1,0,1,0,dataset_apia2022,1
J'adore le défi avec les autres,1,0,0,0,dataset_apia2022,1
Permet un très bon suivi. J'adore !,1,0,0,1,dataset_apia2022,1
Cette application permet d'aller au delà des limites !!!,0,0,0,1,dataset_apia2022,1
Tres sympa :) on en fait des kilomètres avec haha,1,0,0,1,dataset_apia2022,1
"Depuis la mise à jour récente, l'application ne se connecte plus à mon compte Samsung et impossible de calculer mes pas, très déçue !!! Appli inutilisable !!!",0,1,0,0,dataset_apia2022,1
"A force de supprimer les fonctionnalités cette application ne sert plus à rien ! De plus, le marché de dupe des soit-disant synchro avec les montres et les évolutions promises lors de leurs sorties fleurent bon la tromperie. Je suis un Samsung fan déçu, ...très déçu.",1,0,1,0,dataset_apia2022,1
M aide à prendre conscience de ce que je fais,0,0,0,1,dataset_apia2022,1
Je ne peut plus ajouter de repas supplémentaires,0,1,0,0,dataset_apia2022,1
"Bonjour, J'ai changè de GSM ce week end. La version de l'App. sur le Samsung S7 me convenait parfaitement. Depuis que j'ai le S8...non... Hier mes pas n'ont pas été comptabilisés alors que j'ai beaucoup marché.... Ce matin app. bloquée 🤨🤔",0,1,0,1,dataset_apia2022,1
tro bien,1,0,0,0,dataset_apia2022,1
tres utiles,1,0,0,0,dataset_apia2022,1
Une application au top,1,0,0,0,dataset_apia2022,1
je cours pour perdre du poids.,0,0,0,1,dataset_apia2022,1
Bonne motivation,1,0,0,0,dataset_apia2022,1
Il faut juste faire plus de fonctionnalités sur la partie communauté,0,0,1,0,dataset_apia2022,1
Merci pour le dark mode,0,0,0,1,dataset_apia2022,1
Encore une application qu'on ne peut pas supprimer du smartphone samsung... 100mb d'utilisé en plus dans la mémoire pour rien... 😕,1,0,0,0,dataset_apia2022,1
Depuis qlq mois impossible de se connecte sur huawei,0,1,0,0,dataset_apia2022,1
Applications agréable tout au long de la journée. Elle m'aide à me fixer des objectifs,1,0,0,1,dataset_apia2022,1
POURQUOI ? Pourquoi avoir enlevé la mesure rapide de fréquence cardiaque 😭😭,0,0,1,0,dataset_apia2022,1
super application ! on se prend vite au jeux,1,0,0,0,dataset_apia2022,1
Impossible de ce connecter à l'application cercle bleu et vert en continu quand on rentre le compte Samsung,0,1,0,0,dataset_apia2022,1
Application qui bugg depuis mise à jour,0,1,0,0,dataset_apia2022,1
C'est quoi cette histoire d'accès à mon téléphone ? Trop louche et non transparent!,0,0,1,0,dataset_apia2022,1
Cette appli est géniale!,1,0,0,0,dataset_apia2022,1
Parce que je vous refuse l'accès à mon téléphone et aux photos je ne peux pas avoir accès votre application Pourtant cela fait des années que je l'utilise sans problème Je suis très déçue 😞,1,0,1,0,dataset_apia2022,1
nullllll,1,0,0,0,dataset_apia2022,1
Depuis la mise à jour du 6 août 2020j ai perdu route mes données cardiaque et de plus avant sa m' indiquait heure par heure mes pulsion cardiaque maintenant sa m indique que les plus base et plus enlever de la journée et que quand on fait des effort n est plus indiquer mon rythme cardiaque au repos heure par heure comme avant vraiment très dessus de la nouvelle version,0,1,1,0,dataset_apia2022,1
l'app ne pas marcher en samsung galaxi s6 edge plus . pourquoi ?????,0,1,0,0,dataset_apia2022,1
"Depuis la dernière MAJ, l'application me demande d'accéder aux fonctions téléphoniques (réceptions et appels indépendants de ma volonté). Je refuse absolument ce qui entraine une fermeture de l'application ! Si cela n'est pas supprimé d'urgence, je change d'application 👎",1,0,1,0,dataset_apia2022,1
"Depuis la dernière mise à jour, je suis très déçue par la fonction sommeil: à mon réveil je constate que les heures de coucher et de réveil ne correspondent pas avec celles de la montre qui sont justes, de plus à mon réveil l'application me compte des pas, alors que je ne suis pas somnambule... Constatant ces dysfonctionnements depuis peu et vu la déception d'un grand nombre de personnes concernant l'intrusion à la vie privée, je décide de désinstaller.",1,1,0,0,dataset_apia2022,1
L'application ne s'ouvre plus du tout...,0,1,0,0,dataset_apia2022,1
ne compte pas tous les pas,0,1,0,0,dataset_apia2022,1
Moyen mais peut dépanner,1,0,0,0,dataset_apia2022,1
Cette nouvelle version est une vrai régression je suis completement déçue!!,0,0,0,1,dataset_apia2022,1
N'est pas compatible avec trackeur d'activité d'autre marque et c'est illégale cela s'appelle une vente liée et ça fait ch..r,0,0,1,0,dataset_apia2022,1
C' est mieux l' ancienne version,1,0,0,0,dataset_apia2022,1
De nouveau la liaison avec Strava et MyfitnessPal fonctionne bien. Du coup c'est parfait.,1,0,0,1,dataset_apia2022,1
J'ai dejas utilisé cette application génial,1,0,0,0,dataset_apia2022,1
Super application que j'utilise tous les jours pour voir le nombre de kilomètres parcourus et mesurer les pulsations,1,0,0,1,dataset_apia2022,1
App très utile je recommande,1,0,0,0,dataset_apia2022,1
Très bonne appli ... manque la liaison avec ma balance Withings ce qui me laisse franchement surpris compte tenu de la popularité des deux environments ... à quand une expérience Samsung+Withings digne de ce nom ?,1,0,1,0,dataset_apia2022,1
Dernière utilisation le 09 octobre puis l'application a disparue de mon écran. Je pense que la dernière mise a jour en est la cause. Application pas vraiment nécessaire mais sympa.,1,1,0,0,dataset_apia2022,1
Oui c'est bien,1,0,0,0,dataset_apia2022,1
"Elle se met en pause quand le gps n'est pas reconnu donc tout le temps obligée de ""reptendre""",0,1,0,0,dataset_apia2022,1
Impossible de désinstaller,0,1,0,0,dataset_apia2022,1
Pas mal du tout !,1,0,0,0,dataset_apia2022,1
Au top sauf la synchro a strava trop longue obligé de faire des imports manuellement pour aller plus vite dommage donc 3 étoiles,1,0,1,0,dataset_apia2022,1
"Sympathique, je l'aime beaucoup mais pourrait-on ajouter le fonction spinning ?",1,0,1,0,dataset_apia2022,1
Fabuleux,1,0,0,0,dataset_apia2022,1
"Suite à un problème avec mon téléphone, On me l'a changé et depuis certaines applications ne se synchronisent plus avec ma montre. Réveil, marche sur tapis les pas et les calories ne sont pas calculés. baromètre et altimètre ne s'actualisent plus",0,1,0,0,dataset_apia2022,1
"bonne appli, assez juste, plein de possibilités d'entraînements.",1,0,0,1,dataset_apia2022,1
très bon application qui aide à faire plus activités,1,0,0,1,dataset_apia2022,1
J'aime bien cette application comme ça elle peut nous dire combien a fait de mars de vélo et du Sport et plein d'autres aussi vous pouvez choisir,1,0,0,1,dataset_apia2022,1
The best app ever I put my own salade and I lose 5% fat on one week,1,0,0,1,dataset_apia2022,1
bonne application mais j'aurais aimé la fonction respiration et stress avec la watch comme avec l active puisque c'est la même application,1,0,1,0,dataset_apia2022,1
Bonjour Samsung. Pouvez-vous épondre aux nombreuses critiques faites sur cette nouvelle version par les utilisateurs ? Prévoyez-vous des modifications ?,0,0,1,0,dataset_apia2022,1
je suis tres satisfait de cette experience,1,0,0,0,dataset_apia2022,1
Excellent j'adore.,1,0,0,0,dataset_apia2022,1
Bien pour moi,1,0,0,0,dataset_apia2022,1
"Deçu, pas de voix française Le nombre d'escaliers montés ne fonctionne pas",0,1,1,0,dataset_apia2022,1
Ne sert a rien installation impossible,0,1,0,0,dataset_apia2022,1
Nice app,1,0,0,0,dataset_apia2022,1
"La nouvelle mise a jour a rendu l'application quasiment identique a l'application health de Nokia. Mais c'est une CATASTROPHE, surtout pour les personnes qui pratiquent plusieurs sports c'est beaucoup long pour voir ses statistiques, il y a moins d'elements sur la page d'accueil et ils sont beaucoup tros gros (en particulier le dispositif de suivi de pas, qui n'est toujours pas desactivable et beaucoup plus gros sur l'ecran). En bien evidemment impossible de revenir sur l'ancienne interface.",1,0,1,1,dataset_apia2022,1
La mise à jour a mis l'assistant vocal en anglais et impossible de modifier la langue alors que mon appareil est en français... quelle catastrophe !!,1,1,0,0,dataset_apia2022,1
Manque de précision sur les histogrammes,0,0,1,0,dataset_apia2022,1
Depuis le 14 septembre 2020 mes pas ne sont plus comptabilises avec Samsung Health. Que se passe-t-il ? Jusqu'ici tout zllait bien et brusquement je n'ai plus cette fonction. Quelqu'un s'est-il trouve dans la meme situation? C'est rageant et frustrant.,1,1,0,0,dataset_apia2022,1
Ne fonctionne pas sur mon téléphone Samsung j4+ Reçois un message accès refusé,0,1,0,0,dataset_apia2022,1
"Il est vraiment très dommage que l'on ne puisse pas régler la longueur du pas. Lorsque je compare la distance parcourue avec une vraie appli de randonnée avec GPS, la différence est très flagrante.",0,0,1,0,dataset_apia2022,1
Pourquoi n 'ouvrire pas dans le j3 pro,0,1,0,0,dataset_apia2022,1
La plus complète des applications sports que j'ai pu tester et pourtant je viens de la pomme et j'aime trop cette application,1,0,0,0,dataset_apia2022,1
Mais pourquoi imposée la double authentification ?,0,0,1,0,dataset_apia2022,1
Attention ⚠️ il faut avoir une montre Samsung pour utiliser toutes les fonctionnalités. Pourquoi ne pas accepter d'autres marques de montres connectées ?,0,0,1,1,dataset_apia2022,1
Plus de synchronisation des activités depuis la dernière mise à jour 😑,0,1,0,0,dataset_apia2022,1
"Depuis que j'ai réinitialisé mon téléphone, j'ai perdu toutes les données, normal mais surtout impossible d'ouvrir l'application qui me me renvoi sur les paramètres où j'ai tout accordé et qui ne s'ouvre toujours pas. Pourquoi toujours vouloir changer quelque chose qui marche très bien,en quelque chose d'impossible à utiliser et nous pousser à télécharger au final une application bien plus simple ????",0,1,0,0,dataset_apia2022,1
C'est un app qui aide bcp,1,0,0,0,dataset_apia2022,1
"J'avais cette appli il y a longtemps. Je l'ai réinstallée sur mon nouveau téléphone au printemps, pas de souci. Mais j'avais dû la supprimer. Aujourd'hui, je la réinstalle, impossible de me connecter. Je me suis créé un nouveau compte avec une autre boîte mail mais ça ne marche toujours pas, l'appli mouline indéfiniment... NUL !!!",1,1,0,0,dataset_apia2022,1
vraiment cool,1,0,0,0,dataset_apia2022,1
"Jaime bien les défis, ont peut le faire avec un ami ca motive ...😉😉",0,0,0,1,dataset_apia2022,1
"Belle application, il manque la possibilité de voir nos totaux annuel.",1,0,1,0,dataset_apia2022,1
"Depuis une mise à jour, la courbe de poids ne s'affiche que pour une semaine. Cela n'a aucun intérêt. Une courbe de poids doit pouvoir se visualiser sur plusieurs mois, voir plusieurs années.",0,0,1,0,dataset_apia2022,1
Mesures cardiaque ne marche pas souvent,0,1,0,0,dataset_apia2022,1
"Très satisfait de l'application. Un irritant très mineur : si je marche 41 m. 59 s., il va comptabiliser 41 minutes pour la durée de la marche.",1,1,0,0,dataset_apia2022,1
Bien. C'est dommage que l'application ne soit pas compatible avec n'importe quel montre connectée,1,0,1,0,dataset_apia2022,1
"Bonne application mais samsung devrais surveiller les cheaters sur les 
défis proposé parce que faire 170000 pas ,en a peine 12 heures tout ça pour 
améliorer son classement. Je vois pas l'intérêt et surtout c'est vraiment 
demotivant pour ceux qui le font sérieusement",1,0,1,0,dataset_apia2022,1
"""samsung health a besoin de l'autorisation pour passer et recevoir des appels téléphoniques"" Mon numéro de carte bleue et le cryptogramme aussi? Tiens et j'ajouterai ""allez vous faire foutre"", c'est gratis",0,0,1,0,dataset_apia2022,1
"Bonne application mais malheureusement PAS DE POSSIBILITÉ D'INTEGRER L'APPAREIL DEXCOM G5 (DIABÈTE) DANS L'APPLICATION, ce qui serait très utile. Pourriez-vous le mettre en œuvre (synchroniser les données DEXCOM à Samsung Health) merci.",1,0,1,0,dataset_apia2022,1
L'application ne s'ouvre même pas ! Quand je me connecte il y a un chargement qui tourne à l'infini et ne s'ouvre pas c'est un scandale,0,1,0,0,dataset_apia2022,1
Simple convivial indispensable,1,0,0,0,dataset_apia2022,1
l'application beug j'arrive plus à rien,0,1,0,0,dataset_apia2022,1
J'utilise cette application depuis des années et la depuis la mise à jour il faut donner les données du tel pour utiliser il est hors de question même si j'étais accro à l'application c'est inadmissibles pfff ça me dégoûte....,1,0,1,0,dataset_apia2022,1
pour la marche à pied ne mesure pas bien les distance : indique 10km au lieu 8km par exemple. pert régulièrement la connexion avec le gps ce qui donne un tracé incomplet du parcours.... ceci avec un Galaxy s5,0,1,0,0,dataset_apia2022,1
Bien app,1,0,0,0,dataset_apia2022,1
Miellieur application,1,0,0,0,dataset_apia2022,1
"Je fais de la marche et j'aimais bien cette application. Seulement voilà, toutes mes séances mensuelles ont été supprimées. Seules ne restent que les 30 derniers jours. Vraiment pas cool.  Pendant qu'ils y sont, ils n'ont qu'à enlever tous les contacts. Seulement 3 étoiles.",1,0,1,1,dataset_apia2022,1
"*À l'attention de l'équipe de développement de l'application Samsung Health.* J'aimais beaucoup l'application auparavant... Mais depuis la dernière mise à jour, je regrette fortement la disparition de la gestion du poids et la consommation quotidienne de caféine... Aussi, je suis moins fan des nouvelles couleurs... J'espère sincèrement revoir les 2 fonctionnalités citées ci-dessus lors de la prochaine mise à jour. Merci d'avance. Mame CAMARA",1,0,1,0,dataset_apia2022,1
"Pourquoi avoir supprimé la gestion du poids ? Du coup, j'ai réinstallé une ancienne version...",0,0,1,0,dataset_apia2022,1
👨‍👩‍👦‍👦 much,1,0,0,0,dataset_apia2022,1
"Bien, manque l historique détaillé",1,0,1,0,dataset_apia2022,1
Super pratique et facile,1,0,0,0,dataset_apia2022,1
Super pour mes rando.,1,0,0,0,dataset_apia2022,1
"J'ai utilisé cette appli pendant 3 ans j'ai adoré. Le fait de garder les stats pour toutes mes activités (ski de fonds, vélo, marche et course) était un plus. Jusqu'à ce qu'on me demande à la suite d'une mise à jour l'accès à ma ligne téléphonique...vraiment !!!??? J'ai tout désinstallé. Dommage.",1,0,1,1,dataset_apia2022,1
Pourquoi le Spo2 ne marche pas sur le S9 plus il marchait très bien sur le S7 edge dommage,0,1,0,0,dataset_apia2022,1
"Pourrait on rajouter le spinning dans le choix des exercices, svp?",0,0,1,0,dataset_apia2022,1
Encore beaucoup trop de bugs !,0,1,0,0,dataset_apia2022,1
Elle ne fonctionne plus,0,1,0,0,dataset_apia2022,1
Très bonne application. Un bémol pour le suivi de la glycémie,1,0,1,0,dataset_apia2022,1
Application au top qui fonctionne sans problème.,1,0,0,0,dataset_apia2022,1
I enjoy this nice application,1,0,0,0,dataset_apia2022,1
Impossible d ouvrir l appli sur mon Huawei mate 20 pro,0,1,0,0,dataset_apia2022,1
"Bonne application, dommage que tout les plats ne sois pas identifier. Peut être rentrer comme concombre à la crème ou plein de plats que l'on pourrait rentrer nous même, même si dans l'instant présent ça nous met 0 kcal une étude pourra être faite pour savoir combien ça fait. Dans un futur proche tout les plats seront rentrer . Pour le someil un petit temps de retard par rapport à l'arrêt du téléphone et l'heure du coucher, de même pour le réveil d'ailleurs. Sinon application presque parfaite.",1,1,1,0,dataset_apia2022,1
Nul tout à changer alors qu'au début c'était très bien. Impossible de retrouver randonnée et marche Nul nul nul,1,0,1,0,dataset_apia2022,1
"Ne fonctionne plus depuis la mise a jour Android 12. Avant il fonctionné bien, plus maintenant. Il ne démarre plus et n'indique plus les pas..... Au lieu de faire simple ils nous complique la vie....",0,1,0,0,dataset_apia2022,1
Il manque le suivi de la température corporelle,0,0,1,0,dataset_apia2022,1
Toujours l'application ne fonctionne pas sur mon note 5,0,1,0,0,dataset_apia2022,1
Une application généralement très bien,1,0,0,0,dataset_apia2022,1
"Vraiment une très bonne application et la connection avec une montre est 
hyper facile, je recommande.",1,0,0,1,dataset_apia2022,1
"super application, permet des challenges avec amis, je l'utilise pour mes sessions de course très fiable",1,0,0,1,dataset_apia2022,1
ne compte pas les pas malgré haute définition gps donc je desinstalle et je réinstalle mais c est la dernière fois la prochaine désinstallation sera DEFINITIVE,0,1,0,0,dataset_apia2022,1
Cette appli prends bien en compte les trajets et son système de défi permet de bien se motiver à marcher.,0,0,0,1,dataset_apia2022,1
"Nul. Demande de mille autorisations, obligation de créer un compte, c'est quoi votre problème les développeurs ?",1,0,1,0,dataset_apia2022,1
"Une nouvelle version qui ne me convient plus du tout (gestion du poids,...) et qui se met à planter plusieurs fois par jour 😡 et à surconsommer 😡 ! Au point que mon Samsung A6 me conseille de desinstaller SHealth pour gagner en autonomie !!! Est-ce la fin de vie d'une application qui était pourtant si pratique et qui me motivait à garder des Samsung ?.... 😔 Et aucune réponse des développeurs !.... N'arrive même plus à la cheville de Google Fit qui le remplace avantageusement !",1,1,0,0,dataset_apia2022,1
il Faudrai qu'on puisse rajouté nous même des aliments avec les infos nutritionnelles pour enrichir la base de donnée,0,0,1,0,dataset_apia2022,1
"Ce compteur est pas fiable , en faisant la même distance il ne me donne jamais les mêmes chiffres",0,1,0,0,dataset_apia2022,1
Je suis déçue de cette application car il ne comptabilise pas tous mes pas malgré que je ne sois pas en pause ! Je pense que je vais l'enlever...,1,1,0,0,dataset_apia2022,1
Très bonne appli mais en ce qui concerne le suivi pour le sport et bien on le sort et il se met en pause automatique alors que il était bien en marche au moment où on le sort,1,1,0,0,dataset_apia2022,1
c 'est un tres bonne application.,1,0,0,0,dataset_apia2022,1
trop d'annonçes...dommage,0,0,1,0,dataset_apia2022,1
Fonctionne très mal et jamais quand on le souhaite,1,0,0,0,dataset_apia2022,1
Top pour bouger en s'amusant,0,0,0,1,dataset_apia2022,1
Très déçue par la suppression de la gestion du poids ! Je ne comprends pas pourquoi ce paramètre a été enlevé c'est surtout lui qui m'intéressait. Je vais peut-être me tourner vers une autre application. Et en plus maintenant la plupart des aliments affichent 0 calories. Ça devient du grand n'importe quoi !,1,0,1,0,dataset_apia2022,1
"Je l utilise depuis un certain temps et j en suis content. Sa motive pour 
ce bouger. Relativement précis.",0,0,0,1,dataset_apia2022,1
"Idem ! Depuis la mise à jour, c'est horrible ! Je désinstalle cette application sur le champ ! Très déçu de cette mise à jour inutile !",1,0,0,1,dataset_apia2022,1
Bonne application et complète. Manque juste la possibilité de scanner les produits qu'on mange pour les trouver plus vite. Et il manque aussi la fonction recherche dans les favoris.,1,0,1,0,dataset_apia2022,1
Impossible d'ouvrir l'application depuis la dernière mise à jour Me demande de mettre à jour les paramètres et je ne vois pas où est le problème,0,1,0,0,dataset_apia2022,1
Je ne comprends pas juste avant la mise à jour de mon Samsung l'appli Samsung health disposait d'une coach parlant Francais depuis celle-ci parle en Anglais pourquoi ? Et il n'y a pas de possibilité de changer c'est anglais ou anglais .Désespérant.,1,1,0,0,dataset_apia2022,1
"Une super application pour l'activité quotidienne. Je met 5 étoiles mais 
j'aurai aimé un relevé cardiaque avec la Gear sur routes les activités 
sportives. Pour ka Gear manque des choix d'activité. Sinon on s'occupe se 
rien la meilleure application sur Android.",1,0,1,1,dataset_apia2022,1
Depuis nouvelle maj nul ne fonctionne plus et plus de mesur de poids,1,1,0,0,dataset_apia2022,1
Je suis contente d'avoir cette application qui m'aide à prendre soin de moi.Cest 100 fois mieux qu'un coach personnalisé. Depuis que je l'utilise chaque mon bien être gagne en étoiles 😍😎🤩,1,0,0,1,dataset_apia2022,1
Correct,1,0,0,0,dataset_apia2022,1
"Depuis la mise à jour, impossible de me reconnecter avec le code envoyé par SMS pour la double vérification de sécurité. Comment puis-je faire ?",0,1,0,0,dataset_apia2022,1
"Appli simple et fun pour un suivi sportif, juste un petit bugg avec la roulette de l IMC qui reste dans le orange alors que l IMC est normal.",1,1,0,0,dataset_apia2022,1
Motivante,1,0,0,0,dataset_apia2022,1
"La nouvelle M.à.J. a enlevé plusieurs fonctionnalités du tracking des repas, ainsi que plusieurs autres fonctions. -On ne peux plus voir les macronutriments -Les trois options de collations ont été mises en une -Nous ne pouvons toujours pas planifier nos repas à l'avance Je ne comprends pas pourquoi chaque nouvelle M.à.J. de cette application enlève des fonctionnalités. Elle devrait laisser plus d'options et de manoeuvrabilité, non en enlever!",0,0,1,0,dataset_apia2022,1
motivation simplicité,0,0,0,1,dataset_apia2022,1
Se déconnecte sans arrêt et sans raison: aucune fiabilité des données de marché enregistrées.,0,1,0,0,dataset_apia2022,1
Très bonne application de suivi facile d'utilisation et pratique.,1,0,0,1,dataset_apia2022,1
Bonne appli mais il manque un mode triathlon.,1,0,1,0,dataset_apia2022,1
Très belle application motivante. Mais juste peu mieux faire. En matière de qualité des offres. Et de gadgets,1,0,1,0,dataset_apia2022,1
Application extraordinaire très efficace je fais toujours la marche pour atteindre le nombre de pays exigé.,1,0,0,1,dataset_apia2022,1
"Nul. Depuis le S20 il n'y a plus de possibilité de prendre son rythme cardiaque avec Samsung Health, plus de capteur. Si c'est pour qu'on achète un accessoire alors c'est un mauvais calcul, je renvoie mon S20 !",1,0,1,0,dataset_apia2022,1
J'adore! ☺,1,0,0,0,dataset_apia2022,1
"J'aime cette application ,cependant elle pourrait étre plus interactive ..avec plus de défis du jour par exemple .. De plus les défis du mois ont les mêmes illusrtrations que l'an dernier ...un peu décevant.",1,0,1,1,dataset_apia2022,1
Impossible de voir le parcour,0,1,0,0,dataset_apia2022,1
"Application qui motive pour pratiquer un sport. Je marche en moyenne 1h/jour en plus ,je pratique la natation.",0,0,0,1,dataset_apia2022,1
Bien mais perfectible,1,0,0,0,dataset_apia2022,1
Je ne sais pas pourquoi mais l'application bloque au moment du lancement depuis quelques mois et ça énerve puis que j'avais pris un bon rythme puis rien n a voulu fonctionné Puis je avoir plus d'informations s'il vous plaît,0,1,0,0,dataset_apia2022,1
Dommage que le suivie de caféine soit supprimé je retires des étoiles pour ça,1,0,1,0,dataset_apia2022,1
Je peux courrir 10kms,0,0,0,1,dataset_apia2022,1
"Nombres de pas biaisés depuis la dernière mise à jour. Bizarre pour le même trajet je fais moins de 2000 pas, resolvez le pb *galaxy s7",0,1,0,0,dataset_apia2022,1
"Ne fonctionne plus, ne compte pas me pas. j'ai été obligé de le desinstaler ,je ne trouve pas la panne j'ai changé d'application.",1,1,0,0,dataset_apia2022,1
plus moyen d'avoir une version qui fonctionne sur le galaxy s9 pas de réponse des développeurs ... suis juste deg de ne plus pouvoir suivre l'évolution de mes progrès !!!,0,0,1,0,dataset_apia2022,1
Bon pour votre santé. Toujours de beaux défits pour atteindre des scores élevés et vous permet de vous auto évaluer et de vous comparer avec d'autres utilisateurs. Merxi Samsung Health,1,0,0,1,dataset_apia2022,1
Très déçu d avoir perdu le service poid C'est très dommage. Une MAJ régressive! Ne venez pas nous pondre une application payante pour remplacer. Je ne serai pas client !,1,0,1,0,dataset_apia2022,1
Super motivation. ...,1,0,0,0,dataset_apia2022,1
"Sympa , motivant pour marcher plus chaque jours",0,0,0,1,dataset_apia2022,1
Connexion Fitbit impossible :(,0,1,0,0,dataset_apia2022,1
toooooooooop,1,0,0,0,dataset_apia2022,1
Impossible à utiliser car exige de partager des données personnelles ce qui n etait pas le cas avant dommage,0,0,1,0,dataset_apia2022,1
Impossible de l ouvrir cause téléphone rooté. Ce n est pas le cas pourtant. Vite une mise à jour svp,0,1,0,0,dataset_apia2022,1
"Bonjour, j'utilise régulièrement l'application et j'apprécie fortement l'utilisation de la fonction stress que je ne retrouve plus sur mon nouveau téléphone le s21+ y a-t-il une possibilité de pouvoir reprendre les mesures puls et oxygène avec ce téléphone ?",0,0,1,0,dataset_apia2022,1
Très utile.,1,0,0,0,dataset_apia2022,1
Le mellieur app,1,0,0,0,dataset_apia2022,1
J'aime pas trop la nouvelle mise à jour psk je ne peux pas voir la courbe de poids en semaine ou bien mois,1,0,1,0,dataset_apia2022,1
"La nouvelle VERSION (16/01/2021) retire beaucoup de chose en terme de présentation des résultats en particulier les moyennes par semaine et par mois. Nous nous retrouvons à voir uniquement les jours (sauf pour les activités sportives)! Résultat, je ne peux plus présenter à mon médecin ma glycémie ou l'évolution de mon poids au cours des derniers mois! Ancien com: super appli. il n y a que l'export qui soit assez pénible mis a part ça elle fait tout. j'aurais voulu que d'autre appli se rendent plus compatible avec elle.",1,0,1,1,dataset_apia2022,1
"Depuis plus d'une semaine, impossible de voir mon type de sommeil par nuit . J'ai juste heure du couché et de mon lever. Avant mon sommeil était en graphique avec la durée du sommeil léger- profond - paradoxal. Pourtant je n'ai rien touché. Comment faire pour avoir comme avant ?? Merci",0,1,1,0,dataset_apia2022,1
Génial selon bémol on ne peut pas suivre les entraînements via la télé. Se Serait top d'avoir cette fonctionnalité,1,0,1,0,dataset_apia2022,1
La gestion des repas/calories fonctionne bien et est intéressante. mais malheureusement la fonction de comptage de pas s arrête sans qu on sache pourquoi alors que j en bien besoin pour mesurer la dépense calorique. Vraiment dommage je désinstalle et je vais en chercher une autre,1,1,0,0,dataset_apia2022,1
"Impossible de se connecter, même avec des comptes et mdp corrects. L'application lance la page de connexion indéfiniment quand on essaye de se connecter.",0,1,0,0,dataset_apia2022,1
Satisfait par l'application elle même ... Mais devenue trop gourmande en énergie en tâche de fond. Je désinstalle avec regret,1,0,1,0,dataset_apia2022,1
L'interface est moins sympa. On ne peut plus avoir en accès rapide ses sports préférés. Le lien vers les méthodes de respiration ne fonctionne pas,0,1,1,0,dataset_apia2022,1
👍🏻👍🏻👍🏻,1,0,0,0,dataset_apia2022,1
très facile et ludique elle incite a prendre sa santé en mains,1,0,0,1,dataset_apia2022,1
"Avec la mise à jour perte des données d'entraînement au delà de 30 jours. Tous les entraînements, traces GPS, performances sont perdus.",0,1,0,0,dataset_apia2022,1
"Beaucoup de bug. Je pars en randonnée, je lance l'entraînement, je remplis les objectifs... et je regarde le nombre de pas ''zéro''. Obligé de redémarrer mon portable Samsung et ça repars. Marre car je ne peux jamais gagner les challenges si à chaque fois mes pas ne sont pas comptés.",0,1,0,0,dataset_apia2022,1
"Depuis la dernière maj impossible d'avoir l'analyse du sommeil. Ça marque juste : '' avez vous bien dormi de....à... H? '' ça fait plus de 3 semaines ( 25 février). Très mécontente car j'en ai vraiment besoin comme beaucoup d'autres commentaires faites une maj, réagissez svp. Merci",0,0,1,0,dataset_apia2022,1
Pas très juste exemple :ce jour j'ai marché 3h et l'application me dit que j'ai marché 45 minutes !!!!,0,1,0,0,dataset_apia2022,1
Simple et pratique,1,0,0,0,dataset_apia2022,1
Ne se lance plus .écran blanc qui tourne sans cesse.android 10 Solution lancée sans se connecter et après dans menu rajouter son compte...,0,1,0,0,dataset_apia2022,1
Déçue Depuis la dernière mise à jour l application ne fonctionne plus malgré que je l ai desinstallé et réinstallée,1,1,0,0,dataset_apia2022,1
La gestion du poids était la partie la plus intéressante de cette appli. Elle a été malheureusement supprimée avec la dernière mise à jour du logiciel. Vraiment dommage...,1,0,1,0,dataset_apia2022,1
"Génial, un vrai plaisir d'y aller chaque jours et de voir ma progression 
aussi bien en terme de nutrition que tout ce qui concerne le sport.",1,0,0,1,dataset_apia2022,1
Super application pour le sport je la recommande vivement merci.,1,0,0,1,dataset_apia2022,1
Très bien situé,1,0,0,0,dataset_apia2022,1
"C'est une application génial très bien conçu ne changer rien, il manque 
juste un bouton pour calculer ça pression artérielle ..",1,0,1,0,dataset_apia2022,1
"Je suis satisfait par l'ancienne version. Mais depuis la mise à jour de janvier 2021, je n'arrive plus à obtenir les mêmes renseignements sur la marche la course à pied. Je vais rejeter cette application comme beaucoup d'utilisateurs et trouver une application conccurente. Si vous remettez l'ancienne version, je la recharge. Sinon tchao.",1,0,1,0,dataset_apia2022,1
Je ne suis plus capable d'ouvrir l'application Samsung elle me dit que je ne suis plus connecté je me suis reconnecter sur le compte Samsung et ça ne fonctionne pas plus,0,1,0,0,dataset_apia2022,1
"Je n arrive pas a voir combien de temps j'ai marché . Je vois juste les 
calories et les pas et rien d autre",0,1,0,0,dataset_apia2022,1
"une application qui vous encourage à être plus actif. Merci aux developpeurs,",0,0,0,1,dataset_apia2022,1
"Superbe application, très complète et utile au quotidien tout comme pour les sportifs, je ne m'en passe plus",1,0,0,1,dataset_apia2022,1
La dernière version ne permet plus de mesurer le rythme cardiaque. J'ai dû télécharger une autre application et reporter la donnée dans les données personnelles de Samsung,0,0,1,0,dataset_apia2022,1
On nous a enlevés la fonction de saturation d'oxygène au Canada. Samsung me répond que cette fonction n'est plus disponible ici. Faut croire qu'on achète un téléphone en haut de 1000$ pour certaines features et on nous les enlève en claquant des doigts. J'ai été chercher le apk de l'ancienne version sur Google. Vraiment insatisfait de votre part.,1,0,1,0,dataset_apia2022,1
"Le calcul de pas n'est pas fiable, même si l'application est arrêtée, les 
pas s'accumulent et même lorsque qu'on est dans un véhicule !?!?",0,1,0,0,dataset_apia2022,1
très bonne application pour l'encouragement à la pratique du sport,1,0,0,1,dataset_apia2022,1
Pouvez vous remettre la fonctionnalité de gestion du poids svp?,0,0,1,0,dataset_apia2022,1
"Elle est bien dans l'ensemble. Mais dans les activités, ce serait bien de rajouter l'équitation. Car oui c'est un sport, et quand je monte je dois avoir mon téléphone sur moi. Ma montre ne suffit plus",1,0,1,0,dataset_apia2022,1
Les pas ne sont plus comptés...,0,1,0,0,dataset_apia2022,1
Génial pour la vie,1,0,0,0,dataset_apia2022,1
Fantastique! Je fais de l'exercice depuis que j'ai commencé avec l'app...,1,0,0,1,dataset_apia2022,1
Simple,1,0,0,0,dataset_apia2022,1
J ai utilisé régulièrement cette application jusqu'à la mise à jour et la ce matin reprise pour moi l application n arrete pas de me dire que l entrainement a été interrompue malgré mes multiples tentatives l entrainement s interomp tout les kilomètres et il faut cliquer sur reprendre. J espère que le problème va disparaître rapidement,0,1,0,1,dataset_apia2022,1
"Dommage que sur la nouvelle version, il n'y a plus la moyenne du poids à la semaine et au mois.",0,0,1,0,dataset_apia2022,1
Cette application m'a permis d'être plus actif et d'ameliorer ma santé.,0,0,0,1,dataset_apia2022,1
huuuuuuummmmmmm trop fan,1,0,0,0,dataset_apia2022,1
Toute les bonnes fonctionnalités qui valait le coup d être télécharger n existe plus,1,0,0,0,dataset_apia2022,1
J'ai aime,1,0,0,0,dataset_apia2022,1
Où est passée la gestion du poids ? La nouvelle mise à jour de cette application vient de la ruiner. Dommage pour une application qui m'a beaucoup aidée et que j'appréciais beacoup. Je changerai mon avis si les choses changent mais pour l'instant elle ne vaut pas mieux qu'aucune autre application de santé bas de gamme.,1,0,1,0,dataset_apia2022,1
"Appli de décompte des pas assez médiocre : 2 téléphones dans la même poche 
avec l'application donnent des résultats différents. Ne sait même pas faire 
une règle de trois : les moyennes sont fausses ! Je ne l'utilise que parce 
que les autres applications ne sont pas meilleures..",1,1,0,0,dataset_apia2022,1
"Bonsoir, Très déçue depuis la dernière MAJ plus rien ne marche !! Décevant..!!",0,1,0,0,dataset_apia2022,1
Il n'est pas normal que ce genre d'application exige des autorisations d'accès au journal d'appel etc...,0,0,1,0,dataset_apia2022,1
"Très bonne application j'adore elle me permet de suivre mes calories brûlées, mes pas et elle me permet de voir la distance que j'ai parcouru",1,0,0,1,dataset_apia2022,1
"Problème de synchronisation. Ma montre compte 10000 pas mais quand je la synchronise à l'appli, celle-ci n'affiche que 8000 pas. En gros, à moins que la montre soit CONSTAMMENT connectée au téléphone, peu importe le nombre de pas qu'elle comptabilise, l'application affichera un nombre different. Ce qui fausse le total à la semaine et au mois, la moitié des pas n'étant pas pris en compte.",0,1,0,0,dataset_apia2022,1
J'ai changé de montre du coup ma nouvelle n'est pas compatible avec l'application je suis vraiment dégoûté.,1,1,0,0,dataset_apia2022,1
Application non utilisable,1,0,0,0,dataset_apia2022,1
"bien, ça m'a permis de le remettre en forme, mais j'ai une requete: Compter les etages/marches d'escaliers",0,0,1,1,dataset_apia2022,1
il faudrait améliorer la courbe de restitution du rythme cardiaque. il faudrait arriver a lire toutes les données,0,0,1,0,dataset_apia2022,1
"Application parfaite, manque une fonction pour pouvoir lire les codes barres, comme l'application Yuka, et aïs in être sur du produits. Merci",1,0,1,0,dataset_apia2022,1
"Quand vous remettez la gestion du poid, je réinstallerai cette appli",0,0,1,0,dataset_apia2022,1
L'application ne fonctionne plus aussi bien depuis la nouvelle mise à jour. A part calculer les pas impossible de faire autre chose. Pour moi il est impossible même de changer l'activité. Mon conjoint à le même les mise à jour son faites de plus.,0,1,0,0,dataset_apia2022,1
"J'utilise cette appli, associée à une Galaxy watch, pour les programmes de coaching. Ce qui est gênant c'est que pour avoir le retour vocal des différentes paliers d'une séance, il faut activer les messages d'entraînement, du genre ""souriez si vous le pouvez"". Et ca je m'en passerais bien !",0,0,1,1,dataset_apia2022,1
cool !!,1,0,0,0,dataset_apia2022,1
"depuis la mise à jour, le compte des pas ne fonctionne plus comme il faut",0,1,0,0,dataset_apia2022,1
Very useful. Sometimes complicated to navigate on.,1,0,1,0,dataset_apia2022,1
"Sur mon nouveau téléphone note 20, je ne trouve plus le bouton ""mesurer"". Comment régler ce problème? Merci",0,0,1,0,dataset_apia2022,1
Le bilan énergétique a disparu. C'était le principal attrait pour moi. Déçue 😕,1,0,1,0,dataset_apia2022,1
Très bon application 9 / 10,1,0,0,0,dataset_apia2022,1
GOOD,1,0,0,0,dataset_apia2022,1
"Pratique pour gérer les calories consommées, mais aucun suivi du poids n'est disponible et elle ne se synchronise pas avec ma montre Amazfit GTR. Donc peut beaucoup mieux faire...",0,0,1,1,dataset_apia2022,1
Ne calcule pas les pas correctement,0,1,0,0,dataset_apia2022,1
Après une mise à jour je n'ai plus accès à appli Sa me mets un code interminable je voudrais savoir comment je peux régler le souci,0,1,0,0,dataset_apia2022,1
J'arrive à régler mon routine quotidien et à surveiller ma santé grâce à cette app là!! Vraiment elle est devenue incontournable pour moi. Edit: depuis la dernière mise à jour de mi janvier j'arrive à avoir des problèmes concernant la non fonctionnalité des notifications et le blocage de l'app à cause de ce dernier 😤😡 c ennuyant,0,1,0,1,dataset_apia2022,1
"Super appli, motivante avec montre connectée. Donner des idées de menus pour manger équilibré serait un plus.",1,0,1,1,dataset_apia2022,1
"Bonne application mais elle consomme beaucoup de batterie, en plus je ne peux pas changer les informations d'utilisateur",1,0,1,0,dataset_apia2022,1
La synchronisation avec strava ne fonctionne plus !!!,0,1,0,0,dataset_apia2022,1
Appli agréable et ludique. Je l'utilise tous les jours.,1,0,0,0,dataset_apia2022,1
"Que du positif! Cette app est parfaite dans son intégralité! Je n'irai même pas songer à essayer une autre, je suis totalement satisfaite",1,0,0,0,dataset_apia2022,1
Rassurant,1,0,0,0,dataset_apia2022,1
y en a marre de vos mises à jour qui ne tiennent pas la route ça fait 2 fois que ça ne marche pas 😤,0,1,0,0,dataset_apia2022,1
J'aime moyennement,1,0,0,0,dataset_apia2022,1
"Les mises à jour installees automatiquement suppriment des fonctionnalités. Ainsi par exemple pour le suivi du poids, les moyennes ont disparues au profit de l affichage des seules variations ponctuelles. Ce qui est aberrant car une perte de poids n est jamais linéaire",0,0,1,0,dataset_apia2022,1
Je n'est pas reçu mon récapitulatif hebdomadaire comment ça se fait ??,0,1,0,0,dataset_apia2022,1
Erreur sur les calories comment gérer cela,0,1,0,0,dataset_apia2022,1
Des beugues enregistrés recemment sur le suivi gps du positionnement.,0,1,0,0,dataset_apia2022,1
Depuis la version été 2021 ça ne comptabise que la moitié de mes pas ! Je vais changer d'application dommage car j'aimais bien les défis entre amis,1,1,0,0,dataset_apia2022,1
"Trop intrussif depuis la dernière maj, je change",1,0,0,0,dataset_apia2022,1
Bonjour... je réitère... pas contente du tout de la nouvelle mise à jour... du coup j'ai désinstallé... Merci à Samsung de bien vouloir répondre à ses clients mécontents... ce serait la moindre des choses ! et merci de remettre cette application comme avant 🙂,1,0,1,0,dataset_apia2022,1
"Ça commence à devenir chiant ,mise à jour et que fait jamais mise à jour. Si ça continue je de'sinstalle.",1,1,0,0,dataset_apia2022,1
"Depuis la dernière mise à jour, je reste sur 0 pas. Et je m'en servais pour suivre les moments d'exercice, de marche donc elle me devient inutile...",0,1,0,1,dataset_apia2022,1
Regroupe bien tout les critères pour étudier et suivre son corps et fitness. reste les repas qui s'ajoutaient avant et plus maintenant et ça c'était mieux avant.,0,0,1,1,dataset_apia2022,1
pourqoi je peux pas faire sur un telephone rooté,0,0,1,0,dataset_apia2022,1
Superbe application !,1,0,0,0,dataset_apia2022,1
Super comme appli. Et puis le faire avec ses amis c'est encore plus convivial,1,0,0,1,dataset_apia2022,1
amusant,1,0,0,0,dataset_apia2022,1
"Depuis la dernière mise à jour on ne peut plus compter les pas juste avec le téléphone, l'appli ne prend en compte que ceux de la montre connectée même en sélectionnant '' tous les pas'', très déçue !",0,1,0,0,dataset_apia2022,1
Très pratique et facile dutilisatipn,1,0,0,0,dataset_apia2022,1
"Les pas ne sont pas toujours comptabilisé, c'est dommage",0,1,0,0,dataset_apia2022,1
"Génial !!! Si on peut rajouter des programmes sportifs complets, ce serait bien.",1,0,1,0,dataset_apia2022,1
Pas mal il m'aide à garder la force,1,0,0,1,dataset_apia2022,1
J'aime beaucoup mais vous devez bannir les tricheurs,1,0,1,0,dataset_apia2022,1
Je recommande vivement cette application,1,0,0,0,dataset_apia2022,1
le nombre de pas ne correspond pas avec le nombre de km,0,1,0,0,dataset_apia2022,1
L'exercice de respiration ne fonction plus depuis les dernières mises à jour.,0,1,0,0,dataset_apia2022,1
Graphiques for weight must change,0,0,1,0,dataset_apia2022,1
"Parfais formidable راءع جدا يحسب كل شي خطوات ورياضة والايروبيك واليوجا 
وموسيقا ورقص وحتى الاكل ونضامو",1,0,0,0,dataset_apia2022,1
mise a jour août 2021...toujours pas d'ecg sur la galaxy watch 3 sans les téléphones autre que samsung Nouvelle mise à jour en mai 2021 et toujours rien concernant l'ecg si nous n'avons pas de téléphone samsung !!! C'est vraiment de la vente forcé !! 1 mars 2021 Honteux !! Impossible d'avoir l'ecg sur la galaxy watch 3 sans un téléphone de la marque samsung !!! C'est un peu abusé ou les ingénieurs ne sont pas très bons...,1,0,1,0,dataset_apia2022,1
L'application a un problème d'ouverture depuis la mise à jour. Quand est-ce que ce problème sera résolu ?,0,1,0,0,dataset_apia2022,1
Utile pour garder la forme. Ils doivent réinclure la mesure de la saturation,0,0,1,1,dataset_apia2022,1
Très bien en vélo en marche à pied excellent.,0,0,0,1,dataset_apia2022,1
Bien conçu et ludique,1,0,0,0,dataset_apia2022,1
pas de partage de suivi,0,0,1,0,dataset_apia2022,1
toop,1,0,0,0,dataset_apia2022,1
Parfait pour ma santé,1,0,0,0,dataset_apia2022,1
"The minute you stop biking, so does the app. Not accurate at all.",0,1,0,0,dataset_apia2022,1
Application qui ne compte plus les pas au bout d'une semaine d'utilisation,0,1,0,0,dataset_apia2022,1
Cette appli est sympa et bien organiser cependant hier une chose ma énerver il m'a était proposer des recettes vegan et je ne comprend pas comment on peut soutenir ce mouvement stupide et en faire la publicité je trouve ça inacceptable. Que l'on propose des recettes diététique et en adéquation avec le sport ok le principe et super mais proposer des recette vegan non car tout le monde n'est pas d'accord avec cet effet de mode ridicule.,1,0,1,0,dataset_apia2022,1
Très bon suivi pour rester au top de sa forme. Garder une bonne motivation au quotidien,0,0,0,1,dataset_apia2022,1
Il y a un problem avec apli,0,1,0,0,dataset_apia2022,1
Depuis la dernière MAJ plus possible d'ouvrir l'appli. J'ai désinstallé puis réinstaller. Rien ni fait. Impossible de l'ouvrir.,0,1,0,0,dataset_apia2022,1
"Aucune évolution ! Impossible de faire du fractionné, pas de swim run, pas de compatibilité avec du matériel extérieur (ceinture cardio, foot pod....), enfermer dans son environnement, pas de partage avec d'autres appli Bref, que de critères rédhibitoires pour acheter une watch... Même la 4 Du gâchis qu'un si grand groupe ne s'intéresse, finalement, absolument pas aux sports et aux attentes de leurs utilisateurs sportifs. Je vais rester sur Garmin pour mes utilisations spécifiques sports.",1,0,1,0,dataset_apia2022,1
Très bien. Ça serait très bien de pouvoir rentrer manuellement l'oxygène dans le sang et autre pour ceux qui ont les appareils de mesure sans être obligé de passer par le capteur du téléphone qui quelques fois ne capte rien du tout,1,0,1,0,dataset_apia2022,1
"Due to the fast and many times asymptomatic development of Covid-19, SpO2 measurements could once again be provided as its own function. A well-written disclaimer with all legal technicalities can be expected by us, users, of course... But this solution could help warning people about their health status. Kind regards,",0,0,1,0,dataset_apia2022,1
trop excellent je conseil fortement,1,0,0,0,dataset_apia2022,1
Obligé d'authoriser l'application à passer des appels pour pouvoir l'utiliser sur un comptage de pas... c'est inadmissible ! Désinstallé sur le champs,1,0,1,0,dataset_apia2022,1
Bonjour j'aime cette application mm si la communauté a disparu par contre je voudrais savoir pourquoi mon nom et mon prénom apparaissent sur les listes d'amis j'aimerais savoir comment remédier à cela je veux la confidentialité MERCI de me répondre et me dire comment je dois faire,1,0,1,0,dataset_apia2022,1
"Depuis la mise à jour du 1er avril 2020, l'application se plante dès que je la mets en route",0,1,0,0,dataset_apia2022,1
Je n aime pas du tout la nouvelle version il demande sans arrêt des autorisations l utilisation était beaucoup plus simple avant la dernière mise à jour et donc je vais la desinstaler.,1,0,1,0,dataset_apia2022,1
Sublime,1,0,0,0,dataset_apia2022,1
"Application efficace, un bon suivi et avec de la rigueur, très complète",1,0,0,1,dataset_apia2022,1
"J étais super contente de cette application mais depuis la mise à jour 
impossible d avoir le GPS. Donc je ne vois plus mon parcours ce qui m 
aidait énormément dans les chemins pédestres. Quelqu' un aurait il la 
solution merci d avance",1,1,0,0,dataset_apia2022,1
Depuis la Maj je ne peux plus me connecter à mon compte Samsung,0,1,0,0,dataset_apia2022,1
"Depuis la mise à jour, impossible d'accéder à l'enregistrement de mon sommeil alors que le reste fonctionne, sachant que, faisant de l'apnée du sommeil, c'est l'une des raisons pour lesquelles j'ai acheté ma Galaxy Watch 3 qui coûte un bras voire 2 🤬",0,0,1,0,dataset_apia2022,1
"Super appli, mais regarder le nom des premiers du défie global septembre et les photos il ny a pas un problème ?!?",1,0,1,0,dataset_apia2022,1
"Le gros bémol pour moi dans l'application lors de la synchronisation de ma montre est qu'il n'y a pas de traçage ECG , juste une courbe avec des point,un pour la moyenne plus basse et un autre pour la moyenne plus haute..j'ai une prise de pulsation toutes les 10 min et quant je fait mon sport je le laisse en continuité justement pour avoir un suivie mais cela ne ressort en rien mon traçet fréquence coeur...domage car c'est à la base le but du connecté..avoir son tracet cardio!!",0,0,1,0,dataset_apia2022,1
"0 depuis qu'il n'est plus possible de modifier les heures de début et de fin de sommeil enregistré par une galaxy watch. La montre détecte du sommeil quand je regarde la Tv. Donc pas début à 21h00, mais 0h00. Avant on pouvait corriger via un curseur.",1,0,1,1,dataset_apia2022,1
Les pas sont mal comptés depuis quelques semaines. Je change de podomètre. Dommage.,1,1,0,0,dataset_apia2022,1
J'adore le défi du mois....,0,0,0,1,dataset_apia2022,1
"Fonctionnait très bien avec mon S7, mais depuis que j'ai le s10e, ne comptabilise plus mes pas correctement. On a fait 1 marche de 8km (trails balisés) et n'a comptabilisé que 7kms100... très moyen",0,1,0,1,dataset_apia2022,1
Impossible d'ouvrir l'application sur mon Huawei p30 pro. Application qui plante sans cesse.. Déjà essayé de desinstallé réinstaller mais rien y fait.. Help,0,1,0,0,dataset_apia2022,1
Très sympa pour suivre notre activité quotidienne,0,0,0,1,dataset_apia2022,1
"J'aimerais avoir de la diversité dans les dents, pas juste un nombre de pas par mois.",0,0,1,0,dataset_apia2022,1
pratique et motivante,1,0,0,0,dataset_apia2022,1
"Bien, pratique pour info",1,0,0,0,dataset_apia2022,1
Bug lors du changement de la tendance des pas.,0,1,0,0,dataset_apia2022,1
"Bonjour la nouvelle mise à jour à complètement beugué toute les fonctionnalités de mon Samsung Note .J'avais cru que mon téléphone étais HS. Il s'allument plus .et quant il se allumait il coupait de un seul coup.mon écran indiquait Android indisponible. Dès que je ai désactivé cette application,mon téléphone fonctionne normal pour le instant.",0,1,0,0,dataset_apia2022,1
"Impossible de se.connecter , le chargement tourne en boucle",0,1,0,0,dataset_apia2022,1
"très bonne application pour avoir un suivi quotidien de ce que l'on fait. seul bémol c'est qu'on ne peut pas enregistré manuellement la durée de l'activité physique que l'on vient de faire par exemple on a fait une 1h de tennis sans notre portable, celle ci ne sera pas comptée sauf si on lance le chrono de l'activité pendant le temps de la pratique ce qui affecte notre batterie",1,0,1,1,dataset_apia2022,1
Le livreur est arrivé avec une heure de retard.,0,1,0,0,pilote_client,0
